S01D00006D746B335F72613870315F656B5F776173705F72312E7372656332
S3150200000020C100224532000249300002413200027C
S315020000104132000241320002413200024132000204
S315020000200000000000000000000000004132000253
S315020000304132000200000000413200024132000259
S31502000040A1230002E5230002A12900028918000269
S31502000050F51D00026D1D0002691E0002A11E0002AE
S31502000060F51D00026D1D0002691E0002A11E00029E
S31502000070F51D00026D1D0002691E0002A11E00028E
S31502000080000000000000000018000022000000002E
S315020000900000000000000000E0E50322000018A0B6
S315020000A000000000000000000000000010400000F8
S315020000B010C21000108100000000000001030000C1
S315020000C0FD6700021E0000000002000000000000A2
S315020000D00000000001030000DD69000208000000C4
S315020000E000040000000000000000000008000000FC
S315020000F0000000000000000001030000996A0002EF
S3150200010005000000000400000000000000000000DE
S3150200011001030000956C00020C00000000040000C0
S31502000120000000000000000001030000A16D0002B3
S315020001300C0000000004000000000000C0000022C5
S315020001400000000028E9032290E90322F8E90322CD
S315020001500000000000000000000000000000000097
S315020001600000000000000000000000000000000087
S315020001700000000000000000000000000000000077
S311020001800000000000000000000000006B
S315020001900348044B834202D0034B03B1184770470E
S315020001A00C0100220C01002200000000064B074948
S315020001B0C91A891048BF0131491003D0044B0BB14B
S315020001C001481847704700BF0C0100220C010022AB
S315020001D00000000010B5064C237843B9FFF7D8FF9C
S315020001E0044B13B10448AFF300800123237010BD02
S315020001F030E500220000000028F1C90208B5054BCF
S315020002001BB105490548AFF30080BDE80840FFF77A
S31502000210CDBF00BF0000000034E5002228F1C9026C
S31502000220024B03481B681844704700BF08240102AA
S3150200023050E50022024B03481B681844704700BF72
S315020002400424010250E5002200F000B800234FF416
S315020002507A5100B5174A95B0CDE90A23164A069196
S31502000260126807910592154A02F5FA51CDE9101363
S315020002704FF4F571CDE90C23CDE90E23089108B1AF
S3150200028013601371CDE9122305230022CDE9013251
S315020002900B4A099305AB009312680AAB09490A484F
S315020002A001F070FA431C58425841404215B05DF8BD
S315020002B004FB00BFC08D00020024010250E50022AB
S315020002C0B88D0002A0810002E0E503220369C2683C
S315020002D093429CBF81685B18013B981A70472DE9CF
S315020002E0F0410546D0E902844068A8EB040696422E
S315020002F020440F46144406D906F084FEBFF35F8FEE
S31502000300EC60BDE8F0813246A4EB080406F07AFE02
S3150200031022466868B919EFE72DE9F8430646894689
S3150200032017464FF00008C5683169B4684A1E0B19B2
S315020003308D42A4EB0504A2EB050203F1FF33A3EB06
S31502000340050338BF1346BC4228BF3C469C4228BF21
S315020003501C46706849462246284406F053FEB36896
S315020003602544AB4208BF0025A044A1443F1BBFF36E
S315020003705F8FF560002FD7D14046BDE8F8830000B5
S3150200038008B5154BA8220021184606F01BFE0322CB
S31502000390124902614261124A8161C2614FF40062EE
S315020003A00262002282624262C26201660D4903460D
S315020003B04166102098661A67DA665A67BFF35F8F3E
S315020003C040F001E0084911F9010D985401320FF08D
S315020003D007C0BFF35F8F08BDE02B01220C24010288
S315020003E0E0230122D023012238300102F8B5182772
S315020003F000FB0775124B0E461D4407FB0033DB6AF2
S315020004001446012B0AD0022B14D023B92846FFF733
S315020004105DFF844208D900242046F8BD2846FFF72E
S3150200042055FF844228BF0446224631462846FFF736
S3150200043056FFF1E72846BDE8F840FFF76DBF00BF5B
S31502000440E02B0122F8B50B4B04461B780D46532BC5
S31502000450164601D0FFF794FFEFF311874FF0200104
S3150200046081F31188324629462046FFF7BFFF87F3FC
S315020004701188F8BDE02B012210B582680446406857
S31502000480531C834205D820688154A360E368013374
S31502000490E360D4E901329A420BD121682069FFF761
S315020004A0D1FFA368984215BF4FF0FF330023E360E4
S315020004B0A36010BD2DE9F84F1646054688460A4642
S315020004C04FF0010A9946DDE90A43B24212D2CA4501
S315020004D038BFCA4613F0010B01D184B90024EB6878
S315020004E0002B3CDB0127B9F1010F1ED909F1FF39B7
S315020004F07743F8E7B2FBF6F20AF1010AE5E79B0752
S3150200050011D5B9F1000F0CBF30272027A245E6D23C
S3150200051039462846FFF7B0FFEB68013C002BDEDBCD
S31502000520002CF3D1DAE72027F0E7B8FBF7F39E4277
S31502000530DED9DFF84890B8FBF7F3284619F903101D
S3150200054007FB1388FFF798FFEB68002B03DBB74224
S31502000550B7FBF6F305D2BBF1000F00D05CB9BDE8DC
S31502000560F88F1F46E7E720212846FFF785FFEB684D
S31502000570013C002BF3DB5445F5D8F0E73930010294
S315020005802DE9F04F00230D46402116469BB0CDE9DA
S315020005900613CDE908300DF1280A0390CDF814A010
S315020005A015F9011B39B9089D002D00F32F81089812
S315020005B01BB0BDE8F08F252940F0D1804FF0000B2B
S315020005C0294611F9013B2D2B19D013DC232B1DD003
S315020005D02B2B18D00024294611F9013BA3F1300038
S315020005E0C0B2092815D80A2202FB04330D46A3F12C
S315020005F03004F0E7302BEDD14BF0020B01E04BF06B
S31502000600010B0D46DCE74BF0040BFAE74BF0080B47
S31502000610F7E72E2B3CD195F901302A2B21D1012760
S3150200062033680235191D3160D3F80090284610F957
S31502000630011B21F0040CBCF1680F0546F7D078299E
S315020006400BDC6F2928DC632900F084803CDC252939
S3150200065000F08580582900F0AF80089B002B9FDAB6
S31502000660A1E74FF000090D464F464FF00A0E284605
S3150200067010F9011BA1F1300C5FFA8CFCBCF1090FD9
S31502000680D4D80EFB091105460127A1F13009EEE780
S315020006904FF000094F46C9E770390829DDD801A095
S315020006A050F821F0FD0700025B0600025B0600021D
S315020006B0C90700025B060002A70700025B060002EA
S315020006C05B060002B90700026429C6D131684FF001
S315020006D00108081D30600A200F6887EAE771A1EB5E
S315020006E0E77109293FDCC84538BFC8462CB1002F3F
S315020006F002DB1BF0040F00D0013C1BF0020F02D0FC
S31502000700B9F1000F04D01BF0010F01D184BB002404
S3150200071008990029A1DB002F35DA2D217F4205A891
S31502000720FFF7AAFE0899002997DB0BF003010229BD
S3150200073004D1B9F1000F01D154BB00240899002954
S315020007408BDB4B460A223946CDE9004B05A8FFF75B
S31502000750B1FE82E733681A1D326093F9001005A8CC
S31502000760FFF78AFE79E7B1FBF0F108F10108B8E775
S315020007704445CDD9202105A8FFF77EFE0899013C04
S315020007800029C3DAC4E71BF0040FCED02B21C6E73B
S315020007904445D3D9302105A8FFF76EFE0899013CDE
S315020007A00029C9DACAE74B460A223168081D3060B9
S315020007B0CDE9004B0968C9E74B463168081D306030
S315020007C0CDE9004B1022F5E73268111D316014683D
S315020007D00CB90027124C14F9011B00293FF43DAF56
S315020007E01FB1B9F1000F3FF438AF05A8FFF744FE79
S315020007F0089A09F1FF39002AEDDA2EE7316800225C
S315020008000B1D33600823CDE90032DBE7079C24B1D8
S31502000810224651460398FFF715FE2C440894C6E675
S31502000820152401020EB403B503AB53F8041B01AA47
S315020008300193FFF7A5FE02B05DF804EB03B0704723
S3150200084008B517490020FFF7EDFF16490020FFF70C
S31502000850E9FF00F031FC14490020FFF7E3FF00F046
S3150200086059FC12490020FFF7DDFF00F081FC104918
S315020008700020FFF7D7FF0F490F4800F09BFF024603
S3150200088018B100200D49FFF7CDFF0D490020FFF7F3
S31502000890C9FF00F007F9BDE8084003F071BE00BFCA
S315020008A01C240102452401025D2401027224010274
S315020008B08B240102B43001020000002295240102B9
S315020008C0C2240102022808B508D10549054801F0EB
S315020008D09FFEBDE80840012002F058BC08BD00BFDB
S315020008E024320102D4E5032210B54FF47A5E0023C6
S315020008F04EF001E009490A4C34F8132098105200D0
S3150200090021F8102004330FF009C84FF47A51BDE8DC
S315020009101040044A014800F08BB900BF000000688D
S31502000920007D0068922C012270B586B0FFF778FC34
S315020009304FF4F572234906F065FB23490020FFF7C1
S3150200094071FF0020FFF780FCFFF774FC1F4D01AC1E
S3150200095006460FCD0FC42B680522236000236FF0D5
S315020009607F051C46F156A942C4BF1C460D46013AF4
S3150200097003F10103F6D106AB03EB840353F8146CBF
S3150200098000202B4632461249FFF74CFF022C16D0A6
S31502000990042C14D0032C08D1642D08DC00200D4948
S315020009A0FFF740FF4FF0FF3406E0012CF6DC32463B
S315020009B000200949FFF736FF204606B070BD7F2D9D
S315020009C0F5D0EBE7922C0122CE2401026830010217
S315020009D0E3240102152501020325010238B5037934
S315020009E0022B1BD0032B22D0012B09D1124D134A05
S315020009F02C781278A24204D800222A70104A137068
S31502000A0038BD4FF47A420F490F4806F0FBFA0F4AF7
S31502000A10013413782C7083F00103F0E70C4B0121AB
S31502000A20186804F07BFB01220A4B1A70E8E7C288B9
S31502000A30094B1A80E4E700BF7C2E01228D2C01228D
S31502000A40912C0122882E0122007D00688C2C012225
S31502000A50882C0122902C01228E2C012210B50446EC
S31502000A60A0B10020FFF7DEFE0948036843B101F09A
S31502000A70B5FB28B10020074B074A0849FFF7D2FE0B
S31502000A80224607490020FFF7CDFE00BE10BD00BF7B
S31502000A9028E60322322501024930010251250102CC
S31502000AA06F25010208B50A490A4801F0E3FB0A4923
S31502000AB0FFF7D4FF012148F6014002F093FA102213
S31502000AC0064B00201A700649BDE80840FFF7AABE89
S31502000AD0C430010228E603228F2501027D2E01225F
S31502000AE0AB25010240F6B83307B5074A0748CDE9F8
S31502000AF0002302AB13E9060001F056FA044903B0DB
S31502000B005DF804EBFFF7AABF0000E8FF28E6032220
S31502000B10C025010208B5044801F07DFABDE8084087
S31502000B200249FFF79BBF00BF28E60322EC2501021C
S31502000B30012210B54FF4FA442B4B00201A702B4BAE
S31502000B4019782B4B0731C9086143C3E9004129498A
S31502000B50FFF768FE23464FF4FA322749274801F089
S31502000B607EFA2749FFF77AFF264B1A78002AFCD02D
S31502000B700020254C187023889BB21A461BB3238883
S31502000B801B0504D5214B224A2249FFF74BFE238837
S31502000B90D90705D50020204B1D4A1E49FFF742FE04
S31502000BA023889A0705D500201C4B194A1949FFF7D5
S31502000BB039FE23885B0705D50020194B144A1549CF
S31502000BC0FFF730FE012210461649FFF747FF164986
S31502000BD00020FFF727FE094801F0FAFABDE81040A7
S31502000BE01249FFF73BBF00BF8D2C01227D2E012249
S31502000BF0802E012219260102882E012228E60322CE
S31502000C003F260102912C01228E2C01225C26010232
S31502000C1056300102512501028A260102D826010216
S31502000C2017270102572701027127010289270102AC
S31502000C302DE9F04F2DED068BD94EADB0346807463F
S31502000C4090460091FCB9DFEDD79A9FEDD79AF7EE61
S31502000C50008AB6EE008ADFF8949307EE904AB8EE61
S31502000C60E70A20EE290A80EE090A06F09DFF38EE11
S31502000C70C00A20EE080A0134B4F5F07FA9EC010A95
S31502000C80EBD101233360C94ED6F80090B9F1000FBB
S31502000C906DD102ACA2469FEDC69ADFEDC68A9FEDE4
S31502000CA0C68A07EE909AB8EEE77A27EE097AC7EE79
S31502000CB0287ADFEDC20A77EE887AB2EE040AC7EE28
S31502000CC0A00A06F0D1FDF7EE007A30EE670ADFEDF4
S31502000CD0BC7A20EE270ADFEDBB7A9FEDBB7A20EEC7
S31502000CE0270AC0EE077AFBFE677AFDEEE77A09F17C
S31502000CF00109B9F12A0FEAEC017AD2D100214AF2AE
S31502000D00A002B24806F05EF942F628090021DFF891
S31502000D10BCE2226854F8043F50189D1A9A42924641
S31502000D2007EE105AD4F804C00EEB800005F1010B51
S31502000D3002DCB3F1004F01D14FF0010BBBF1010B05
S31502000D4003D0BAF5807F40F37B811A4658180EEB22
S31502000D508000ACEB030A944503DBB2F5807F40F3D7
S31502000D60818101F201114945D3D101233360DFF8B4
S31502000D70A4B2DBF80040DCBBDFF88892DFED948A90
S31502000D80CA46B6EE009ADFED939A9FED93AA07EE56
S31502000D90904AB8EEE78A534628EE288A002607EEDE
S31502000DA0906AB8EEE70A30EE090A20EE080A80EEEB
S31502000DB0290A019306F0F8FE20EE0A0A019B013683
S31502000DC0282EA3EC010AEAD101340A2C0AF1A00A60
S31502000DD0DDD19FED827A46F001E0D9ED007A67EE29
S31502000DE0877AE9EC017A0FF009C00123CBF80030CB
S31502000DF07B4C236833B94FF400717A4803F04CFAFE
S31502000E0001232360009D3A46B5F57A5FA8BF4FF4E9
S31502000E107A559FED758A25EAE57525F0004301337B
S31502000E20013B40F03281F7EE007AB4EE678AF1EECA
S31502000E3010FA4FF0000648BFB0EE678ADFF8B091AD
S31502000E404FF400620021484606F0BCF84FF4F073F6
S31502000E506649674A7401A542C8BF37F91400DFED37
S31502000E60627AC4BF07EE900AF8EEE77AF1EC016AFD
S31502000E7087EE887A67EE267A013BE2EC017A04F184
S31502000E800104E8D15B4C002322464946554802F04C
S31502000E90DDFFD4ED007AF0EEE77A574B4FF0010A08
S31502000EA0C3ED007AD4ED017AF0EEE77A03F58062BB
S31502000EB0C2ED007A03F1040B94ED030AD4ED027A33
S31502000EC020EE000A07EEA70A06F042FC0AF1010A22
S31502000ED0BAF5807FABEC010A04F10804ECD147486D
S31502000EE04FF0000B8246DFED468A384C40F2011C79
S31502000EF023469FED3D0A4CF001E03F4AB3EC017AEE
S31502000F00F2EC017A07EE270A0FF009C030EE280A42
S31502000F1006F040FC0BF1010BBBF1280FAAEC010A0B
S31502000F20364804F20444E1D102A98B460023354A2D
S31502000F304FF0280E84461446DFED2B7A4EF001E080
S31502000F40F4EC016ABCEC017A46EE877A0FF009C02E
S31502000F5001330A2BEBEC017A02F1A002E8D1DFEDB4
S31502000F602A6A9FED2A6ADFED2C5A9FED297A1A46E4
S31502000F7008EB0600B1EC015AC5EE267AF8FE677A4E
S31502000F8077EE867AF4EEE57AF1EE10FA00F19080C9
S31502000F90F4EE477AF1EE10FA77FE277A3EE000BFCA
S31502000FA0A4C90322DB0FC9400000F0430029032233
S31502000FB00F25044500002442E2FCFD410030224593
S31502000FC000002F440040004400007A460429032210
S31502000FD0DB0F4940000020422EF9643EF304353F00
S31502000FE0882203228C22032200000000A8C90322C1
S31502000FF0CCDD0322CCD50322C8D1032228D1032279
S31502001000BD378635C022032255CE123F0000AE42BE
S315020010100000FE42BC220322000000C3FDEEE77A76
S3150200102017EE903A013A00F8013BA3D10A36B6F51B
S31502001030F57F7FF405AF2DB0BDEC068BBDE8F08FD2
S315020010409A420BD0AAEB020507EE905AB8EEC76A8F
S31502001050F8EEE77AC7EE866AC0ED006A0AF1010A7F
S3150200106004306BE663450DD0ACEB020507EE10AA21
S3150200107007EE905AF8EEC76AF8EEE77A87EEA67A96
S3150200108080ED007A0132043065E632F9021B07EE82
S31502001090901AF8EEE77AB1EE677A002967FE877A48
S315020010A0B4EEE78AF1EE10FA48BFB0EE678AB7E609
S315020010B05FED277AB2E700BF10B50749074800F08F
S315020010C06FFD044628B10020054B064A0649FFF784
S315020010D0A9FB204610BD00BF883101026CE603223F
S315020010E0CE2701027C300102512501020279064B0C
S315020010F0022A1A7006D10121044B002019700449F4
S31502001100FFF790BB704700BFCDE50322CCE5032273
S315020011100028010210B50749074800F041FD0446C0
S3150200112028B10020054B064A0649FFF77BFB2046FD
S3150200113010BD00BFBC310102A0E603222228010233
S315020011408F300102512501020279064B022A1A70DA
S3150200115006D10121044B002019700449FFF762BB36
S31502001160704700BFCFE50322CEE5032254280102D1
S3150200117010B50749074800F013FD044628B10020C0
S31502001180054B064A0649FFF74DFB204610BD00BF38
S31502001190F0310102D4E60322712801029F300102D6
S315020011A0512501020279064B022A1A7006D1012143
S315020011B0044B002019700449FFF734BB704700BF87
S315020011C0D1E50322D0E50322A328010208B5FFF7E1
S315020011D037FB002008BD704702220368DA6145F238
S315020011E053520368DA630268044B13640268536459
S315020011F00268936402680020D364704700001F0FE0
S315020012002DE9F843089F0546082F084691461E46D3
S3150200121005DD94211D4B1E4A1E4801F0DBFE00240B
S315020012204FF0FF322146FFF7D6FF4FF0FF388045D9
S3150200123074EB010103D29821174B154AECE72B6890
S31502001240083E18612B68C3F82090A146BC4208DB11
S315020012502A68936803F00C0343F001039360BDE828
S31502001260F8832246F6E90201FFF7B5FF804579EBDE
S31502001270010103D2A421094B054ACDE72B6804F1EB
S31502001280100243F832000134E0E700BFC028010231
S3150200129078360102E62801022029010236290102D6
S315020012A070470268936803F00C0343F002039360ED
S315020012B003685A685107C2F3800010D45A68C2F311
S315020012C00011D2060ED45A68C2F3C010120608D410
S315020012D05A68D20506D45868C0F3401070470020F9
S315020012E070470846704743680168B3FA83F34A6A4F
S315020012F05B09C2F3400293420AD180684B6A003806
S3150200130018BF012003F00103C31A5842584170471F
S3150200131000207047002138B542688368B2FA82F22B
S315020013205B1A18BF01230446520943EA420363F3D8
S3150200133007010368D96002680B4B5168090701D59A
S31502001340013BFAD15368C3F3C0051B0702D54FF020
S31502001350FF3038BD2046FFF7C6FF0028F7D02046EB
S31502001360FFF73AFF2846F4E7A086010010B5C0E968
S31502001370001283608B6A1B0F05D1FFF7CBFFB0FA11
S3150200138080F0400910BD0020FCE730B50468501E0D
S31502001390A368454203F00C034541022AC3F3C00089
S315020013A014BF2A4602464D1E6842684162F3C303D1
S315020013B00229C3F3800218BF024662F38203A360C6
S315020013C0002030BD70B50368986A1B68884223D036
S315020013D00C0E4140050E0807CEB21BD185EA040069
S315020013E00F288CBF00200120102E28BF00202907BD
S315020013F003D414F0080F18BF002082EA0301B1F1EA
S31502001400805F0BD2C2F30752C3F307539A4288BFD7
S31502001410002070BD0020E7E70120EEE70020F8E794
S315020014201C220021103005F0CDBD00000048704797
S3150200143008E70322002070470020704708B5012004
S3150200144005F0EAFC08B10023037008BD03781BB15E
S31502001450013B03700020704720BFF7E70378013392
S31502001460037040BF002070477047704710B5437C39
S315020014700446012B0BD002230374FFF712FF80F000
S3150200148001035B00DBB2E06A6374FFF7E7FF10BD9E
S315020014902DE9F0471E4E9A46336804468846914621
S315020014A06BB31C4F3B681BB9FFF7C8FF386058B3D4
S315020014B00223002584F8413084F842304146DDE9B2
S315020014C008232046C4E90C95C4E90EA5FFF74EFF92
S315020014D0D0B1FFF7B3FFE062B0B12046FFF7A0FF3D
S315020014E03068FFF7A7FF0C4B30681A681C60E26091
S315020014F0FFF7A2FF3868FFF7B1FF284606E0FFF7BD
S3150200150095FF30600028CCD14FF0FF30BDE8F08760
S3150200151010E703220CE7032214E7032238B5054637
S31502001520FFF7F8FE044648B9EA6B2846B2FA82F299
S3150200153052091146FFF729FF204638BD4FF0FF300A
S31502001540FBE710B5C36B04465A1CC2630BB10020FD
S3150200155010BDFFF7E3FF0028F9D0E36B4FF0FF3031
S31502001560013BE363F4E7C36B33B1013BC3631BB9CE
S3150200157001221146FFF709BF704738B5037C0446BE
S31502001580012BDDB24AD0022D4AD0002D4AD0FFF7F8
S3150200159047FF4FF0FF353FE094F842302B41DB071F
S315020015A007D5D4E9073252F8251053F8350000F072
S315020015B0DDF90135636A9D42EEDB4FF0FF324FF0F3
S315020015C0FF33E06AFFF742FF00280CDA0123637457
S315020015D0227C022A07D163744FF0FF324FF0FF33A9
S315020015E0E06AFFF733FF2046A16AFFF73EFF204677
S315020015F0FFF7B9FF637C03F0FF0553B1637C022B4F
S3150200160002D12046FFF74CFE2046FFF787FF4FF038
S31502001610FF352046FFF704FF284638BD0029FBD0D8
S315020016200025C7E76FF00105F6E700002DE9F3474D
S315020016300446DDE90A0631B940F282214B4B4C4A97
S315020016404C4801F0C7FC23B940F283214A4B484A71
S31502001650F6E720B94FF42171484B454AF0E7257C5D
S3150200166001EB020905F0FF07002D7BD10C9DC4E9B1
S315020016700512C4E9073027746662A5620D68404FF9
S31502001680BD426CD112F0030769D10D1DD4E90C12CB
S3150200169051EA020C07D0022E05DD8668A06B86424F
S315020016A05DD8C3E904124D4503D3384602B0BDE8FE
S315020016B0F0872B78022B0CD0052B4ED0012B4ED166
S315020016C0D5E901122046FFF77DFE002847D00C35EA
S315020016D0E9E76B78B5F8028005F1040A48EA03489F
S315020016E01AF00F064FEA880839D1626A3146002A93
S315020016F002F10103B8BF0123013B18D1636A9E427E
S315020017001CDB2046FFF71DFF48BB01232046A16ACA
S315020017102374FFF7A9FE636A4246009351462046A8
S31502001720E36908F10408FFF76BFD4544BBE7E2698C
S3150200173052F83120120712D10131DDE794F8413017
S315020017403341DB0707D5D4E9073252F8261053F89E
S31502001750360000F0C7F80136D0E70435A3E7204685
S31502001760FFF75EFE4FF0FF379FE700BF89290102B0
S315020017709636010257290102A1290102B329010263
S31502001780434F503130B585B00A9D04460295099DF6
S315020017900195089D0095FFF749FF002806DB012108
S315020017A0204605B0BDE83040FFF7E7BE4FF0FF30F8
S315020017B005B030BD73B504460D46EFF31086012120
S315020017C081F310882A4B1A6822F480321A601B6849
S315020017D01E2001F007FC86F31088AB7BA0680193FC
S315020017E06B7B24490093002300681A46FFF750FEDC
S315020017F000283AD195F90C30AA68002BACBF03F148
S3150200180060411D494FEA0212D2B2ABBF01F56141F6
S3150200181003F00F0081F800230A54184A03F5C65153
S3150200182042F82340164A52F8210020F4803042F84A
S31502001830210052F82120BFF35F8F012203F01F011E
S315020018405B099B0003F160438A4003F56143C3F8D9
S3150200185080211A60002065602B68E3606B68206156
S315020018606361084B236002B070BD0320FBE700BF33
S31502001870003020400000144014ED00E070E703221F
S315020018800060004054454D5237B5EFF30383103BD9
S315020018905CB2124B53F82450AB681868FFF7E6FDAA
S315020018A0EB685BB12869B0B1036801936B690360A9
S315020018B0EB6898472B690BB1019A1A60084A04F53E
S315020018C0C65352F8231021F4803142F8231052F8FD
S315020018D0233003B030BD01A8E8E700BF70E703225A
S315020018E00060004070B520BB1F4AC2F88400BFF3F7
S315020018F04F8F43F6E074D2F88030C3F3C900C3F3C6
S315020019004E335B0100F1010E01464EF001E003EA9F
S31502001910040646EA8175C2F86C5201390FF007C80F
S31502001920203B13F1200FEDD1BFF34F8FBFF36F8F23
S3150200193070BD0029FCDD00F01F031944BFF34F8F71
S31502001940C3434418234420395B09203103F1010EB5
S31502001950D8BF4FF0010E4EF001E0034AC2F868020A
S3150200196020300FF005C8DFE700ED00E070B520BBC0
S315020019701F4AC2F88400BFF34F8F43F6E074D2F8D1
S315020019808030C3F3C900C3F34E335B0100F1010E8D
S3150200199001464EF001E003EA040646EA8175C2F802
S315020019A0745201390FF007C8203B13F1200FEDD115
S315020019B0BFF34F8FBFF36F8F70BD0029FCDD00F0C0
S315020019C01F031944BFF34F8FC343441823442039DE
S315020019D05B09203103F1010ED8BF4FF0010E4EF024
S315020019E001E0034AC2F8700220300FF005C8DFE7B3
S315020019F000ED00E0EFF30380103840B270470000BC
S31502001A00054B00F5C65053F8202022F4803243F8E5
S31502001A10202053F8203070470060004008B5014688
S31502001A20FFF7EEFFBFF35F8F012201F01F039A401B
S31502001A304B099B0003F1604303F56143C3F8802120
S31502001A401A6008BD01220649430900F01F008240C0
S31502001A50203341F82320BFF34F8FBFF36F8F7047B8
S31502001A6000E100E0034630B5446AA06820F4401065
S31502001A70A060586A846C6400FCD5846824F0100463
S31502001A8084605C6A257FC5F30010ED06FAD4C3E9CB
S31502001A900412A36843F01013A36030BD70B5144658
S31502001AA0064610460D46FFF7CDFF2046FFF7A8FF74
S31502001AB0002CACBF04F16043074B4FEA0511C9B2D3
S31502001AC0ABBF03F5614304F00F0283F80013995488
S31502001AD0024B43F8246070BD14ED00E070E7032268
S31502001AE0F0B5C46A85B006468C4617466D46B4B153
S31502001AF094E80F0085E80F00336A20461B78C4F885
S31502001B0008C023602771336BE360B36A9847F46AAF
S31502001B101CB195E80F0084E80F0005B0F0BD2C4615
S31502001B20EAE7000010B5124A92F8543003F00F03A8
S31502001B30072B18D8DFE803F00E0E0E041A11131540
S31502001B40062492F8550000F00F0001F0EBF9B0FB05
S31502001B50F4F010BD01249C40F3E70324F1E70524C9
S31502001B60EFE70A24EDE71024083BF4E70824E8E748
S31502001B7000E0014038B5036A0446DD69002383604C
S31502001B806B7C4BB1FFF7CEFF044A6B7C1268534362
S31502001B90B3FBF0F30133A36038BD00BFC0E70322F5
S31502001BA02DE9F0410B78012703F5800303F556531F
S31502001BB01B0243620023016203704A690D46826278
S31502001BC08A690446C0E90B328378CE6967F301035A
S31502001BD083704B78002B14BF3A460222837862F355
S31502001BE00103837091F90B20897AFFF757FF20468C
S31502001BF095F905202979FFF751FF204695F9072027
S31502001C00A979FFF74BFF204695F90920297AFFF7B4
S31502001C1045FFEFF3108887F310884FF000414C4BD5
S31502001C2028785A68C14022EA01025A605B681E207F
S31502001C30394601F0D7F988F310884FF48062636A57
S31502001C409A606B78E978EA691B02890301F480419C
S31502001C5003F440730B4311785068090601F0407192
S31502001C600B435178C90389B20B43517B490501F4F1
S31502001C7000110B43616A43F480534B611378991E3A
S31502001C80B94263D83349022B334B18BF0B46616AFC
S31502001C900B61117BAB7801F0030141F0300133B1E6
S31502001CA0022B14BF4FF440734FF480731943937899
S31502001CB01B0703F080530B43616ACB600021636A02
S31502001CC09961012329788B40C3F3090313B1636A2F
S31502001CD022495962937BD17B127C01F01F0103F0EA
S31502001CE0010343EA012302F01F0243EA0243626A46
S31502001CF0204613630023C4E90433C4E90633FFF71D
S31502001D0039FF7389164AA381636A9A66236A93F92D
S31502001D100500FFF783FE236A93F90B00FFF77EFEA9
S31502001D20236A93F90700FFF779FE236A93F90900FC
S31502001D30FFF774FE0B4A636A9A60626A137FDB07D7
S31502001D40FCD5094B00206360BDE8F08103689EE77D
S31502001D500030204004FF00FF24FF00FF00001F1F89
S31502001D601000079D110401004249435338B5FFF79D
S31502001D7041FE0146FFF744FE1D4B53F82140236AFC
S31502001D801B69002B2FD16369626AABB9636AA068CB
S31502001D909D6825F4801545F4001508B101F01CF97B
S31502001DA00021636A9D60A36A2161FBB12046BDE8FA
S31502001DB038408022FFF794BEA378216903F003031B
S31502001DC0022B09BF0B880B7823F4DC439BB20CBFB2
S31502001DD053601371A378626903F00303D21A626136
S31502001DE022691A4422616369002BCFD038BD00BF35
S31502001DF070E7032213B5FFF7FDFD0146FFF700FE6C
S31502001E00184B53F82140A27802F00303022B636AAF
S31502001E100CBF19681978E3690CBFC1F30801C9B28E
S31502001E20019143B9A36AD3B10422204602B0BDE8A8
S31502001E301040FFF755BE02F0030201A9A06905F0A2
S31502001E40E1F8A378A269E16903F003031A44C91A07
S31502001E50A261E16119B9A36A0BB10122E5E702B0F9
S31502001E6010BD00BF70E7032210B5FFF7C3FD0B4B91
S31502001E70044653F82000426A936823F4401323F081
S31502001E8010039360836A1BB102220021FFF728FE2A
S31502001E902046BDE81040FFF7B3BD00BF70E703223E
S31502001EA0F8B5FFF7A7FD1A4B054653F820008378CD
S31502001EB0446A03F00303022B0CBF21682178A26C4B
S31502001EC008BFC1F30801C2F30073C2F300664FEA0A
S31502001ED0031343EA4613C2F3C06243EAC20618BFBB
S31502001EE0C9B2DB06324606D5A76C46F0400317F4A4
S31502001EF0004F08BF1A46A36E43F0C853A366836A0F
S31502001F000BB1FFF7EDFD2846BDE8F840FFF778BDB7
S31502001F1070E70322054B00F5C65053F8202022F441
S31502001F20803243F8202053F820307047006000408A
S31502001F3001220649430900F01F008240203341F87E
S31502001F402320BFF34F8FBFF36F8F704700E100E08E
S31502001F5010B5041EACBF04F16043114B4FEA0111E8
S31502001F60ACBF03F5614304F00F00C9B2B4BF195404
S31502001F7083F800130B4B204643F82420FFF7CAFFD1
S31502001F80BFF35F8F012304F01F026409A40004F16A
S31502001F906044934004F56144C4F88031236010BD67
S31502001FA014ED00E070E7032273B502AB03E9060005
S31502001FB0D0E9015495F921300646002B0CDBE36883
S31502001FC0DB0309D4E368024643F48033E360A97F66
S31502001FD095F92100FFF7BCFFA36943F00203A36151
S31502001FE0009BC4F8B830019BC4F8BC30236943F0A7
S31502001FF00203236195F92030002B09DBE3683246A0
S3150200200043F00203E360697F95F92000FFF7A0FF22
S31502002010002002B070BD08B5D0E90123196921F08C
S315020020200201196192F920100029A2BFD96821F094
S315020020300201D960996941F00201996192F9211070
S3150200204000290ADBD3F8E00038B9D96860F31041F9
S31502002050D96092F92100FFF76BFF002008BD2DE938
S31502002060F04146680446B06990F86450880740F02B
S3150200207082804FF0FF30A84023EA000002F00305F9
S3150200208028437BD19208B2FBF3F003FB1020002811
S3150200209074D1C4E906030123A568C4E90421E160F9
S315020020A0C5F8E0301E2343F001E0D5F8E8300FF022
S315020020B005C0D4E9018ED8F80C70D8F818006FB9AB
S315020020C096F92130002B43DAEB6843F00403EB6008
S315020020D096F91F00002849DA002037E07B68D4E928
S315020020E003211B6802EB810C0EF1E8025A605A8842
S315020020F0E16822F020021205120D42F420425A80B3
S315020021000122996090F864108A4092B2DA8190F8BE
S315020021106410A28BCA4092B29A816369E26903EBA8
S3150200212082039C4563619CBFE3686361D8F80C3007
S31502002130BA68D3E900011268904738B9D8F80C207A
S31502002140BB681068DB6898470028B9D0BDE8F08103
S31502002150EB68DB03B8D4EB68224643F48033EB60CA
S31502002160B17F96F92100FFF7F3FEADE72246317FF4
S31502002170FFF7EEFEB0E740F2EB30E7E71720E5E7C0
S3150200218038B5D0E90154D4F8E03003B3E36823F05C
S315020021900403E3600023C4F8E0304368DB681BB144
S315020021A09A681868126A904795F92130002B0EDB5F
S315020021B02369C3F340029B0709D4E36862F3104321
S315020021C0E36095F92100BDE83840FFF7B1BE38BD9E
S315020021D008B5FFF7D5FF002008BD000070B505461B
S315020021E0D0E90164FFF7CCFF012363604FF47A73F1
S315020021F06269D20701D5013BFAD1E3680E4A23F49C
S31502002200803323F00203E36000232361A2612B6083
S3150200221096F91F00984201DBFFF78AFE96F9200025
S31502002220002801DBFFF784FE96F92100002801DB76
S31502002230FFF77EFE002070BD0200070873B5436AF1
S3150200224004460E466D4693B193E8030085E8030003
S315020022501E71A16ADA8019601846226A9047636A7B
S315020022601BB195E8030083E8030002B070BD2B465C
S31502002270EEE700002DE9F047DFF820814D680746BA
S315020022804FEA05290E4608EB05258C69EFF3108AFD
S31502002290012181F310883E4B9A6822F080729A607F
S315020022A09B681E2000F09EFE8AF31088327A737AAB
S315020022B04FF00B0E43EA0273227E4EF001E043EA30
S315020022C00213227D43EA0263627D43EA0243A27D50
S315020022D043EA0233E27D43EA02232B62A37E627E55
S315020022E01B0443EA0263227813436B62A38BAB623D
S315020022F0E38BEB62238C2B63234633F8222F6A632C
S31502002300002233F8020F02F10E0145F821000132D4
S315020023100FF009C823464FF0140E33F83A2F4EF049
S3150200232001E06A66002233F8020F02F11A0145F84B
S31502002330210001320FF009C894F864300020C5F874
S31502002340C030B4F86620B4F8683043EA0243C5F8F0
S31502002350C430E36EC5F8C830236FC5F8CC3001230C
S3150200236049F808300B4BAB61D4E901321343E268FA
S315020023701343226913432B61C7E9016533693B6243
S3150200238073697862BB62044B3B60BDE8F08700BFAD
S3150200239000302040020007084D44500000612540ED
S315020023A038B5EFF3038402210D4B103C64B253F8A7
S315020023B02450AA68136923F002031361AB6899617A
S315020023C02B6A1BB100222846FFF738FF2046FFF78B
S315020023D0A1FDAA68136943F00203136138BD00BF69
S315020023E070E7032210B5EFF303840C4B103C64B282
S315020023F053F8240083685A6922F0774222F478025D
S31502002400120C12049A61036A1BB10321120CFFF724
S3150200241015FF2046BDE81040FFF77CBD70E703229A
S3150200242038B528B304681CB3236A0BB36268A38B5E
S31502002430D0689269A16892F86420E831D340826834
S315020024409BB2956800686269A847E269636920469B
S3150200245003EB8203D4E9031201EB8202934228BF03
S315020024600B4663610022BDE838400121FFF7E6BE54
S3150200247038BD0000EFF31080012383F31088064B6A
S31502002480196819B9054A1175402111751A68013280
S315020024901A6080F3108870476CE70322000D4040F3
S315020024A0EFF31081012383F31088074B1A6812B1E8
S315020024B01A68013A1A601A681AB9044B1A75802208
S315020024C01A7581F3108870476CE70322000D4040AD
S315020024D0030A11F4803F30B5094AC0B24FEA03132A
S315020024E00AD01C1852F8245025F4803542F824509C
S315020024F021F4803542F82450034442F8231030BDBB
S31502002500000840402DE9F74F80460027304C314DF8
S31502002510B8F80030BB4202D803B0BDE8F08F0026FF
S315020025202D4B4FEAC7090193D8F80430019803EB03
S31502002530090130F8022B8988019091422BD10122A0
S3150200254053F80930B24003F0B853B3F1807F94F8E0
S315020025504C1C5FFA82FA06F1200B21D111EA0A0F0E
S315020025600BD1012000F0D4FD94F84C1C012041EA65
S315020025700A0284F84C2C00F09FFD15F81B20D209A4
S3150200258009D115F81B2042F080020121C82005F866
S315020025901B2000F027FD0136032EC5D10137B7E710
S315020025A011EA0A0F0BD0012000F0B2FD94F84C1C80
S315020025B0012021EA0A0284F84C2C00F07DFD15F870
S315020025C01B20D209E7D015F81B2022F08002DCE797
S315020025D000E0014000202040AA36010238B5054637
S315020025E00024FFF78FFFFFF745FF2A88A3B29A421E
S315020025F003D8BDE83840FFF753BF6B68A2B203EBBE
S31502002600C20053F832108088FFF762FF0134ECE70C
S3150200261008B5034B03600846FFF7E0FF002008BD3C
S3150200262054524F500901836841F00101C9B200209A
S31502002630597770478368002058777047012283686C
S3150200264000201A7770474FF480638B604FF4803313
S315020026500B6083681A8ADB6812F4404F4B6083680A
S315020026604FF000009B689BB2CB604FF6FF7318BF1A
S315020026704FF480638B60704706207047C1604261E9
S315020026800020704730B50346426800205268114C5C
S31502002690117801F5C55144F8210099680877D16887
S315020026A0A1B1012592F901104C0901F01F018D40DB
S315020026B004F12001084C44F82150BFF34F8FBFF3B9
S315020026C06F8F92F90110054A42F821000020186026
S315020026D030BD00BF0060004000E100E070E7032269
S315020026E010B54368094C596800230A7802F5C552A9
S315020026F044F82230826813770A78498902F5C5526E
S3150200270044F822108268537710BD00BF0060004073
S3150200271037B51D4601910092FFF7E2FF019B044681
S3150200272013B1019A83681A60009B13B1A368009AD9
S315020027305A60A36800201A8A12F4404F4FF0010231
S3150200274014BFDD609D60A3681A7703B030BD08B57B
S31502002750FFF7C6FF002008BD2DE9F0470D46436886
S3150200276004465F68FFF7BCFF95F802E0EA78CEF30D
S315020027708100C2F381038001910940EA8330890313
S31502002780C2F30113EE8941EA032102F0C003802B52
S31502002790B6B203D012F0400200F0B180AA8906EB6D
S315020027A00646802B26F0FC261FFA82FA01D0402B21
S315020027B003D1CEF3001C41EA0C31B7F80AC0D4F8B3
S315020027C00C80BCF1000F18BF41F00101C446B8F1FC
S315020027D0000F42D01EF0200F00F09580C02B14BFD0
S315020027E04FF01C0C4FF0100C97F9013097F802E0ED
S315020027F0002BACBF03F16048DFF818814FEA0E1ECA
S315020028005FFA8EFEABBF08F5614803F00F0988F840
S3150200281000E308F809E0DFF800E103F5C6584EF8D0
S315020028202340DFF8F8E05EF8289029F480394EF864
S3150200283028905EF828E0BFF35F8F4FF0010E03F099
S315020028401F085B099B0003F160430EFA08FE03F5BD
S315020028506143C3F880E1C3F800E095F803E00EF0A7
S31502002860C003C02B52D1AB890EF00C0EBEF1040F81
S315020028709BB208BF9E4695F80290B5F80E8009F005
S315020028800C0914BFB7F808E040F400501FFA88F8A4
S31502002890B9F1040FA268D5F8049018BF13FB08F328
S315020028A0C2F82090D5F80890A26814BF9BB240F0F7
S315020028B020000EEB0E4E03EB0343C2F82490A268EF
S315020028C080B2C2F828E0A26889B2D362A3685FFA2E
S315020028D08CFC9882A36819826968A3681960A36848
S315020028E0A9685960A3689E60A368C3F80CA0A36890
S315020028F07A689A61A36883F813C0BDE8F0879246A6
S3150200290041F4005159E74FF0100C6DE700239E4643
S31502002910D5E700BF14ED00E070E703220060004037
S3150200292010B50446FFF718FF0122A36800201A77A4
S3150200293010BD00002DE9F04100264A684160137877
S31502002940044603F1807303F520739B018360D36809
S315020029500D46C360536906614361EFF31088012790
S3150200296087F310880B4B1A6822F480021A601B68E0
S315020029701E20394600F036FB88F31088064B2046A7
S315020029801F701E742968FFF7E7FE044B304623606A
S31502002990BDE8F0810030204000A8004043414D448C
S315020029A013B5EFF30383103B0D4A5BB203F5C65131
S315020029B052F8210020F4803042F8210052F82120FA
S315020029C0084A01A852F8234063690193E3689847CD
S315020029D0A368DA680AB101221A7702B010BD00BFF5
S315020029E00060004070E70322B0F5004F10B51BD916
S315020029F0124B00F5742000F23F20B0FBF3F0104BAF
S31502002A0040F0F05400E05C605A688242FBD1B1F5B6
S31502002A10004F10D9094A01F5742101F23F21B1FB99
S31502002A20F2F141F0614002E00020E8E798609A681E
S31502002A308A42FBD110BD0021F3E700BF40420F00DE
S31502002A4000C0134010B5047844F0400404700478C2
S31502002A50E409FCD043F0C0030A700370037803F064
S31502002A60BF0303700378DB09FCD110BD10B5104A11
S31502002A7092F82630918C0F4A01F00F01DBB2A1F1D8
S31502002A80080052F8233003280FD8DFE800F00208C6
S31502002A900A0C0322B3FBF2F3074A136010BD0622A7
S31502002AA0F8E70C22F6E71822F4E7CB40F4E700BF7A
S31502002AB000E0014020C10022C0E703220022034BAE
S31502002AC01A701A781A781B78704700BF00C0134034
S31502002AD0044A5368C3F30903642B84BF01231370AA
S31502002AE0704700BF00C01340704700004AF203520D
S31502002AF02DE9F843504B514CB3F8FA63A3F8FA2385
S31502002B0063680746DA03B6B238D4EFF310880125B4
S31502002B1085F31088636843F48033636063681E201C
S31502002B20294600F05FFA88F310886368A8469B037B
S31502002B3010D445F00208EFF31089012181F31088C1
S31502002B40636843F40033636063681E2000F04AFA48
S31502002B5089F31088384A3A4992F8753092F86D200E
S31502002B6003F00F0302F00F0251F82300072A5ED882
S31502002B70DFE802F0545454066057595B0025D4E747
S31502002B800623B0FBF3F02F4B0121B0FBF3F0884094
S31502002B9000F028FA284B93F8752042F0400283F899
S31502002BA0752093F87520D209FBD07A7883F86D20C8
S31502002BB03A7842F0400283F875203A7883F8752015
S31502002BC01D4A92F87530DB09FBD175B1EFF310851A
S31502002BD0012181F31088636823F48033636063689C
S31502002BE01E2000F0FFF985F3108818F0020F0ED0B0
S31502002BF0EFF31085012181F31088636823F4003313
S31502002C00636063681E2000F0EDF985F310880A4BB5
S31502002C1046F42546A3F8FA63BDE8F88301239340F8
S31502002C20AFE70323ADE70523ABE70A23A9E71023A2
S31502002C30083AF4E70823A4E700E001400030204008
S31502002C4020C1002240420F004AF2035373B5A04C42
S31502002C50A04AA4F8FA33A04EA04BA149C3E90062E8
S31502002C604FF40042C3E902211A619E4ADFF8B0E23C
S31502002C705A619D4A9D48C3E907E29D4A9A619D4A67
S31502002C80C3E90902FFF7F2FE0A2384F8503A092340
S31502002C9084F8A23094F8003C23B994F8013C9D07CD
S31502002CA000F0118194F8003C53B90121C82084F840
S31502002CB0001C00F097F9864A92F8003C012BFBD1E2
S31502002CC00022834B83F8012C83F8002C0022804BD0
S31502002CD083F8362083F8322093F83C201407FBD57C
S31502002CE0854A0020C3F8C82040F22342A3F84E20AA
S31502002CF04FF6021283F84A00C3F8AC2040F2514262
S31502002D00A3F84C20BFF34F8FBFF36F8F7B4A5169F5
S31502002D1021F400315161C2F85002BFF34F8FBFF365
S31502002D206F8F02F57342116821F440511160BFF3AF
S31502002D304F8FBFF36F8F0120197D60F30201197562
S31502002D4063490B7DD806FCD4136843F440531360E1
S31502002D50BFF34F8FBFF36F8F684B5A6912F400327D
S31502002D6011D1BFF34F8FBFF36F8FC3F85022BFF35A
S31502002D704F8FBFF36F8F5A6942F400325A61BFF325
S31502002D804F8FBFF36F8F0023514C84F82A3094F88B
S31502002D903C309B06FBD55A495A48FFF78FFEFFF790
S31502002DA023FE594B236242F22013A384052384F89F
S31502002DB02630FFF75BFE01211E2000F013F9FFF714
S31502002DC087FEFFF753FE4AF20152504B1A80BFF3B9
S31502002DD05F8F01251D72BFF35F8F4FF425424C4969
S31502002DE01A804C4809230322FFF72CFE002384F89D
S31502002DF0535084F83E30802384F83E3094F8743081
S31502002E0043F0400384F87430314C94F87430DB0993
S31502002E10FBD0072384F86C304A2384F874300A23E3
S31502002E2084F8743094F87420D509FBD1072601A8DA
S31502002E30ADF80460FFF75AFE374938480A230322E1
S31502002E40FFF700FE0A2302221A392138FFF7FAFD9C
S31502002E5033462A4602310230FFF7F4FD06230122E9
S31502002E6019441844FFF7EEFD0923022214311B30E0
S31502002E70FFF7E8FD0A23012212391938FFF7E2FDAE
S31502002E800A23042211311830FFF7DCFD02220A233D
S31502002E9015391C38FFF7D6FD05237B318030FFF745
S31502002EA0D1FD0122052311441044FFF7CBFD09236E
S31502002EB002311A460230FFF7C5FD4FF42543A4F846
S31502002EC0FA3302B070BD4FF47A70FFF70DFEFDE6DD
S31502002ED000E0014000127A00006CDC0220C10022F0
S31502002EE000366E0100CA9A3B0084D7170008AF2F3E
S31502002EF00046C32300389C1C022B010000ED00E0B3
S31502002F004059730780B2E60E323423320020004065
S31502002F10D4E00140DAE001406EE0014076E0014093
S31502002F205543DE13014B53F82000704720C100229F
S31502002F3038B50025254C0121C82084F8285000F018
S31502002F4051F884F8245094F82430002BFBD194F8DD
S31502002F50243043F0020384F8243094F82430C3F377
S31502002F6040029B07F9D484F8222094F8223003F019
S31502002F70FF02002BF9D194F8403062F3C71384F8AC
S31502002F80403094F84030DA09FBD194F8423062F3CB
S31502002F90C71384F8423094F84230DA09FBD194F828
S31502002FA0443062F3C71384F8443094F84430C3F3D0
S31502002FB0C015DB09F9D1012000F0AAF8044B012063
S31502002FC083F84C5CBDE8384000F076B8002020401B
S31502002FD000E0014000BEFEE7A0F101000028FBD19F
S31502002FE0704700BF10B4144B144A1B6848439342FF
S31502002FF00CD3134A03F5742303F23F23B3FBF2F314
S31502003000A0FB030363B14FF0FF300AE00D4AB2FBA7
S31502003010F3F24FF47A73A0FB031434B9B1FBF2F066
S3150200302030B15DF8044BFFF7D7BFB0FBF2F0E7E72C
S315020030305DF8044B704700BFC0E7032200127A0016
S3150200304040420F0000CA9A3BF8B5002401260D4BF8
S315020030500D4FD3F80021D3F82051154006FA04F398
S315020030602B4204D057F824300BB1E0B29847013412
S31502003070152CF3D1034BC3F81051D3F820212A4261
S31502003080FBD1F8BD00C0004018E70322002210233E
S3150200309030B50749074C31F8020B18B102F5C6558F
S315020030A044F82500013B02F10102F4D130BD00BF14
S315020030B0583601020060004010B5EFF3108101237B
S315020030C083F310880F4A32F810309BB22BB132F8D4
S315020030D01030013B9BB222F8103032F810309BB20E
S315020030E063B9094A094CB2F8FA3334F810009BB2B4
S315020030F043F4254323EA0003A2F8FA3381F3108846
S3150200310010BD00BFB0E7032200E001400C39010206
S3150200311030B5EFF31084012383F310880D4A32F899
S3150200312010309BB263B90C490C4DB1F8FA3335F83D
S3150200313010509BB22B4343F425439BB2A1F8FA33BA
S3150200314032F8103001339BB222F8103084F3108823
S3150200315030BD00BFB0E7032200E001400C39010296
S3150200316008B508490B68C218B2F5004F06D903F034
S3150200317041FF0C2303604FF0FF3008BD02480A608E
S315020031801844FAE7BCE7032220010022F8B50446F8
S31502003190284D95F8503C03F0FF07002BF9D1872301
S315020031A0A5F8243C102385F8003C84B10126384654
S315020031B0FFF7AEFF204B384683F85360FFF77CFFDC
S315020031C01C4A85F8206C92F8503C1807FBD4012261
S315020031D0184B83F8022C002283F8012C93F8502C0A
S315020031E0002AFBD144B14FF40C72A3F8482C114AC1
S315020031F092F8503CD907FBD40E4B104A47F2A8313D
S31502003200C3F8442C012283F8402CA3F8141C83F83B
S31502003210162C1CB1112283F8002CF8BD93F8002C51
S31502003220D207FBD493F8502C002AF7D1012283F857
S31502003230102CF2E70030004000E0014003250500B3
S3150200324000BE704708B500F02FF8FDF7BFFFFEE796
S31502003250F8B505460024134E3768A74204D8002461
S31502003260B768A7420FD8F8BD0C2363437168CA1822
S31502003270507AA84205D1C85852680021121A03F0A2
S31502003280A1FE0134E9E7F268210102EB0413587B3F
S31502003290A84205D150585A689968121A03F0B2FE2C
S315020032A00134DEE7DC360102F7B5B24BB24A5A61A7
S315020032B0BFF34F8FBFF36F8F1A6802F47003B3F533
S315020032C0801FAE4B01D1100703D112F4600F00F03C
S315020032D0EF801A6842F004021A60BFF34F8FBFF301
S315020032E06F8F4FF47003A34C0020C4F88830A44BB0
S315020032F00026A360FDF7E6FAFFF7A6FC4AF20252A1
S31502003300A04B0120A3F8FA234FF4254283F8B06AB2
S31502003310A3F8FA23FDF7D6FA9B4B83F30A88974A5A
S315020033201368990724D5A368B3F1007F20D11369E6
S3150200333051690122C3F3C303093302FA03F3DB081B
S315020033400024002543F005C0E6E802450FF005C05B
S31502003350C1F3C30109318A40D2084FF0005342F04B
S3150200336007C800BFAFF30080E3E802450FF005C0CF
S315020033700020FFF76DFFFFF779FBFFF7D9FD03206A
S31502003380FFF7C6FE00234FF00E0E1C464EF001E07C
S315020033907E4A03F10C0122F8214001330FF007C8DF
S315020033A000250320FFF788FE0320FFF7B1FE784BC6
S315020033B003205C609C60DC601C61FFF77DFE6D4A49
S315020033C0744ED2F8C03023F0FF0343F04403C2F830
S315020033D0C03033690193019BE9B28B4277D8BFF3C0
S315020033E05F8F0522634BC3F894205A6A42F48032F7
S315020033F05A62BFF34F8FBFF36F8F5A6912F480324E
S3150200340028D1C3F88420BFF34F8F43F6E074D3F874
S315020034108020C2F3C900C2F34E32520100F1010EFE
S3150200342001464EF001E002EA040646EA8175C3F857
S31502003430605201390FF007C8203A12F1200FEDD180
S31502003440BFF34F8F5A6942F480325A61BFF34F8FEE
S31502003450BFF36F8F4B4CD4F8D8339A0753D5D4F8B1
S31502003460D833484CD4F8D8335B0765D5D4F8D8336B
S315020034700220FDF727FA0120FFF7EAFEBFF34F8F7E
S31502003480BFF36F8F00243B4BC3F85042BFF34F8FFD
S31502003490BFF36F8F404E414DAD1BAD10AC4264DBA6
S315020034A0FFF7F4FD002003B0BDE8F04000F078B865
S315020034B01A6842F004021A60BFF34F8FBFF36F8F90
S315020034C04FF0E022936843F48033936005E7736913
S315020034D0013503EBC10753F831407B6824F01F0422
S315020034E0203B23F01F0343F001075B092033B3EBB4
S315020034F0541F44F0010082BFC2F89810C2F89C0023
S31502003500C2F8A07067E794F81031002BA9D0012009
S31502003510FFF7FEFD94F8103103F0C003802BF9D1BA
S315020035200023184A84F8103192F810313F2BFBD849
S315020035300120FFF7C1FD94E794F81431002B97D0D0
S315020035400120FFF7E5FD94F8143103F0C003802B48
S31502003550F9D100230B4A84F8143192F814313F2B27
S31502003560FBD80120FFF7A8FD82E756F8043B9847EF
S31502003570013493E700ED00E001020E0000E001E0F5
S315020035800000000200E0014020810022000D4040C0
S3150200359000402040DC3601025087020254870202B4
S315020035A070470000B0F5807F28D012D8402828D076
S315020035B009D8102828D0B7EE000ADFED187A20289D
S315020035C007FE800A7047B7EE000ADFED157A8028FB
S315020035D0F6E7B0F5006F1AD009D8B0F5007F19D01A
S315020035E0B7EE000ADFED0F7AB0F5806FE8E7B7EEC7
S315020035F0000ADFED0D7AB0F5805FE1E79FED0B0A79
S3150200360070479FED0B0A70479FED0A0A70479FEDC0
S315020036100A0A70479FED090A704700BF0000003D85
S315020036200000003C0000803A000080390000803B28
S315020036300000803C0000803D0000003A0000003B94
S315020036402DE9F04F2DED108B904695B092088946E4
S315020036508DED130A9246414600244FF0010BBAF152
S31502003660010F1CDC704BA6EE109B93ED005F26EF5C
S31502003670446826EF5641B4FD109EB6FD105E139ABD
S3150200368096FD04BEA0EE102B4FEAD8030133013B90
S3150200369040F0978015B0BDEC108BBDE8F08F036942
S315020036A04FF0000E1D59C36903EB85030C93436962
S315020036B01D59036A03EB85030D9383691D59436AFA
S315020036C003EB85030E93D3000793CB0000935308B5
S315020036D01B010F9318234946534309EB0215109316
S315020036E0F34507DC11464FEA8B0B4FEAAA0A04346C
S315020036F09208B4E7109B91ED007F0B441193079B50
S3150200370095ED001F0B4412930F4600230F9E3609B8
S31502003710013606960E9E1E440B965E1908960C9E60
S315020037201E4409960D9E1E440A96119E9E190596E2
S31502003730129E03EB060C069E1033013E069605D139
S31502003740009B0EF1010E19441D44C9E7059E9CED2E
S31502003750005F96ED009F06EF402D26EF406D08EFC5
S31502003760440D24EF484D02EF408D87ED009F0A9EDF
S3150200377022EF402D96ED009F38FE020EB8FC42085D
S315020037808CED001F099E96FC448896ED001F30FEC4
S31502003790082EB0FC4828089E03EB050C86ED003F78
S315020037A00B9E96FD442896ED005F34FE026EB4FC35
S315020037B04268059E86ED007FB7ED047F9CED001FF3
S315020037C0A8E728EF4A2D08EF4A4D8DED003F96FDFA
S315020037D0069E96FD023E08EF42ED26EF56A104EF45
S315020037E04ECD24EF4E4D22EF482D00FF5CCDBAFDA3
S315020037F0109E00FF544DB6FD10BE06FD10DE06FDFE
S315020038000E5E9DED00DF9CFC424800FF544D06FD16
S315020038100C5E9DED00DF9CFD424800FF544D96FD77
S3150200382004BE06FD0A5E32E7283901022DE9F04F91
S3150200383090462DED108B9208894692464146002409
S315020038404FF0010B91B0BAF1010F19DC684BA6EEED
S31502003850109B93ED005F26EF446826EF5641B4FDB8
S31502003860101EB6FD105E96FD049E4FEAD803013384
S31502003870013B40F0978011B0BDEC108BBDE8F08F94
S3150200388003694FF0000E1D59C36903EB85030993C3
S3150200389043691D59036A03EB85030A9383691D591C
S315020038A0436A03EB85030B93D3000493CB00019386
S315020038B053081B010C9318234946534309EB02157F
S315020038C00D93F34507DC11464FEA8B0B4FEAAA0A22
S315020038D004349208B7E70D9B91ED007F0B440E93DB
S315020038E0049B95ED003F0B440F930F4600230C9E5D
S315020038F03609013603960B9E1E4408965E190596F6
S31502003900099E1E4406960A9E1E4407960E9E9E1900
S3150200391002960F9E03EB060C039E1033013E03969E
S3150200392005D1019B0EF1010E19441D44C9E7029E01
S315020039309CED001F96ED009F06EF424D26EF426D6D
S3150200394008EF402D20EF480D04EF428D87ED009FD2
S31502003950079E24EF424D96ED009F38FE042EB8FDD9
S3150200396044288CED003F069E96FD408896ED003F6A
S3150200397032FE084EB2FD4848059E96FC402886ED6A
S31502003980005F089E03EB050C96ED005F34FE026EA7
S31502003990B4FD4268029E86ED007FB7ED047F9CED82
S315020039A0003FA8E700EF482D20EF48AD96FD025EE6
S315020039B096FD061E26EF568100EF44CD24EF404DBC
S315020039C002EF4CEDB8FD101E22EF4C2DB6FD109EF7
S315020039D006FD10FE06FD0E3E9AFD442806FD0C3E2F
S315020039E09AFC442896FD049E06FD0A3E40E700BF67
S315020039F0183901022DE9F0412DED0C8B012A0546FD
S31502003A000C461E46008878D1B0F5807F32D027D882
S31502003A1040282FD022D810282CD0202835D0CEB13D
S31502003A200123AA68A6EE103BBAFC040F21FE062E5D
S31502003A3021FE065EA889C3080133013B40F0AE8031
S31502003A40430707D094FCD26F94FCD40F84ECD20FB8
S31502003A5084ECD46FBDEC0C8BBDE8F0818028DDE7E9
S31502003A60B0F5006F11D00DD8B0F5007F0DD0B0F5CE
S31502003A70806FD4D1FFF796FD024621462846FFF70E
S31502003A80DFFDCCE7B0F5805FF3E7FFF78BFD4FEA8A
S31502003A90900E4FEA0E1EAEF1100E4FEA1E1E04EBFA
S31502003AA080070EF1010EB0EE408A21463A464EF0EC
S31502003AB001E06B684FEA500892ED003F0846B1EC10
S31502003AC0047FB3EC041F26EF42AD30FE0A4E06EF2A
S31502003AD0426DB0FC4A4880ED007FA2EC045F0FF015
S31502003AE015C8B0EE480A424621462846FFF7A8FD09
S31502003AF0B0EE480A42463946C1E7B0F5807F44D067
S31502003B0038D8402841D033D810283ED0202886D134
S31502003B104FEA900E4FEA0E1EAEF1100E4FEA1E1E2F
S31502003B2004EB80070EF1010E22463B464EF001E001
S31502003B3069684FEA500893ED003F1046B2EC047FE5
S31502003B40B1EC041F26EF428D30FE084E06EF426DA1
S31502003B50B0FD484880ED007FA3EC045F0FF015C866
S31502003B60424621462846FFF761FE424639460FE0A5
S31502003B708028CCE7B0F5006FCAD00CD8B0F5007F2C
S31502003B80C6D0B0F5806F7FF44AAF0246214628467A
S31502003B90FFF74CFE43E7B0F5805FF4E71146B9FC48
S31502003BA004AF94FCD4CF2BFE068E2BFE061E94FC8D
S31502003BB0D2AF84ECD2CF84ECD4AF99FD00AF94FCA3
S31502003BC0D0CF2BFE062E2BFE065E94FCD8AF10320B
S31502003BD084ECD8CF84ECD0AF2FE700004FF400631B
S31502003BE003804FF4F8638381084B8360084B43607C
S31502003BF0084B0361084BC361084B4361084B0362E0
S31502003C00084B8361084B436200207047B8B8010233
S31502003C1030D70102B8760202F06B0202A4760202E3
S31502003C205061020290760202B05602024FF480639D
S31502003C3003804FF478738381084B8360084B43609B
S31502003C40084B0361084BC361084B4361084B03628F
S31502003C50084B8361084B43620020704738C8010253
S31502003C6030170202B8760202F06B0202A476020252
S31502003C705061020290760202B05602024FF40073BD
S31502003C8003804FF4F0738381084B8360084B4360D3
S31502003C90084B0361084BC361084B4361084B03623F
S31502003CA0084B8361084B436200207047F8CF01023C
S31502003CB030370202CC7E02020C7C0202BC7E020279
S31502003CC06C790202AC7E0202CC7602024FF4807359
S31502003CD00380F0238381094B8360094B4360094BC0
S31502003CE00361094BC361094B4361094B0362094BEB
S31502003CF08361094B43620020704700BFB8D30102BB
S31502003D0030470202CC7E02020C7C0202BC7E020218
S31502003D106C790202AC7E0202CC7602028023038018
S31502003D2070238381084B8360084B4360084B036111
S31502003D30084BC361084B4361084B0362084B83611E
S31502003D40084B43620020704798D50102304F0202A9
S31502003D50D48002021C800202C88002027C7F020218
S31502003D60BC800202DC7E0202402303803823838168
S31502003D70084B8360084B4360084B0361084BC361E1
S31502003D80084B4361084B0362084B8361084B43624D
S31502003D900020704778D6010230530202D480020214
S31502003DA01C800202C88002027C7F0202BC800202E0
S31502003DB0DC7E02022023038018238381084B836062
S31502003DC0084B4360084B0361084BC361084B4361D0
S31502003DD0084B0362084B8361084B4362002070471D
S31502003DE0E8D6010230550202508102022081020207
S31502003DF0488102020081020240810202E080020240
S31502003E00102303800C238381084B8360084B436095
S31502003E10084B0361084BC361084B4361084B0362BD
S31502003E20084B8361084B43620020704718D7010292
S31502003E3030560202508102022081020248810202A9
S31502003E400081020240810202E08002022DE9F04F67
S31502003E502DED108B17469FB002F1080801F10802FA
S31502003E6081460E461C461C92002B00F0CB80D1EDFB
S31502003E70007AD1ED016AB6EE006A37EEA67A002222
S31502003E8077EEE67A23EE6F8F27EE067A67EE867A6C
S31502003E90B9F80030C06A013B01EBC30C9910002946
S31502003EA001F1010EB9FFC88387ED007AC7ED017AE9
S31502003EB0E246B8BF4FF0010EBD181D95BEF1010EC8
S31502003EC000EB020506EB020B009502F1200223D15C
S31502003ED0F6EE006A21EAE1711C9D4A0105EB4115E5
S31502003EE0ACEB411C03F0030302F10801084442440F
S31502003EF00133013BACF1080C00F1080002F10802A3
S31502003F005AD101232246394648461FB0BDEC108BD2
S31502003F10BDE8F04FFFF76EBD9BFC001F9BFC201F08
S31502003F200AF1040B9BFC494F009DB9FFC44795FC5F
S31502003F3000BF95FC20BF8DEC08AB9AFC496F8DED56
S31502003F40085F9DED045F26EF40CDB9FFC4A79DED46
S31502003F5000FF9DED085F0CFF5EED24EF424D2AEF58
S31502003F6054EC8DED18FF9DED00FF04FF5E4D18AD7C
S31502003F700AEF5C4C06EF406D95ED00BF06EF4A6D09
S31502003F809DED08BF4FF07C550AEF422D37EE656E68
S31502003F9002EF444D8DED107F35EE656E8DED147F8B
S31502003FA00DF1400B9BEC084B1D9DAAF1200A85FCE6
S31502003FB0005F85FC205F7FE7D5ED003AD5ED017AFB
S31502003FC09CED034A9CED027A50ED025A50ED014AED
S31502003FD033EEC75A34EE276A37EE237A77EEC47A7F
S31502003FE005EEC57A44EE857A04EEC67A45EEC67AC1
S31502003FF027EE267A67EEA67A02ED027A42ED017A7A
S31502004000083576E722460123FFF7F4FCD6ED007A5F
S3150200401096ED017A77EEA77A37EE077AB6EE006A60
S3150200402077EE876A77EEC77A25EE6F8F66EE866A37
S3150200403067EE867AB9F80030D9F82C10013B9A104F
S3150200404006EBC300002A02F1010CB9FFC883C7EDD3
S31502004050006AC7ED017A8646B8BF4FF0010CBCF183
S31502004060010C07EB040B01EB040A06EB040904F14D
S3150200407020041DD1F6EE006A22EAE2721C9D54016A
S3150200408005EB4215A0EB421003F0030304F108020C
S315020040901144A0440133013BA0F1080001F10801DB
S315020040A008F1080848D11FB0BDEC108BBDE8F08FAF
S315020040B099FC005F99FC205F0EF104098DEC084B18
S315020040C09DED003F9EFC494F99FC496F9AFC00DF2B
S315020040D09AFC20DF24EF420DB9FFC6679DED043F2F
S315020040E000FF5CAD26EF422D2EEF52AC02FF5C2D97
S315020040F00EEF502C9DED001F04AD04EF404D95EDE3
S31502004100001F06EF406D4FF07C5504EF4A4D06EF57
S31502004110426D35EE654E37EE656E8DED085F8DEDBF
S315020041200C7F0DF1200999EC084BAEF1200E8BFCA9
S31502004130005F8BFC205F92E7D5ED003AD5ED017A60
S3150200414090ED034A90ED027A51ED025A51ED014A81
S3150200415037EE635A34EE276A37EE237A77EEC47A5D
S3150200416005EE857A44EE857A04EE867A45EEC67ABF
S3150200417027EE267A67EEA67A08ED027A48ED017AEC
S31502004180083588E710B5044638B1FFF739FE18B985
S3150200419020232385024BE36210BD4FF0FF30FBE77D
S315020041A038B8010210B5044638B1FFF703FE18B954
S315020041B040232385024BE36210BD4FF0FF30FBE73D
S315020041C038B7010210B5044638B1FFF7CDFD18B96C
S315020041D080232385024BE36210BD4FF0FF30FBE7DD
S315020041E038B5010210B5044640B1FFF797FD20B974
S315020041F04FF480732385034BE36210BD4FF0FF300B
S31502004200FBE700BF38B1010210B5044640B1FFF723
S315020042105DFD20B94FF400732385034BE36210BDA5
S315020042204FF0FF30FBE700BF38A9010210B5044684
S3150200423040B1FFF723FD20B94FF480632385034B7A
S31502004240E36210BD4FF0FF30FBE700BF3899010271
S3150200425010B5044640B1FFF7E9FC20B94FF40063FC
S315020042602385034BE36210BD4FF0FF30FBE700BF2F
S315020042703879010210B5044640B1FFF7AFFC20B908
S315020042804FF480532385034BE36210BD4FF0FF309A
S31502004290FBE700BF38390102B1F5007F1ED00ED808
S315020042A080291DD006D820291ED040291AD04FF0C9
S315020042B0FF307047B1F5807FF9D1FFF793BFB1F5B3
S315020042C0006F09D0B1F5805F04D0B1F5806FEED1F1
S315020042D0FFF7ACBFFFF7CEBFFFF7BABFFFF794BF3A
S315020042E0FFF770BFFFF75EBFFFF74CBF10B5074A77
S315020042F0074C01440B1A002B00DC10BDD2F84838DB
S315020043009B00FBD510F8013B2371F3E70080354093
S31502004310008835400A4A536823F40003536000229A
S31502004320084BC3F808281022C3F80C2802F10042F1
S3150200433002F58042C3F810281122C3F808287047F4
S31502004340003020400080354080F31188BFF36F8F24
S315020043507047EFF311807047EFF31180102383F358
S315020043601188704701220020054B1A60054B4FF059
S31502004370805218604FF0E023C3F8042DFFF7E4BF24
S3150200438038E3002234E300224FF0E0234FF080525C
S31502004390C3F8042D7047000030484FF00101016058
S315020043A02F480168002909D14FF0085282F30A8882
S315020043B0DFF8B0D02C4A82F30A8811E02DE9F00F1B
S315020043C000B50A6912F4805205D01EF0100302D11C
S315020043D02DED108A08B4C1F818D04FF00002026021
S315020043E01F4C224D224E4FF0100282F31188D5F84F
S315020043F00080B8F1000F0DD1D6F800C0BCF1000F55
S3150200440008BF00F03DF94FF0000282F31188BFF3B6
S315020044106F8FE8E7C4F800804FF0085282F30A88EB
S31502004420D8F818D0D8F81C2082F30A88D8F81000D9
S3150200443010F4805006D0009B13F0100302D108BC82
S31502004440BDEC108A5DF804EBBDE8F00F03484FF0AF
S315020044500001016081F311887047000038E30022F1
S3150200446034E30022C8E80322C8E7032230E300222D
S31502004470E0E8032208B5024800F022F9FEE700BF91
S31502004480CA29010208B54FF0E023D3F82C2D094BB7
S315020044901B68194603B19968530007D54FF0E0230C
S315020044A00548D3F8283D00F0EBFAFEE7034800F092
S315020044B0E7FAFAE734E30022CF290102002A0102D1
S315020044C008B5024800F0FCF8FEE700BF2A2A0102FE
S315020044D008B5024800F0F4F8FEE700BF352A0102EB
S315020044E008B5024800F0ECF8FEE700BF402A0102D8
S315020044F008B5024800F0E4F8FEE700BF4D2A0102C3
S3150200450008B5024800F0DCF8FEE700BF552A0102B2
S3150200451010B5054C23680133236001F09BFF236825
S31502004520013B236010BD00BFC4E703220A4B0B4ABE
S3150200453000209A600A4ADA600A4A1A610A4A5A61ED
S315020045400A4A9A610A4ADA620A4A1A630A4A9A6362
S315020045500A4ADA63704700BF00EC03227544000280
S3150200456085440002C1440002D1440002E144000233
S31502004570F14400020145000299430002114500027E
S3150200458008B5FFF7E9FE00F05BF84FF0E0234FF0C5
S31502004590700E1F4AD3F8083D4EF001E013601D4A23
S315020045A010461968043342F8041B0FF007C04FF097
S315020045B0E022C2F8080DD2F80C3D174923F44073E5
S315020045C01B041B0C43F0BF6343F40033C2F80C3DDB
S315020045D04FF4E023C2F8243D0023C2F81C3D0F4BE2
S315020045E0C2F8203D0E4B0F4AB3F1085F98BF4FF059
S315020045F0085313600C4A0A600C490B600C4B1A6094
S315020046004FF0085383F30A8802F074F8FEE700BFFE
S31502004610D8E8032200EC0322D0E803220000F010BF
S3150200462000F30322D4E8032200000E22CCE8032280
S31502004630C8E8032200207047002070470020704718
S31502004640704708B5FFF788FEFEE70000821C08B532
S315020046500CD0431C04D003300AD06FF0100008BD02
S31502004660044800F02DF86FF00800F8E70248F8E772
S315020046700248F6E7642A0102832A01029F2A0102FE
S315020046807047FFF747BE000013B58DF80700FFF726
S3150200469063FE9DF8073004460A2B03D10121074821
S315020046A0FFF724FE01210DF10700FFF71FFE20464A
S315020046B0FFF74AFE002002B010BD00BF5881020279
S315020046C070B50446FFF748FE0646013C14F8015F42
S315020046D025B93046FFF738FE284670BD2846FFF753
S315020046E0D3FFF3E70346F0B595100C4C05F0100521
S315020046F002F03F0267198A4203F1FF3004D92C44C3
S31502004700625C03F8012CF0BDB1FBF2F602FB161156
S31502004710795C03F8011C31460346ECE75981020233
S315020047202DE9F04F81468A461F4600208BB015467A
S3150200473015F8013B3BB918B1291A52460139C84747
S315020047400BB0BDE8F08F252B05D0002818BF024616
S3150200475010462A46EBE718B1291A52460139C847CC
S3150200476029464FF0000B15F8012B2B2A1ED007D82D
S31502004770202A1ED0232A1FD02A2A23D000232CE047
S315020047802D2A0FD0302A1AD00023A2F13001C8B246
S31502004790092822D803EB830301EB430115F8012B09
S315020047A00BB2F2E74BF0010B2946DCE74BF0020BAA
S315020047B0FAE74BF0040BF7E74BF0080BF4E74BF084
S315020047C0100BF1E757F8042B13B2002BBEBF52426F
S315020047D013B24BF0010B2A788D1C2E2A36D12A7879
S315020047E02A2A0ED000240135A2F13001C8B20928C6
S315020047F00ED804EB840401EB440115F8012B0CB22C
S31502004800F2E757F8044B6A7824B224EAE4740235D4
S3150200481039460BF0EF0B4FF0000C02F0FB00682854
S3150200482006BF964615F8012B4FF0000E782A8DF832
S3150200483017C009D8632A0DD8582A21D0632A00F056
S31502004840A780002A00F0AF806A1E81E739464FF042
S31502004850FF34E0E70126A2F1640C7D485FFA8CFC86
S3150200486006FA0CF606420BD1732A76D0702AEBD1E1
S315020048700968043700296ED0023B90261BB247E036
S31502004880BEF16C0F096807F104070AD16F2A60D0DE
S315020048901AD8642A0BD0692A09D0582A27D00A26A0
S315020048A016E0BEF1680FF1D1692A09D109B20029D1
S315020048B013DA2D224942013B8DF817201BB2EEE78F
S315020048C0642AF3D089B2E1E7782A4FF00A060FD0BC
S315020048D0F1B9002C69D000211AE01BF0020F04D1B5
S315020048E01BF0040FDBD02022E5E72B22E3E74A2662
S315020048F00836023E1BF0080FF6B2E9D00029E8D0CE
S31502004900082E14BF022201229B1A1BB246F0800611
S3150200491032460DF126000093FFF7E4FE8046009B27
S315020049200DF12602A2EB08020192A21A12B200921D
S315020049300099BDF904200029D8BF14461BF01102C4
S31502004940A3EB0404A3B2029224B247D1A346414880
S3150200495035E00A26CDE70A26DAE7002CD1F80080F0
S3150200496007F104070CDB4046A1B20131013C0139D3
S31502004970024624B20AD010F8016B002EF6D105E0E9
S3150200498041460A4611F8010B0028FAD10A26C9E760
S315020049900A680A268DF82520644604370DF1260298
S315020049A00DF12508BEE7013DD2E60DF1260290463D
S315020049B0B8E7039352460121C8472648039B0BF1E9
S315020049C0FF3B0FFA8BFBBBF1000FF2DA013B1AB287
S315020049D001325FEAB4B414FA83F31CB29DF81730BD
S315020049E023B1524601210DF11700C84732060FD5F1
S315020049F0524601211848C847F30609D5174B16F047
S31502004A00400F174852464FF0010118BF1846C847D3
S31502004A10009B002B08DC029B102B05D1009400247E
S31502004A2002E001210C48C847009B5246013B1BB2DB
S31502004A30002B0093F5DA40460199013C24B2C8479F
S31502004A40002C01DA002283E6524601210148F4E7EE
S31502004A5021081200F92F0102BA2A0102B62A01021E
S31502004A60B82A010238B505460C4613880B44138052
S31502004A70013C00D538BD15F8010BFFF705FEF7E737
S31502004A800FB407B5002104AB53F8042BADF802109E
S31502004A9006480DF102010193FFF742FEBDF902003D
S31502004AA003B05DF804EB04B0704700BF654A00022C
S31502004AB0F0B50446012685B017468E40FFF74CFC3A
S31502004AC0636801336360FFF73FFCFFF745FC236829
S31502004AD006EA030533432360FFF736FC45B1009728
S31502004AE021223146A06803AB00F076FB051EECDA04
S31502004AF0FFF732FC6368013B6360FFF725FC28463B
S31502004B0005B0F0BD4FF0FF32FFF7D2BF38B504460D
S31502004B1001258D40FFF720FC236823EA0503236065
S31502004B20FFF712FC606828B12946A068BDE8384044
S31502004B3000F0F4BA38BD00007FB500250923CDE99F
S31502004B400235084B044601A80E46019300F06AFAA4
S31502004B50A842A060A2BF2846C4E90055E66004B098
S31502004B6070BD00BF4D4C4F4310B504468068002807
S31502004B7006DD00F099FA002801DB0020A06010BDD6
S31502004B806FF01000FBE7072A70B50D460446C9B25E
S31502004B9018DD83071CD12B042244121A01EB0126CD
S31502004BA003F47F0333439608002A06F1010643EA1B
S31502004BB00563ACBF35460125013D05D040F8043BEF
S31502004BC0043AF9E722EAE27202F0FCF9204670BDE5
S31502004BD000F8011BDDE7000010B500F09FF900F0B8
S31502004BE0FBF904460248FFF7BFFF204610BD00BF8F
S31502004BF0A0C3002238B514491448FFF79DFF041ECE
S31502004C001FDB0825002045F001E0114A114BC2E9DD
S31502004C100022C3E90033104B5168013DC3E900216C
S31502004C200B605360187248330FF00BC000F0A6F900
S31502004C30041E06DB094B00241D6000F05BF92046CA
S31502004C4038BDFFF7C9FFFAE7BC2A0102A0C300225A
S31502004C504CC1002254C100225CC100229CC3002226
S31502004C60036883421FBF4268136042685A607047F6
S31502004C7010B5FFF7F5FF04460830FFF7F1FF31B133
S31502004C80044B5A68C4E900325A6814605C60002317
S31502004C90236110BD04C7002208B5FFF7E1FF054BEB
S31502004CA05A68C0E900325A6810605860002383606F
S31502004CB008BD00BFBCC3002250F8403F834201D169
S31502004CC0002070479A698A4201D01B68F6E70120E4
S31502004CD0704700002DE9F74F0446019180480021F4
S31502004CE0FFF710FF63690027D3E90D295E691546B0
S31502004CF001F006FA236B6063BB42A76304F1200846
S31502004D0040F39880DFF8E8A1D4F82CB0FFF724FB33
S31502004D10DAF800203846538D01335385FFF714FB2A
S31502004D20D4E90B1233465BF8040CC847FFF714FBB1
S31502004D30DAF800203846538D013B5385FFF704FB12
S31502004D40A36B0133A36300216548FFF7DFFEA36B64
S31502004D50002B05DD4FF0FF320121E06B00F094FFDE
S31502004D6000215F486163FFF7CDFEDFF87491DFF83B
S31502004D7080A1276A474540F0878000215848FFF7FF
S31502004D80C5FE00215648FFF7BDFED4E90568E06B73
S31502004D90F76AD6F8149000F03DFF00212046FFF78F
S31502004DA067FF41463046FFF787FF40B1019B23F07C
S31502004DB001030193B36913F0010F08BF0027002115
S31502004DC04748FFF7A3FEBB460FB3DFF824A1FFF760
S31502004DD0C3FADAF800200020538D01335385FFF71A
S31502004DE0B3FA4048404B301AC010584301304A4685
S31502004DF0019908EB0020B8478346FFF7ADFADAF8C7
S31502004E0000200020538D013B5385FFF79DFA0021B8
S31502004E103348FFF777FE354B00215A683048C4E91C
S31502004E2000325A6814605C60FFF770FE584603B0A1
S31502004E30BDE8F08F276ADFF8B8A0474583D0FB6844
S31502004E4003B33B7F43F010033B77FFF785FADAF8AB
S31502004E5000200020538D01335385FFF775FA334640
S31502004E60012207F11001F868C847FFF775FADAF868
S31502004E7000200020538D013B5385FFF765FAA36B93
S31502004E800133A3633F68D8E73B7F002143F0100359
S31502004E903B774846FFF73AFEFFF75EFADAF800205C
S31502004EA00020538D01335385FFF74EFA3346012115
S31502004EB04FF0FF3207F11000A847FFF74DFADAF874
S31502004EC000200020538D013B5385FFF73DFA002158
S31502004ED04846FFF717FE3846FFF7DEFE49E700BFF2
S31502004EE0A0C300225CC10022398EE33804C7002227
S31502004EF034E3002210B5074C00212046FFF702FEDC
S31502004F000021054B2046C3E900339960BDE81040F5
S31502004F10FFF7FCBDA0C30022B0C30022F8B5144CB3
S31502004F2023681BB3002600211248FFF7EBFD124A45
S31502004F30A16813680F4F5B1A1360A6602568A54225
S31502004F4005D1BDE8F84000210A48FFF7DFBD002180
S31502004F503846AE60FFF7DAFD0021A5F10800FFF73B
S31502004F60B9FE00213846FFF7CDFDE7E7F8BD00BFE1
S31502004F70B0C30022A0C30022DCE80322102100B540
S31502004F80002041F001E0104A104BC2E900225168AC
S31502004F901861C3E900210B60536040330FF009C862
S31502004FA01021002041F001E0094A0A4BC2E9002221
S31502004FB051689860C3E900210B60536034330FF0E7
S31502004FC009C800205DF804FB04C700220CC70022B2
S31502004FD0BCC30022C4C30022002070471822014627
S31502004FE0806B034B013802FB003001F067BB00BF48
S31502004FF014CB0022094B10B5184600241121084A89
S315020050001B600139436001D1002010BDC2E90134A1
S3150200501010601A6013461832F3E700BF0CCB002269
S3150200502014CB002270B54368054633F009032CD130
S31502005030FFF792F9164A06461368934222D0196878
S31502005040144C4A6011601C1B134AE4105443C3E912
S31502005050003301349C602A68DA606A681A61AA68B9
S315020050605A610E4B1A680E4B1B689A4205D00D4BBD
S315020050701B68334301D1FFF787F93046FFF764F91E
S31502005080204670BD6FF02104EBE76FF00A04F7E7E4
S315020050900CCB002214CB0022ABAAAAAA34E300222C
S315020050A030E3002238E30022F8B5441E0F2C27D83D
S315020050B0FFF752F918235C43134F06463D19AB68B6
S315020050C0DBB1284601F0C8FA104B3B5100245A685E
S315020050D06A6015605D60AC600D4B1A680D4B1B680B
S315020050E09A4205D00C4B1B68334301D1FFF74CF9AA
S315020050F03046FFF729F92046F8BD6FF02904EBE7A1
S315020051006FF01104F7E700BF14CB00220CCB00228C
S3150200511034E3002230E3002238E300222DE9F0478F
S31502005120451E0F2D88464CD8FFF716F918236B43F8
S31502005130254F0646FC18A268002A3FD06269F85835
S3150200514042EA08026261A04225D0D0E912A8636948
S3150200515018F0010FD0F800900AEA030311D093B1B8
S31502005160036D62691A6001F02AFA18F0200F0CD159
S3150200517018F0100F07D01823002203FB05735A619B
S3150200518009E09A45ECD04846DDE7636923EA0A035B
S315020051906361002BECD100240C4B1A680C4B1B6884
S315020051A09A4205D00B4B1B68334301D1FFF7ECF84B
S315020051B03046FFF7C9F82046BDE8F0876FF02904AC
S315020051C0EAE76FF01104F6E714CB002234E300227B
S315020051D030E3002238E300222DE9F74F1F46002371
S315020051E000F1FF3BBBF10F0F0D461446DDF8309080
S315020051F0019374D8002975D032F0310372D1B9F116
S31502005200FF3F6FDBDFF8F880D8F8003023B16FF08C
S31502005210180003B0BDE8F08F344B1B68002BF6DC98
S31502005220DFF8E0A0DAF80030002BF0D0FFF791F8B3
S315020052300028ECD1FFF790F8064618202C4A00FB0E
S315020052400B2083689BB96FF029030193294BDAF887
S3150200525000201B689A4205D0D8F80030334301D1AA
S31502005260FFF792F83046FFF76FF80198D1E7016928
S315020052700B0708D4182303FB0BF3D358984202D02A
S315020052806FF02803E1E7436914F0010F03EA05030F
S3150200529012D09BB9184B11F0010F184A18BF1A46C3
S315020052A0DAF8003049465A6301AAC3E91125C3E96F
S315020052B0134701F0DFF9C9E79D42EBD1182303FB3F
S315020052C00B235969A006396044BFA9435961E30615
S315020052D0BCD5182303FB0B2200235361B6E76FF0FC
S315020052E0110096E76FF0100093E700BFC4E70322B0
S315020052F014CB002230E300227C8102028881020262
S3150200530038E3002234E300221C220146806B034B61
S31502005310013802FB003001F0D1B900BF9CCC00225B
S31502005320094B10B5184600240921084A1B600139A9
S31502005330436001D1002010BDC2E9013410601A6039
S3150200534013461C32F3E700BF94CC00229CCC002209
S31502005350F8B5461E072E0C464BD8FEF7FDFF1C235A
S31502005360254A054603FB0623996800293BD019699D
S3150200537011F0020102D06368002B37DD1C23734350
S31502005380D058D718B84215D0836C1C6001F017F9B3
S3150200539000241A4B1A681A4B1B689A4205D0194BFD
S315020053A01B682B4301D1FEF7EFFF2846FEF7CCFF21
S315020053B02046F8BD59B1143313441A461B681BB173
S315020053C0586861688842F8DD23601460E0E721606E
S315020053D043692BB944611C2303FB06229461D7E778
S315020053E083691C60F7E76FF02904D2E76FF01004B7
S315020053F0CFE76FF01104DBE79CCC002234E30022F6
S3150200540030E3002238E3002200232DE9F743471E4A
S31502005410072F0E46154601934DD8531C4EDBDFF877
S31502005420B890D9F8003023B16FF0180003B0BDE888
S31502005430F083244B1B68002BF6DCDFF8A080D8F83B
S315020054400030002BF0D0FEF784FF0028ECD1FEF7E7
S3150200545083FF1C2304461C4803FB070083689BB991
S315020054606FF029030193194BD8F800201B689A4262
S3150200547005D0D9F80030234301D1FEF785FF204637
S31502005480FEF762FF0198D1E743691BB133601B68DF
S315020054904361E8E703690E4A13F0010F0D4B2946F3
S315020054A018BF1A46D8F800305A6301AAC3E9112672
S315020054B001F0E0F8D7E76FF01100B7E76FF01000E0
S315020054C0B4E700BFC4E703229CCC002230E30022EB
S315020054D0A08102029481020238E3002234E3002210
S315020054E0034653F80C2BD01C002AB8BF0246B1EB78
S315020054F0A20F18460CDC006883420FD0C2688A42AB
S31502005500F9DB0BE0C268914203DB07DD00687047F6
S31502005510002240688342F5D18A42F7DA704770B5B5
S315020055200D460C4655F8081B0646491BFFF7D8FFE1
S3150200553063680C3623F00103B04263600FD0C36880
S315020055408B420CD12346826843F8102F40F8083F5D
S315020055502269606102B153600023A36070BD436893
S31502005560C4E9020343681D6000234560C4E90431AF
S31502005570F4E7026883682AB9C26813600BB1C2688D
S315020055805A60704753B14168A3F1080243E9020128
S3150200559043681A604260D0E902325A600368984250
S315020055A0EFD0426813604268EAE7486002680A6020
S315020055B0536803F001030B43536001607047D0E95F
S315020055C0003222F0010213605968426861F3000258
S315020055D05A60704700282DE9F04131DD0F2800F1AD
S315020055E0070525F0070598BF1025FEF7B5FEDFF87B
S315020055F054800746D8F8006029463046FFF770FF08
S315020056000C36B042044619D0FFF7B3FFC3685B1BE2
S31502005610172B07D941190838FFF7C7FFD8F800003A
S31502005620FFF77DFF54F8043C43F0010344F8043CC1
S315020056303846FEF789FE2046BDE8F0810024F7E7EA
S315020056400024F8E77CCD002270B50446FEF784FEFE
S3150200565054F8043C064623F0010354F8080C44F8B7
S31502005660043C4368DA0706D40830FFF782FF54F891
S31502005670080CFFF7A4FF54F8045C6B68DB070BD534
S31502005680A4F10805084B29461868FFF748FF30467B
S31502005690BDE87040FEF758BE05F10800FFF769FF46
S315020056A02868FFF78CFFEDE77CCD002270B519491B
S315020056B019480B680268033323F0030303F11B0541
S315020056C0164E25F00705103A521B33601A6003681E
S315020056D00B6033681C6803F10C020834181D2C4455
S315020056E0C3E90322C3E901002146FFF75EFF3068E2
S315020056F029460430FFF759FF6368306843F0010317
S315020057006360836843F001038360FFF708FF0020AC
S3150200571070BD00BFD4E80322D0E803227CCD00226C
S31502005720094B10B5184600240921084A1B600139A5
S31502005730436001D1002010BDC2E9000394601463E6
S315020057401A6013463832F2E780CD002288CD002255
S31502005750F8B505460E6805F11803994205F12803C6
S315020057600CBF2C6B01F108049E4204BF2E6B6B69C1
S315020057700F4608BFF618361B31461430FFF7B0FE47
S315020057807B68203523F00103A8427B600FD0C368F3
S31502005790B3420CD12346826843F8082F40F8083FEB
S315020057A0A268E06002B1536000232360F8BD43683B
S315020057B0C4E9000343681C6000234460C4E902365E
S315020057C0F4E72DE9F84300F11409054648460F4669
S315020057D0FFF786FE05F120039842044627D0FFF71D
S315020057E0C8FE2A6B05F11803A242A4F1080608BFF7
S315020057F01E46E368DB1B172B0ED904EB070841464E
S315020058003046FFF7D2FEE25905F128039A42414695
S3150200581009D12846FFF79CFF736843F001037360C2
S315020058202046BDE8F8834846FFF779FEF4E70024F0
S31502005830F6E70000094B10B5184600240521084A70
S315020058401B600139436001D1002010BDC2E9013459
S3150200585010601A6013463432F3E700BF48CF0022C5
S3150200586050CF002270B5044600F120062568AC42EE
S3150200587000D170BD236AA96CB3420EBF0023636ACE
S31502005880DB689942F5DC2046FFF79BFFEB6C18605C
S31502005890284600F094FEE9E7342210B5836B074CE4
S315020058A0013B002902FB034403DB0146204600F0CC
S315020058B005FF2046BDE81040FFF7D4BF50CF0022B7
S315020058C04FF0FF31FFF7E8BF2DE9F04F984600236E
S315020058D0461E85B0032E0C46914603936CD8394B6F
S315020058E04A1E9A426BD8B8F1FF3F68DBDFF8ECB08C
S315020058F0DBF8003023B16FF0180005B0BDE8F08F79
S31502005900314B1B68002BF6DC304D2B68002BF2D096
S31502005910FEF71FFD0028EED1FEF71EFD3423DFF849
S31502005920C0A0019003FB06A7BA689AB96FF02903D3
S315020059300393274B2A681B689A4206D0DBF800308D
S31502005940019A134301D1FEF71FFD0198FEF7FCFCF5
S315020059500398D2E7102CB8BF10247A69073424F0D2
S315020059600704A242296802DA6FF01003E0E738461C
S3150200597000F0AEFE2A68824207D121463846FFF77A
S3150200598020FF10B1C9F80000D3E7342202FB06AAB1
S31502005990DAF810200F4912F0010F0F4A384618BFE5
S315020059A011462A68516303A9C2E91114C2F84C9040
S315020059B0414600F05FFEBCE76FF011009DE76FF015
S315020059C010009AE7F7FFFF7FC4E7032234E30022C1
S315020059D030E30022B8810202AC81020238E30022DF
S315020059E050CF00222DE9F74F00F1FF3ABAF1030F2B
S315020059F00C4600F28E80DFF82881D8F800602EB1BE
S31502005A006FF01806304603B0BDE8F08F424B1B68B4
S31502005A10002BF5DCDFF80C91D9F80030002BEFD023
S31502005A20FEF797FC0028EBD13425FEF795FC05FB23
S31502005A300AF5DFF8F4B000900BEB05018B68002B3A
S31502005A4061D00A6BA24261D84B6913449C425DD86D
S31502005A5005F11803A4F10801A2425B4414BF0C46E7
S31502005A601C466368D90751D523F001032068636099
S31502005A704368DA0705D40830FFF77BFD2068FFF795
S31502005A809EFD676805F1180279685A44CB0711D45E
S31502005A90974208BF34213C460ABF01FB0ABA07F106
S31502005AA00800DAF830000192FFF763FD3868FFF765
S31502005AB086FD019A94420BEB050A05D0236805F18F
S31502005AC028025A44934217D121465046FFF740FE18
S31502005AD05046FFF7C7FE114BD9F800201B689A42C1
S31502005AE006D0D8F80030009A134301D1FEF74CFCD9
S31502005AF00098FEF729FC85E7143521460BEB0500D5
S31502005B00FFF70DFDE4E76FF02906E4E76FF01006F4
S31502005B10E1E76FF0110675E7C4E7032230E30022DE
S31502005B2038E3002234E3002250CF0022094B10B59D
S31502005B30184600240921084A1B600139436001D135
S31502005B40002010BDC2E9013410601A6013463432D7
S31502005B50F3E700BF20D0002228D00022094B10B55F
S31502005B60184600240521084A1B600139436001D109
S31502005B70002010BDC2E9013410601A6013462032BB
S31502005B80F3E700BFC8D10022D0D10022F8B51C2508
S31502005B90846B114F013C002905FB047503DB0146AA
S31502005BA0284600F08BFD1C235C433E1933699B0794
S31502005BB002D43C59AC4200D1F8BD7269A36C276885
S31502005BC09A42F9DB204600F0FAFCA26C73693C4665
S31502005BD09B1A7361EEE700BF58D200224FF0FF31E5
S31502005BE0FFF7D4BF094B10B5184600241121084A05
S31502005BF01B600139436001D1002010BDC2E90134A6
S31502005C0010601A6013461C32F3E700BF50D200221E
S31502005C1058D20022F8B5441E0F2C27D8FEF79CFB5B
S31502005C201C235C43134F06463D19AB68DBB128467D
S31502005C3000F012FD104B3B5100245A686A60156051
S31502005C405D60AC600D4B1A680D4B1B689A4205D01D
S31502005C500C4B1B68334301D1FEF796FB3046FEF729
S31502005C6073FB2046F8BD6FF02904EBE76FF01104D1
S31502005C70F7E700BF58D2002250D2002234E30022B6
S31502005C8030E3002238E3002200232DE9F74F461EB7
S31502005C900F2E0D469246019367D8994268DDB2F1FE
S31502005CA0FF3F65DBDFF8E4B0DBF8003023B16FF0CD
S31502005CB0180003B0BDE8F08F2F4B1B68002BF6DCF3
S31502005CC02E4F3B68002BF2D0FEF743FB0028EED1A5
S31502005CD01C24FEF741FBDFF8B880814604FB0684EC
S31502005CE0A3689BB96FF029030193254B3A681B6899
S31502005CF09A4206D0DBF8003059EA030301D1FEF7D7
S31502005D0043FB4846FEF720FB0198D2E7A3693968B0
S31502005D10AB4202DA6FF01003E6E723699B071AD556
S31502005D201C2303FB06835A69AA421BDA1C2303FBC4
S31502005D300688D8F81030134A13F0010F124B514659
S31502005D4018BF1A463B6820465A6301AAC3E91125C1
S31502005D5000F090FCC9E7204600F0BAFC3B6883429B
S31502005D60E4D1DDE7521B5A61BFE76FF01100A0E7ED
S31502005D706FF010009DE700BFC4E7032234E3002260
S31502005D8030E30022D0810202C481020238E30022FB
S31502005D9058D2002230B51F4A90F82E40D2F80C3164
S31502005DA0984204BF0023C2F80C31016888421FBF23
S31502005DB04368196043684B6090F83030D90704D5C0
S31502005DC023F0010380F8303030BD02EBC400406896
S31502005DD002EBC401043188422346F5D10124D2F8EC
S31502005DE0080104FA03F120EA01001168C2F8080169
S31502005DF08B42E9D1212BC3F12101A8BF21460139EA
S31502005E0002D120231360DFE704FA03F50542F9D134
S31502005E100133F4E720E2002200232021194A10B5BB
S31502005E201360194A41F001E01360184B1A461960D3
S31502005E30191D596043F8081F0FF007C000241448C3
S31502005E40C2F80441C2F80C4121460422FEF79BFE29
S31502005E504FF0200E20464EF001E00E4A0E4BC2E9EC
S31502005E6000221C600D4B51680134C3E900219C607D
S31502005E7083F82F000B60536070330FF00DC00020C3
S31502005E8010BD00BF30E3002234E3002220E20022EC
S31502005E9028E3002218D4002238E3002220D400226C
S31502005EA090F82C30002280F82D3080F82E3090F9B0
S31502005EB02830C0E90F224385082380F82F3090F856
S31502005EC03030426423F0030380F83030836EC266BA
S31502005ED06FF0060143F80C2C4FF0807243F8441C15
S31502005EE043F8042C4269443B22F00102DA63426A17
S31502005EF08361836E9A1A033303620369C26143F4B0
S31502005F008053036170470000012130B590F82E20BE
S31502005F100F4B80F82F1003EBC204A5689140456031
S31502005F20254604350560A5682860A060D3F80841B7
S31502005F300C43C3F8084190F830108907196848BF26
S31502005F40C3F80C018A42BEBF1A60024B186030BD0C
S31502005F5020E2002230E3002210B50446FFF71AFFC2
S31502005F6006490B68A34208D1054BD3F80C211AB98E
S31502005F701A6803EBC2035A680A6010BD30E30022B6
S31502005F8020E200222DE9F0414268054622F49953A7
S31502005F9023F00103002B54D10669002E54DBC3689B
S31502005FA0013B1F2B50D892063CD57F2E4CDD47690C
S31502005FB0FEF7D2F9264B80461C689C423ED02268E8
S31502005FC0204653601A602B68E3606B682361AB68F6
S31502005FD06361EB686662013B84F82C3001233E4420
S31502005FE0A66684F828306385FFF75AFFA468194B22
S31502005FF01A68194B1B689A4206D0184B1B6858EA56
S31502006000030301D1FEF7C0F94046FEF79DF9002CC5
S3150200601005DA6B689B0602D43846FFF715FB204665
S31502006020BDE8F081873626F007063046FFF7D2FA3A
S3150200603007460028BCD16FF02004F0E76FF0210478
S31502006040D5E76FF00A04EAE76FF01004E7E700BF4E
S3150200605018D4002234E3002230E3002238E300227F
S31502006060F8B5224B0C461B68002B04DC204A12684A
S315020060700AB1002836D0471E1F2F30D8002B1C4EDF
S3150200608004DC336813B19B6883422BD0FEF764F9B4
S3150200609070220546174802FB070090F82F30082B9E
S315020060A015D0002B14BF6FF028046FF02904124B91
S315020060B032681B689A4205D0104B1B682B4301D1EC
S315020060C0FEF762F92846FEF73FF92046F8BD8369D6
S315020060D05C62C26800249A62FFF716FFE7E76FF078
S315020060E01104F2E76FF02804EFE700BFC4E70322CA
S315020060F034E3002220D4002230E3002238E30022D7
S31502006100024B1B68184603B19868704734E30022B5
S3150200611000232DE9F3410193431C044641DBDFF8DA
S315020061209880D8F8003023B16FF0180002B0BDE8AD
S31502006130F0811D4B1B68002BF6DC1C4F3B68002BC5
S31502006140F2D0FEF706F905460028EDD1FEF704F96E
S315020061503B680646DA6B002A11DD013ADA63144B14
S315020061603A681B689A4205D0D8F80030334301D109
S31502006170FEF70AF93046FEF7E7F80198D6E76FF020
S3150200618031020192002CEAD00A4A2946C3E90D25BA
S3150200619001AA5A64204600F01BFA3B68C3E90033A1
S315020061A0DDE76FF01000C1E7C4E7032234E3002203
S315020061B030E30022E881020238E3002270B5294B5F
S315020061C01B68002B04DC284A12680AB1002846D054
S315020061D0441E1F2C40D8002B234E04DC336813B117
S315020061E09B6883423BD0FEF7B7F870221F4B0546E9
S315020061F002FB043090F82F20510715D1002A14BF54
S315020062006FF028046FF02904194B32681B689A4212
S3150200621005D0184B1B682B4301D1FEF7B5F828466B
S31502006220FEF792F8204670BD920707D5416B124AD7
S31502006230914203D100F0C3F90024E5E770226FF022
S31502006240004102FB0433DA6B8A4202D00132DA637E
S31502006250F2E76FF02A04D7E76FF01104E2E76FF076
S315020062602804DFE7C4E7032234E3002220D4002215
S3150200627030E3002238E30022E881020200232DE9FE
S31502006280F341041E019337DBDFF88480D8F800302F
S3150200629023B16FF0180002B0BDE8F081184B1B68FD
S315020062A0002BF6DC174E3368002BF2D0FEF751F8BE
S315020062B005460028EDD1ECB1FEF74EF83368124AD6
S315020062C00746C3E90D2501AA5A642946204600F06D
S315020062D0A1F93368C3E900330C4B32681B689A4252
S315020062E005D0D8F800303B4301D1FEF74DF83846C9
S315020062F0FEF72AF80198CEE76FF01000CBE700BF51
S31502006300C4E7032234E30022DC81020230E30022E6
S3150200631038E300220A4B30B5184600250521094A02
S315020063201B6001391446436002F1280201D10020A4
S3150200633030BD42E9093542F8280C1C602346F0E7D5
S3150200634064E400226CE400220A4B30B518460025AC
S315020063500921094A1B6001391446436002F12402ED
S3150200636001D1002030BD42E9083542F8240C1C60F8
S315020063702346F0E73CE3002244E3002230B50C4B0F
S315020063800C4D1A682B6802F100420132AB4205D06D
S3150200639081688C1A9968891A8C4206D25A68C0E9B1
S315020063A000325A681060586030BD1B68EEE700BFC5
S315020063B020E5002210E50022002200230C4910B538
S315020063C0C1E900230B490024C1E900230A4BC3E9B2
S315020063D00033FDF7C1FF4FF0E02306221A61074A98
S315020063E05A6107229C611A61FDF7AEFF204610BD75
S315020063F018E5002220E5002210E500227F9698008B
S315020064004FF0E02300221A6170470000C0E903231F
S315020064104B1C10B404D1C0E900005DF8044B704770
S31502006420044B5DF8044B1B680A3319448160FFF77D
S31502006430A5BF00BF20E5002210B4C0E90323044B28
S315020064405DF8044B1B680A330B448360FFF796BF63
S3150200645020E500224FF0E02370B51A694FF0007272
S31502006460C3F8042DFDF778FF0446184B184ED3E9FE
S31502006470001211F10A0542F10002C3E90052336823
S31502006480B34203D09A68AA1A002A0ADA114B1A688A
S31502006490114B1B689A4211D12046BDE87040FDF7A8
S315020064A053BF1A6893421FBF59680A605968516000
S315020064B0DA68002AE3D018699047E0E7074B1B68C1
S315020064C02343E9D1FDF760FFE6E700BF20E500229E
S315020064D010E5002234E3002230E3002238E30022F2
S315020064E008B5FFF799FC002823DBFFF77BFB0028A2
S315020064F01FDBFEF77FFD00281BDBFEF711FF0028DE
S3150200650017DBFFF713FB002813DBFFF727FB002837
S315020065100FDBFFF78FF900280BDBFFF701F90028E5
S3150200652007DBFFF7F7FE002803DBFFF70DFF00EAA4
S31502006530E07008BD036883421FBF42681360426869
S315020065405A60704710B5FFF7F5FF90F82F300446F2
S31502006550022B08D1FFF7D8FC636B9B683BB1204640
S31502006560BDE810401847042380F82F30F4E710BD29
S3150200657010B590F82E200B688B4203D093F82E406C
S31502006580944206D95A68C0E900325A6810605860C7
S3150200659010BD1B68F0E7014608B55430FFF7CAFF85
S315020065A00846FFF7C7FF91F82F30022B03D1BDE84B
S315020065B00840FFF7A9BC042381F82F3008BD10B5A7
S315020065C00446FFF7E8FF0022636C1A6010BD000064
S315020065D070B50E4D0446286890F82F30012B0AD06C
S315020065E0042B0FD02B682146BDE87040084A03F100
S315020065F05400FFF70BBFFFF7AFFC02222B6883F8AC
S315020066002F20EFE7062380F82F30EBE734E3002252
S315020066104565000270B50E4D0446286890F82F3085
S31502006620012B0AD0042B0FD02B682146BDE87040FF
S31502006630084A03F15400FFF7FFBEFFF78DFC022262
S315020066402B6883F82F20EFE7062380F82F30EBE73D
S3150200665034E300224565000270B504466FF0320647
S315020066602568AC4200D170BD2846FFF794FF6B6CDB
S315020066701E60F5E76FF0310238B50F4D04462B6800
S3150200668008465B6C1A60A9B12B68A2689A632169F5
S31502006690FFF79EFF2369DB0705D521462868BDE87B
S315020066A03840FFF765BF62682B68C3E9004262683B
S315020066B01360636038BD00BF34E3002210B50446A0
S315020066C00846FFF737FF2146BDE81040FFF750BFE7
S315020066D003461A68084693420BD01B69DB0707D5A7
S315020066E091F82E1092F82E30994228BF1046704724
S315020066F01046704708B5FDF72FFEFDF7C2FFFEF7FD
S31502006700D5FF002803DA1C48FDF7DAFFFEE7FDF79E
S3150200671091FF002803DA1948FDF7D2FFF6E7FDF7E5
S3150200672005FF002803DA1648FDF7CAFFEEE7FFF772
S31502006730D7FE002805DA1348FDF7C2FFFDF781FFF1
S31502006740E4E7FFF739FE002801DA0F48F4E70F48BD
S31502006750FFF718FC00280DDB0021FFF781FC00285B
S3150200676004DBFDF7FFFDFFF74BFEE7E70848FDF701
S31502006770A7FFF8E70748FAE7C12A0102D72A01026A
S31502006780EC2A0102052B0102272B0102F4810202E7
S31502006790452B0102692B010208B5FFF731FEFDF711
S315020067A050FFFEE710B5FEF725FA002813DBFDF7CA
S315020067B043FF00280FDB002203210D48FEF760F994
S315020067C000F032F80446FDF739FF002C09DB0948D0
S315020067D0FDF776FF08E00848FDF772FFFDF72EFF8A
S315020067E0F5E72046FDF732FFBDE81040FFF7D4BFBC
S315020067F08D2B0102C82B0102AF2B010208B50A201C
S31502006800FFF73CFDFBE700001FB50023019303934E
S31502006810082301A80293FEF705FC024B186005B097
S315020068205DF804FBE8E8032210B526490020F9F7D3
S31502006830F9FFFFF7E9FF2448FFF7A4FB234C0021E9
S315020068402060FFF70DFC226821490020F9F7EAFFD4
S315020068502048FFF797FB204C00212060FFF700FC41
S3150200686022681E490020F9F7DDFF1D48FFF78AFB63
S315020068701C4C00212060FFF7F3FB22681A49002016
S31502006880F9F7D0FF1948FFF77DFB194C002120606C
S31502006890FFF7E6FB226817490020F9F7C3FF1648FF
S315020068A0FFF770FB154C00212060FFF7D9FB226829
S315020068B013490020F9F7B6FF4FF0FF30FFF728FC27
S315020068C0002010BDE02B010238000022E4E803227A
S315020068D0002C010274000022FCE80322122C0102A1
S315020068E050000022ECE80322232C01028C00002235
S315020068F000E90322392C0102A400002204E9032242
S315020069004C2C01027FB540F6B830FFF7B7FC0022E7
S31502006910154B1A706A461646144B03F110051446B7
S3150200692018685968083303C4AB422246F7D10023DC
S315020069300F4D30462B7000F072FB314602460D4871
S31502006940FBF790F804460C4E287830B14FF4FA6003
S31502006950FFF794FC204604B070BD3146F9F762FF9A
S315020069600120FFF78BFCEFE7CDE503228F2C010216
S31502006970CCE503226CE60322632C010270B50024E7
S3150200698088B0114B024611496846114D1C7000F041
S31502006990F9FA68462C7000F042FB694602460D4839
S315020069A0FBF760F804460C4E287830B14FF47A7043
S315020069B0FFF764FC204608B070BD3146F9F732FF96
S315020069C00120FFF75BFCEFE7CDE503229F2C0102D6
S315020069D0CCE503226CE60322632C01027FB500207C
S315020069E021490390F9F71EFFFFF78CFF1F4D204E3A
S315020069F029460020F9F716FF4FF0FF30FFF788FB14
S31502006A0031460020F9F70EFF1A4B4FF0FF32186895
S31502006A1003A9FEF7F9FC039B17495A680020F9F708
S31502006A2001FF039B15495C6800200134A4B222468B
S31502006A30F9F7F8FE2046FFF7A1FF11490020F9F702
S31502006A40F1FE104B03991868FEF7CCFF0E4B18683F
S31502006A50FFF7B4FB0028CBDA00900C4B0C4A0D4929
S31502006A600020F9F7DFFEC3E7AF2C0102C42C0102B6
S31502006A70DA2C01021CE90322EB2C01020D2D010284
S31502006A80252D010218E90322FCE80322552D0102F5
S31502006A900C820202512501022DE9F0434E4885B0CF
S31502006AA0FEF7C0FA4D4D4E4E4E4FDFF8408128603C
S31502006AB04FF0FF39FAF716F831460020F9F7B2FE21
S31502006AC01022012103AB2868CDF80090FEF784FB63
S31502006AD0FAF720F8FAF72CF8F9F706FFF9F724FF88
S31502006AE00446024639460020F9F79CFE002CE1DBFB
S31502006AF03D483E4A4FF0FF3308210068FEF7E4FEA8
S31502006B003B4BD8F8001018684C60FEF721FC394957
S31502006B100020F9F787FE384B1868FFF74FFB021E75
S31502006B2003DA00203549F9F77DFE41F28830FFF796
S31502006B30A5FB4FF0FF30FFF7EBFA00203049F9F7DB
S31502006B4071FE012CB6DDDFF8E0902E484A464FF082
S31502006B50FF3308210068FEF7B7FE2B4BD9F8001069
S31502006B60023418684C60FEF7F3FB28490020F9F757
S31502006B7059FE274B1868FFF721FB021E03DA002095
S31502006B802449F9F74FFEDFF8A49023484A464FF00E
S31502006B90FF3308210068FEF797FE204BD9F8001054
S31502006BA018684C60FEF7D4FB1D490020F9F73AFE3F
S31502006BB01C4B1868FFF702FB021E03DA0020154978
S31502006BC0F9F730FE4FF0FF30FFF7A2FA0C4900202A
S31502006BD0F9F728FE6CE700BF68000022882C012224
S31502006BE0722D01028B2D010218E90322F8E8032215
S31502006BF01CE90322A82D0102ECE80322C62D01029C
S31502006C00E32D010208E903220CE90322F42D010215
S31502006C1004E903220B2F010210E9032214E90322DD
S31502006C20122E010200E90322F4E80322F0E803220D
S31502006C307FB5002402461149684600F0A3F9104BBD
S31502006C406A4610492046104D1C70F9F7EBFD68465E
S31502006C502C7000F0E4F9694602460C48FAF702FF86
S31502006C6004460B4E287810B1204604B070BD31465A
S31502006C70F9F7D8FD0120FFF701FBF3E71F2C01020C
S31502006C80CFE503222D2E0102CEE50322A0E6032242
S31502006C904D2E0102002030B51D4985B00390F9F74B
S31502006CA0C1FD1C4C1C4D21460020F9F7BBFD4FF0DF
S31502006CB0FF30FFF72DFA29460020F9F7B3FD174BEF
S31502006CC04FF0FF32186803A9FEF79EFB039B144997
S31502006CD05A680020F9F7A6FD039B5868FFF7A8FF3C
S31502006CE010490020F9F79EFD0F4B03991868FEF72D
S31502006CF079FE0E4B1868FFF761FA0028D3DA009086
S31502006D000B4B0C4A0C490020F9F78CFDCBE700BF70
S31502006D10792E01028E2E0102A42E010214E903220B
S31502006D20B52E0102D32E010210E90322FCE803224A
S31502006D30052F01021A820202512501027FB50024A3
S31502006D4002461149684600F01DF9104B6A46104981
S31502006D502046104D1C70F9F765FD68462C7000F050
S31502006D605EF9694602460C48FAF77CFE04460B4E6B
S31502006D70287810B1204604B070BD3146F9F752FDAD
S31502006D800120FFF77BFAF3E7222F0102D1E5032266
S31502006D90252F0102D0E50322D4E60322492F010260
S31502006DA013B5002015490190F9F73CFD144C214614
S31502006DB00020F9F737FD4FF0FF30FFF7A9F9114927
S31502006DC00020F9F72FFD104B01A94FF0FF3218688A
S31502006DD0FEF71AFB019B0D495A680020F9F722FDBE
S31502006DE0019B5868FFF7AAFF09490020F9F71AFD27
S31502006DF0084B01991868FEF7F5FDD8E7752F0102D1
S31502006E008A2F0102A02F01020CE90322B12F0102EF
S31502006E10CF2F010208E90322024B0146186800F04F
S31502006E2025B800BFBC00002270B50F4E0C460546C1
S31502006E30316811B900F0CEF830602146284600F0DC
S31502006E40C9F8431C03D14FF0FF34204670BDC41C61
S31502006E5024F00304A042F8D0211A284600F0BAF81A
S31502006E600130F2D1EFE700BF20E903222DE9F84312
S31502006E70CD1C064625F0030508350C2D38BF0C251A
S31502006E80002D01DBA94204D90C2333600020BDE8A2
S31502006E90F883DFF8D48000F069F8D8F800301C4691
S31502006EA044BB29463046FFF7BFFF431C044658D170
S31502006EB0D8F800402746002F43D1002C4BD0236838
S31502006EC03946304604EB030900F084F8814542D185
S31502006ED0216830466D1A2946FFF7A6FF01303AD0DF
S31502006EE023682B442360D8F800305A6862BBC8F87E
S31502006EF000700FE02268521B20D40B2A17D96119A1
S31502006F00A342256018BF5960636808BFC8F800101D
S31502006F1062514B60304600F02FF804F10B00231D3E
S31502006F2020F00700C21A1CBF1B1AA350AFE7626803
S31502006F30A3420CBFC8F800205A60EBE723466468F8
S31502006F40AEE73C467F68B6E71A465B68A342FBD1CA
S31502006F5000235360DEE70C233046336000F00CF862
S31502006F6094E70560D6E700BF24E90322014800F052
S31502006F7047B800BF64EA0322014800F042B800BFE6
S31502006F8064EA03220EB400B59CB06FF000411DAB5B
S31502006F9002900690079104910848094953F8042B78
S31502006FA0059102A90068019300F0E8F8029B00220D
S31502006FB01A701CB05DF804EB03B07047BC000022E7
S31502006FC00802FFFF02440346934200D1704703F8CA
S31502006FD0011BF9E738B50023054D044608462B6028
S31502006FE0FCF7BEF8431C02D12B6803B1236038BDFF
S31502006FF060EA0322014B1868704700BFBC000022FA
S31502007000704770470A44431E914200D1704710B53B
S3150200701011F8014B914203F8014FF9D110BD034615
S3150200702013F8012B002AFBD1181A01387047000009
S3150200703038B50546002941D051F8043C0C1F002BF7
S31502007040B8BFE418FFF792FF1D4A136833B96360AD
S3150200705014602846BDE83840FFF78EBFA34208D920
S31502007060206821188B4201BF19685B6809182160E4
S31502007070EDE71A465B680BB1A342FAD911685018BC
S31502007080A0420BD120680144501811608342E0D11E
S3150200709018685B68084453601060DAE702D90C236B
S315020070A02B60D6E7206821188B4202BF19685B68FD
S315020070B00918636008BF21605460CAE738BD00BF83
S315020070C024E903222DE9F0471F468E6882460C46C4
S315020070D0BE4290460B682DD8B1F90C2012F4906F7F
S315020070E026D06569096905EB4505A3EB01097B1CF9
S315020070F005EBD5754B446D109D4238BF1D465305B1
S3150200710027D52946FFF7B2FE064660B34A462169ED
S31502007110FFF778FFA38923F4906343F08003A381EA
S3150200712026614E446561A5EB090526603E46A560CB
S31502007130BE4200D93E4632464146206800F0AAFACF
S31502007140A36800209B1BA360236833442360BDE829
S31502007150F0872A4600F0C6FA06460028E0D12169E1
S315020071605046FFF765FF0C234FF0FF30CAF8003098
S31502007170A38943F04003A381E9E700002DE9F04F1C
S3150200718098468B899DB007461B060D46144610D5B8
S315020071900B6973B94021FFF769FE2860286130B98F
S315020071A00C233B604FF0FF301DB0BDE8F08F40234B
S315020071B06B610023CDF80C804FF00109DFF8A08146
S315020071C0099320238DF8293030238DF82A3023465F
S315020071D09A4613F8012B0AB1252AF9D1BAEB040B08
S315020071E00BD05B46224629463846FFF76BFF013035
S315020071F000F0A780099A5A4409929AF80030002BA7
S3150200720000F09F8000234FF0FF320AF1010A049337
S3150200721007938DF853301A93CDE905235446052278
S315020072204F4814F8011B00F04FFA049AD8B9D00659
S3150200723044BF20238DF85330110744BF2B238DF80A
S3150200724053309AF800302A2B15D0079A544600205C
S315020072504FF00A0C214611F8013B303B092B4BD962
S31502007260B0B1079214E0A0EB0803A24609FA03F3B1
S3150200727013430493D2E7039B191D1B68002B03914A
S31502007280BBBF5B4242F0020207930793B8BF049268
S3150200729023782E2B0AD163782A2B32D1039B023410
S315020072A01A1D1B6843EAE37303920593DFF8C0A035
S315020072B003222178504600F007FA38B1A0EB0A0003
S315020072C04022049B013482401343049314F8011BA9
S315020072D0062224488DF8281000F0F6F9002836D048
S315020072E0214B1BBB039B073323F00703083303938E
S315020072F0099B334409936AE70CFB02320C460120D0
S31502007300A8E7002301344FF00A0C194605932046DC
S3150200731010F8012B303A092A03D9002BC6D0059161
S31502007320C4E70CFB012104460123F0E703AB2A461E
S3150200733004A9384600930D4BAFF30080421C064663
S31502007340D6D1AB895B063FF52DAF09982CE703AB87
S315020073502A4604A938460093044B00F07DF8EDE76F
S31502007360F52F0102FF2F010200000000C570000286
S31502007370FB2F01022DE9F047164698468A68074612
S315020073800B690C46DDF820909342B8BF1346336072
S3150200739091F843200AB1013333602368990642BF4C
S315020073A0336802333360256815F0060506D104F109
S315020073B0190AE36832689B1AAB422BDC94F8433015
S315020073C02268003B18BF0123920630D404F143021F
S315020073D041463846C847013023D023681A3454F848
S315020073E00A2C03F00603042B0ABF54F80E5C002590
S315020073F033684FF0000608BFED1A54F8123C08BF76
S3150200740025EAE5759342C4BF9B1AED18B5421AD117
S31502007410002008E00123524641463846C84701305B
S3150200742003D14FF0FF30BDE8F0870135C1E7E1181F
S315020074305A1C30200233224481F8430094F8451046
S3150200744082F84310C2E70123224641463846C8471E
S315020074500130E6D00136D9E72DE9FF470F7E914686
S3150200746080460C46782F9A460C9E01F1430207D8B5
S31502007470622F0AD8002F00F0D180582F00F0B88072
S3150200748004F1420684F842703AE0A7F16303152B31
S31502007490F6D801A151F823F0F17400020575000235
S315020074A081740002817400028174000281740002F8
S315020074B00575000281740002817400028174000263
S315020074C081740002037600022F750002BD75000268
S315020074D08174000281740002257600028174000222
S315020074E02F7500028174000281740002C5750002C4
S315020074F033681A1D1B68326004F1420684F8423072
S3150200750001239CE033682068191D3160060601D507
S315020075101D6803E04506FBD5B3F90050002D03DADA
S315020075202D236D4284F8433058480A2311E021681E
S315020075303368080653F8045B02D4490648BFADB265
S315020075406F2F3360514814BF0A230823002184F8A1
S3150200755043106668002EA66005DB21682E4321F0E3
S31502007560040121604BD01646B5FBF3F103FB11571C
S31502007570C75D06F8017D2F460D46BB42F4D9082B9E
S315020075800BD12368DF0708D5236961689942DEBFFC
S31502007590302306F8013C06F1FF36921B22614B4668
S315020075A003AA21464046CDF800A0FFF7E3FE0130CC
S315020075B04AD14FF0FF3004B0BDE8F087236843F0AC
S315020075C02003236078273248236884F845701F0613
S315020075D0316851F8045B02D45F0648BFADB2316030
S315020075E0D90744BF43F0200323601DB11023ADE742
S315020075F02648E9E7236823F020032360F6E71646C8
S31502007600BDE733682568181D616930602E061B6860
S3150200761001D5196002E06806FBD5198000231646DB
S315020076202361BCE7336800211A1D32601E68626856
S31502007630304600F049F808B1801B60606368236138
S31502007640002384F84330AAE7236932464946404676
S31502007650D0470130ADD023689B0713D4E068039B63
S315020076609842B8BF1846A6E7012332464946404625
S31502007670D04701309DD00135E36803995B1AAB42CE
S31502007680F2DCEBE7002504F11906F5E70630010204
S3150200769017300102884210B501EB020402D9844276
S315020076A0234607D8431EA14208D011F8012B03F83E
S315020076B0012FF8E7024401468A4200D110BD13F8B1
S315020076C0014D02F8014DF7E7C9B20346024410B56F
S315020076D09342184601D1002003E0047801338C421C
S315020076E0F6D110BD2DE9F041074614460D4621B9E3
S315020076F01146BDE8F041FFF7B9BB2AB92546FFF7A7
S3150200770097FC2846BDE8F08100F01AF88442064646
S3150200771002D8B4EB500FF4D821463846FFF7A6FB41
S31502007720804608B94546ECE7B4422246294628BFB8
S315020077303246FFF767FC29463846FFF779FCF1E740
S3150200774051F8043C181F002BBCBF0B58C0187047D9
S3150200775008B52DED028BB0EE408A00F061FBB4EE67
S31502007760488AF1EE10FA06D6DFED098AB4EEE88A07
S31502007770F1EE10FA02D4BDEC028B08BDFFF73AFC1B
S3150200778088EEA80A21230360BDEC028B08BD00BF68
S315020077900000000010EE103AB3F17E5F3BD0A3F575
S315020077A000011A46B1F1FE4F38D22A49BFEE000B4C
S315020077B029481144294B0840C1F3C34CC915121A72
S315020077C003EE901A02EE902AB8EEE33BB7EEE22AF7
S315020077D093ED445B93ED467B93ED404B93ED426B09
S315020077E003EB0C132DED028B93ED008B93ED021B35
S315020077F0A8EE020BA3EE041BBDEC028BA5EE007BEA
S3150200780020EE005B30EE010BA6EE057BA5EE070B24
S31502007810B7EEC00B70479FED120A7047590014D09D
S31502007820B3F1FF4F14D0B1F17F4F0AD2002B08DB20
S31502007830DFED0C7A60EE277A17EE903AA3F1386202
S31502007840B3E700EE103A00F0DBBA012000F0C6BA48
S31502007850704700BF0000CDC0000080FF70830202A7
S31502007860000000000000004B10EE103A10EE90CA25
S315020078706FF080724FEA4C0130B4A3F500041D4646
S31502007880481EB4F1FE4F2DED028B82B077D29042A4
S3150200789080F0B5800020BE4ABFEE006BBD4BB7EE4E
S315020078A0E02A2A4448F2BF011340C2F3C342EC1A4B
S315020078B0DB1507EE103AB84B01EE104A03EB021243
S315020078C0B8EEC77BB7EEC11A92ED008B92ED020BB2
S315020078D093ED443BA8EE016B37EE007B93ED485BDC
S315020078E093ED464BA6EE057BA6EE034B26EE061B54
S315020078F093ED403B93ED425BA1EE047BA6EE035B68
S3150200790021EE016BA5EE067B22EE077B17EE903A7F
S31502007910C3F3CF338B424ED2A04AB7EE000B0021FF
S3150200792092ED402B92ED424B92ED446B37EE023BC9
S3150200793092ED465B33EE422B13EE103AC01803F07B
S315020079401F0337EE427B02EBC30C52F83330A7EE2D
S31502007950046BCC18DCF8043003EBC035A7EE050B3C
S3150200796027EE077BA6EE070B45EC174B20EE070B1F
S31502007970B7EEC00B02B0BDEC028B30BC7047904232
S3150200798080F0AE805900481E904280F09280002B13
S3150200799044DB0020B5F5000FBFF47DAFDFED807A42
S315020079A007EE103A67EE277A17EE902A22F0004287
S315020079B0A2F138656FE79FED6E6BB4EEC67BF1EE12
S315020079C010FA16DC9FED6C6BB4EEC67BF1EE10FA84
S315020079D03CDD4FF04C5300285DD0BFEE006A0193A8
S315020079E0DDED016A76EE666AF4EE466AF1EE10FAAB
S315020079F092D002B0BDEC028B30BC00F0E9B900298E
S31502007A0000F0A080B3F17E5F3DD18CF4800252007B
S31502007A1012F5000F3AD8B7EE000AABE7CCF3C7521D
S31502007A207E2A28D9962A75D80121C2F1960201FA30
S31502007A3002F2511E11EA0C0F1DD112EA0C0F14BFED
S31502007A4001200020000425F00045A3E79FED4C6BC2
S31502007A50B4EEC67BF1EE10FA3CD99FED4B6BB4EE59
S31502007A60C67BF1EE10FA7FF557AF02B0BDEC028B82
S31502007A7030BC00F0A7B900EE103A02B0BDEC028BA2
S31502007A8030BC00F0BDB9B1F17F4F6CD007EE903A31
S31502007A9037EEA00A6EE7B7EE006A0093DDED006AE4
S31502007AA076EE866AF4EE466AF1EE10FA3FF434AFE9
S31502007AB09FE7002B20EE000A2EDB0020002949D189
S31502007AC0BCF1000FBFF656AF02B0BDEC028B30BC64
S31502007AD000F084B902B0BDEC028B30BC00F06CB988
S31502007AE081B3B1F17F4F4FEA4302CFD1B2F17F4F5B
S31502007AF0CCD8B2F1FE4F8ED0B2F1FE4F6FEA0C0C2B
S31502007B0034BF002201224FEADC7C62452DD09FED74
S31502007B10250A2FE7002096E7CCF3C753A3F17F028D
S31502007B20172ACAD8C3F19600012303FA00F0421EAF
S31502007B3012EA0C0FC1D110EA0C00BFD0B1EE400A16
S31502007B401846BBE785F48002520012F5000F7FF655
S31502007B5062AF9BE7BCF1000FBFF60CAFF7EE007AFF
S31502007B6087EE800A06E75A00C6E720EEA00A01E77A
S31502007B7071D5D1FFFFFF5F40E2AAA3FFFFFF5F407F
S31502007B800000000000C062C00000000000A062C049
S31502007B900000CDC0000080FFD085020228820202CA
S31502007BA00000004B0000000038B510EE104AB7EE98
S31502007BB0C07AC4F30A53B3F57D7F1ED2B3F5667F4E
S31502007BC027EE077B6FD36A4B27EE071B93ED0E2B2F
S31502007BD093ED0C6B93ED143B93ED125BA7EE026BE8
S31502007BE0A7EE035B27EE017B93ED104BA1EE046B30
S31502007BF0A5EE076BB7EEC60B38BD40F22E42934296
S31502007C0054D85B4991ED086B91ED0A5B01F1700264
S31502007C1027EE066BFDEEC66B16EE903A03F50003F1
S31502007C201B1606EE903A13F0020FB8EEE66B08BF8B
S31502007C300A46D807A6EE457B27EE076B1AD503F050
S31502007C40030301EBC30192ED1A2B92ED184B92ED51
S31502007C50163B91ED005B27EE057BA6EE024B27EE67
S31502007C60065BA5EE037B26EE055BA4EE057BB7EE6F
S31502007C70C70B38BD92ED0E2B92ED0C0B26EE065B72
S31502007C80A6EE020B92ED143B92ED127B92ED104B97
S31502007C90A6EE037BA5EE040B26EE056BA7EE060BFE
S31502007CA0B7EEC00B38BDB7EE000A38BDB3F5FF6FAD
S31502007CB03DD2C4F383602F4AC4F31603C4F3C255FC
S31502007CC002EB800152F8202043F40003086AAB401D
S31502007CD00969A0FB035003FB02F2E3FB010202F176
S31502007CE000518D0F01F04041511A05EBD47400F09A
S31502007CF029FA214B14F0020FA3F170029FED1A6BC1
S31502007D0041EC170B08BF1346E90727EE067B27EE61
S31502007D10076B10D504F0030402EBC40293ED1A2B91
S31502007D2093ED184B93ED163B92ED005B93E7BDE89E
S31502007D30384000F065B893ED0E1B93ED0C7B26EEF2
S31502007D40064BA6EE017B93ED142B93ED125B93ED9E
S31502007D50103BA6EE025BA4EE037B26EE046BA5EEB9
S31502007D60067BB7EEC70B38BD182D4454FB21193CD0
S31502007D70F0840202908402026085020210B52DEDA3
S31502007D80028BB0EE408A0446FFF734F90460B0EE87
S31502007D90480ABDEC028B10BD30B1F1EE407A2220CA
S31502007DA027EE800AFFF7EABFF0EE407A222027EE9E
S31502007DB0800AFFF7E3BF00BF9FED010AFFF7ECBFA2
S31502007DC0000000109FED010AFFF7E6BF0000201A2F
S31502007DD09FED010AFFF7E0BF00000070F7EE007AA0
S31502007DE00028BFEE007A9FED050A4FF0220047FEFB
S31502007DF0877A87EE800AFFF7C1BF00BF0000000046
S31502007E00F0EE407A30EE407AF4EE677A87EE070AB1
S31502007E10F1EE10FA02D62120FFF7B0BF704700BF7D
S31502007E20B1EEC00A704700BF81F0004102E000BF18
S31502007E3083F0004330B54FEA41044FEA430594EA22
S31502007E40050F08BF90EA020F1FBF54EA000C55EA5D
S31502007E50020C7FEA645C7FEA655C00F0E2804FEA2E
S31502007E605454D4EB5555B8BF6D420CDD2C4480EA10
S31502007E70020281EA030382EA000083EA010180EA40
S31502007E80020281EA0303362D88BF30BD11F0004F8E
S31502007E904FEA01314FF4801C4CEA113102D04042C4
S31502007EA061EB410113F0004F4FEA03334CEA1333FF
S31502007EB002D0524263EB430394EA050F00F0A78017
S31502007EC0A4F10104D5F1200E0DDB02FA0EFC22FA12
S31502007ED005F2801841F1000103FA0EF2801843FA06
S31502007EE005F359410EE0A5F120050EF1200E012AF7
S31502007EF003FA0EFC28BF4CF0020C43FA05F3C01835
S31502007F0051EBE37101F0004507D54FF0000EDCF1AD
S31502007F10000C7EEB00006EEB0101B1F5801F1BD356
S31502007F20B1F5001F0CD349085FEA30004FEA3C0C5A
S31502007F3004F101044FEA445212F5800F80F09A8050
S31502007F40BCF1004F08BF5FEA500C50F1000041EB54
S31502007F50045141EA050130BD5FEA4C0C404141EB58
S31502007F600101013C28BFB1F5801FE9D291F0000F53
S31502007F7004BF01460020B1FA81F308BF2033A3F102
S31502007F800B03B3F120020CDA0C3208DD02F1140CF9
S31502007F90C2F10C0201FA0CF021FA02F10CE002F134
S31502007FA01402D8BFC2F1200C01FA02F120FA0CFC2D
S31502007FB0DCBF41EA0C019040E41AA2BF01EB045176
S31502007FC0294330BD6FEA04041F3C1CDA0C340EDC74
S31502007FD004F11404C4F1200220FA04F001FA02F3B7
S31502007FE040EA030021FA04F345EA030130BDC4F175
S31502007FF00C04C4F1200220FA02F001FA04F340EA6A
S315020080000300294630BD21FA04F0294630BD94F01A
S31502008010000F83F4801306BF81F480110134013D01
S315020080204EE77FEA645C18BF7FEA655C29D094EA72
S31502008030050F08BF90EA020F05D054EA000C04BFF0
S315020080401946104630BD91EA030F1EBF00210020DB
S3150200805030BD5FEA545C05D14000494128BF41F07A
S31502008060004130BD14F580043CBF01F5801130BDDE
S3150200807001F0004545F0FE4141F470014FF0000069
S3150200808030BD7FEA645C1ABF194610467FEA655C1A
S315020080901CBF0B46024650EA013406BF52EA0335BC
S315020080A091EA030F41F4002130BD00BF90F0000FAA
S315020080B004BF0021704730B54FF4806404F13204E6
S315020080C04FF000054FF0000150E700BF90F0000F9F
S315020080D004BF0021704730B54FF4806404F13204C6
S315020080E010F0004548BF40424FF000013EE700BF96
S315020080F042004FEAE2014FEA31014FEA02701FBF26
S3150200810012F07F4393F07F4F81F06051704732F057
S315020081107F4208BF704793F07F4F04BF41F40021AE
S31502008120704730B54FF4607401F0004521F000410C
S315020081301CE700BF50EA010208BF704730B54FF096
S3150200814000050AE050EA010208BF704730B511F097
S31502008150004502D5404261EB41014FF4806404F1CF
S3150200816032045FEA915C3FF4D8AE4FF003025FEA55
S31502008170DC0C18BF03325FEADC0C18BF033202EBD9
S31502008180DC02C2F1200300FA03FC20FA02F001FA33
S3150200819003FE40EA0E0021FA02F11444BDE600BFD6
S315020081A0434F503101001000083000000000061055
S315020081B00500000005000000050000000200FE02A6
S315020081C00F01010000400000401F000001400000B6
S315020081D00000000002400000000000000340000012
S315020081E0000000000B0130000C0130000A010400FF
S315020081F004010100064000000100000005400000E5
S315020082000A000000044000000200000009015700B5
S31502008210050101000701000000010400010101003F
S3150200822003010500020101001F01010010400000C8
S315020082300000000011400000000000001240000093
S315020082400000000013400000000000001B0118009F
S315020082501C0118001A010400120118001101040081
S3150200826013013F00164000005000000015400000B8
S31502008270400100001440000010000000180180FFB9
S315020082801401410021010900200102002201060019
S31502008290280100002040000070200000214000005C
S315020082A0D00E00002901000022400000F01D00004F
S315020082B0234000008002000025010000260180FF05
S315020082C027017F00160119001501050017010F008D
S315020082D00D010A002D010E00240100002F010000ED
S315020082E00200000000400000000000000B01180020
S315020082F00C01180004013F00064000005000000077
S31502008300054000004001000004400000100000008B
S31502008310090180FF0501410000010100030101007E
S3150200832010400000401F000021010200220100004F
S3150200833020400000C031000021400000A0020000E1
S3150200834022400000402F000016010D0017011F00F9
S315020083500300000000400000401F00000001000072
S3150200836001010000030100000201000010400000AC
S315020083700000000021010000200100002040000052
S31502008380E0360000214000001010000022400000EC
S31502008390603400001601090017013F002F01030097
S315020083A00200000000400000000000000001010081
S315020083B00101010003010100020101001040000059
S315020083C0401F00002101020020010200204000009F
S315020083D07049000021400000B00200002240000067
S315020083E0F046000016010D0017011F002F010100C3
S315020083F00300000000400000401F000000010000D2
S31502008400010100000301000002010000104000000B
S3150200841000000000210100002001000020400000B1
S31502008420A04E000021400000101000002240000073
S31502008430204C00001601090017013F002F0103001E
S3150200844002000000004000000000000000010100E0
S3150200845001010100030101000201010010400000B8
S31502008460401F0000210102002001020020400000FE
S315020084703061000021400000B002000022400000EE
S31502008480B05E000016010D0017011F002F0101004A
S315020084900300000000400000401F00000001000031
S315020084A0010100000301000002010000104000006B
S315020084B00000000021010000200100002040000011
S315020084C060660000214000001010000022400000FB
S315020084D0E06300001601090017013F002F010300A7
S315020084E00200000000400000000000000001010040
S315020084F00101010003010100020101001040000018
S31502008500401F00002101020020010200204000005D
S31502008510F078000021400000B00200002240000076
S315020085207076000016010D0017011F002F010100D1
S315020085300300000000400000401F00000001000090
S3150200854001010000030100000201000010400000CA
S315020085500000000021010000200100002040000070
S31502008560207E000021400000C00F000022400000D3
S31502008570A07B00001601090017013F002F0103002E
S315020085800200000000400000000000001040000051
S31502008590401F00001B0100001C0100001A01000020
S315020085A01201000011010000164000004000000008
S315020085B015400000000100001440000040000000C9
S315020085C0140145002101180020010400204000008A
S315020085D060900000214000001004000022400000CC
S315020085E0E08D0000260100802701FF7F16010100B1
S315020085F0150101002D011E002F01000003000000DD
S31502008600244022000100000000400000401F00003C
S315020086100B0100000C0100000A01000006400000E8
S315020086204000000005400000000100000440000078
S315020086304000000009010000050149001040000049
S315020086400000000016400000100000001540000067
S315020086504000000014400000100000001401410117
S31502008660260180FF27017F000D012E002D012E001D
S315020086708D0112008F0100008040000000190000E9
S31502008680814000000000000082400000000000005F
S3150200869083400000000000008B0100008C010000F6
S315020086A08A010000864000000400000085400000A8
S315020086B0040000008440000004000000890100005C
S315020086C08501090080010400060000000040000048
S315020086D000000000064000001000000005400000F7
S315020086E0400000000440000010000000090180FF65
S315020086F00501410010400000400000001301040083
S3150200870016400000010000001540000005000000B0
S3150200871014400000050000001801E1FF14010100E9
S31502008720210100002001000020400000B09400005A
S3150200873021400000900100002240000070940000D9
S315020087402340000040000000170107000D010A0047
S315020087502D011E0002000000004000004000000043
S315020087600A010400040100000640000001000000A6
S315020087700540000005000000044000000100000062
S315020087800901E1FF05010100104000005000000050
S315020087901301000016400000100000001540000002
S315020087A010000000144000001000000014014100F7
S315020087B020010400050000003001000030400000E6
S315020087C050190000310103013140000000B80000D9
S315020087D032400000000400001000000025400000A6
S315020087E001000000264000000100000024400000B5
S315020087F0010000000A010000040104000440000018
S3150200880005000000104000000000000013010400F3
S315020088101640000040000000154000004000000025
S31502008820144000004000000018017F0014014501B9
S31502008830250110300D012E002D012E008D010A009A
S315020088408F010100804000005000000086400000B9
S315020088501000000085400000100000008440000067
S31502008860100000008901E1FF8501410011000000AE
S315020088700600020000400000000000000640000062
S3150200888040000000054000004000000004400000D7
S3150200889040000000090100000501490010400000E7
S315020088A040000000164000000400000015400000D1
S315020088B01400000014400000140000001801E1FF3B
S315020088C01401058025010000260161FF27016000D1
S315020088D08D0112008F01000080400000501D000033
S315020088E086400000040000008540000004000000ED
S315020088F0844000000400000089010000850109008F
S31502008900060008000040000040000000064000008B
S3150200891004000000054000001400000004400000AE
S31502008920140000000501090010400000600000006C
S315020089301301000016400000400000001540000030
S3150200894040000000144000004000000014014501F0
S31502008950200100000D0112002D011E00050002007B
S315020089600040000060000000040100000640000014
S3150200897040000000054000004000000004400000E6
S31502008980400000000501490010400000A000000060
S31502008990140145000D012E002D012E0006000700D0
S315020089A000400000A000000010400000400000004F
S315020089B016400000040000001540000004000000FC
S315020089C0144000000400000014010501804000006C
S315020089D0601D0000800140000600020010400000F9
S315020089E05000000080400000701D00008001000061
S315020089F02F01030006000200004000006000000094
S31502008A00140105008F0101008040000050000000A3
S31502008A102F0100000600090000400000500000007F
S31502008A2006400000040000000540000004000000AB
S31502008A3004400000040000000501090014010501BC
S31502008A408F01000080400000801D00000600020029
S31502008A501401050080400000701D00000600090098
S31502008A602440010001000000180100001401050164
S31502008A70260180FF27017F0080400000901D000034
S31502008A800600010024401F000000004010400000C4
S31502008A907000000080400000A01D000006000000DB
S31502008AA024400000010000000040000070000000A9
S31502008AB080400000B01D00000600010024401F0097
S31502008AC00000004010400000600000008F0101001D
S31502008AD08040000050000000060000002440000014
S31502008AE00100000000400000600000008F0100004D
S31502008AF080400000C01D0000800140000600020008
S31502008B0024401F00000000400040000070000000EA
S31502008B108F0101008040000060000000800100001B
S31502008B200600000024400000010000000040000092
S31502008B30600000001801E1FF260161FF27016000C5
S31502008B408F01000080400000D01D000006000000DA
S31502008B50004000007000000018010000260180FF9E
S31502008B6027017F008F0101008040000060000000A5
S31502008B700600010024401F000000004000400000E3
S31502008B8060000000104000007000000080400000FD
S31502008B905000000006000000244000000100000012
S31502008BA000400000700000008F01000080400000BD
S31502008BB0C01D0000800140000600020024401F0084
S31502008BC00000004000400000600000008F0101002C
S31502008BD080400000700000008001000006000000D6
S31502008BE02440000001000000004000007000000068
S31502008BF01801E1FF260161FF270160008F010000D5
S31502008C0080400000D01D0000060000000040000069
S31502008C106000000018010000260180FF27017F0086
S31502008C208F01010080400000700000000600010074
S31502008C3024401F00000000400040000070000000B9
S31502008C40104000006000000080400000500000005C
S31502008C500600000024400000010000000040000061
S31502008C60600000008F01000080400000C01D00006F
S31502008C70800140000600020024401F000000004060
S31502008C8000400000700000008F01010080400000DB
S31502008C906000000080010000060000002440000081
S31502008CA00100000000400000600000001801E1FF22
S31502008CB0260161FF270160008F010000804000004D
S31502008CC0D01D0000060000000040000070000000F9
S31502008CD018010000260180FF27017F008F01010095
S31502008CE08040000060000000060001000040000015
S31502008CF0600000008F01000080400000E01D0000BF
S31502008D000600000024401F00000000400040000052
S31502008D1000000000040104000640000040000000BC
S31502008D200540000040000000044000004000000032
S31502008D300501490010400000700000001301040004
S31502008D4016400000400000001540000040000000F0
S31502008D501440000040000000140145018F0101008B
S31502008D608040000060000000800104000600000050
S31502008D7024400000010000000040000070000000D6
S31502008D801040000000000000164000000100000034
S31502008D901540000005000000144000000500000018
S31502008DA0180180FF1401018080400000400000008D
S31502008DB0060008000000FFFF180C0000000000007B
S31502008DC0000000000000000000000000000000009B
S31502008DD0000000000000000000000000000000008B
S31502008DE0000000000000000000000000000000007B
S31502008DF0000000000000000000000000000000006B
S31502008E00000000000000000000000000000000005A
S31502008E10000000000000000000000000000000004A
S31502008E20000000000000000000000000000000003A
S31502008E30000000000000000000000000000000002A
S31502008E40000000000000000000000000000000001A
S31502008E50000000000000000000000000000000000A
S31502008E6000000000000000000000000000000000FA
S31502008E7000000000000000000000000000000000EA
S31502008E8000000000000000000000000000000000DA
S31502008E9000000000000000000000000000000000CA
S31502008EA000000000000000000000000000000000BA
S31502008EB000000000000000000000000000000000AA
S31502008EC0000000000000000000000000000000009A
S31502008ED0000000000000000000000000000000008A
S31502008EE0000000000000000000000000000000007A
S31502008EF0000000000000000000000000000000006A
S31502008F000000000000000000000000000000000059
S31502008F100000000000000000000000000000000049
S31502008F200000000000000000000000000000000039
S31502008F300000000000000000000000000000000029
S31502008F400000000000000000000000000000000019
S31502008F500000000000000000000000000000000009
S31502008F6000000000000000000000000000000000F9
S31502008F7000000000000000000000000000000000E9
S31502008F8000000000000000000000000000000000D9
S31502008F9000000000000000000000000000000000C9
S31502008FA000000000000000000000000000000000B9
S31502008FB000000000000000000000000000000000A9
S31502008FC00000000000000000000000000000000099
S31502008FD00000000000000000000000000000000089
S31502008FE00000000000000000000000000000000079
S31502008FF00000000000000000000000000000000069
S315020090000000000000000000000000000000000058
S315020090100000000000000000000000000000000048
S315020090200000000000000000000000000000000038
S315020090300000000000000000000000000000000028
S315020090400000000000000000000000000000000018
S315020090500000000000000000000000000000000008
S3150200906000000000000000000000000000000000F8
S3150200907000000000000000000000000000000000E8
S3150200908000000000000000000000000000000000D8
S3150200909000000000000000000000000000000000C8
S315020090A000000000000000000000000000000000B8
S315020090B000000000000000000000000000000000A8
S315020090C00000000000000000000000000000000098
S315020090D00000000000000000000000000000000088
S315020090E00000000000000000000000000000000078
S315020090F00000000000000000000000000000000068
S315020091000000000000000000000000000000000057
S315020091100000000000000000000000000000000047
S315020091200000000000000000000000000000000037
S315020091300000000000000000000000000000000027
S315020091400000000000000000000000000000000017
S315020091500000000000000000000000000000000007
S3150200916000000000000000000000000000000000F7
S3150200917000000000000000000000000000000000E7
S3150200918000000000000000000000000000000000D7
S3150200919000000000000000000000000000000000C7
S315020091A000000000000000000000000000000000B7
S315020091B000000000000000000000000000000000A7
S315020091C00000000000000000000000000000000097
S315020091D00000000000000000000000000000000087
S315020091E00000000000000000000000000000000077
S315020091F00000000000000000000000000000000067
S315020092000000000000000000000000000000000056
S315020092100000000000000000000000000000000046
S315020092200000000000000000000000000000000036
S315020092300000000000000000000000000000000026
S315020092400000000000000000000000000000000016
S315020092500000000000000000000000000000000006
S3150200926000000000000000000000000000000000F6
S3150200927000000000000000000000000000000000E6
S3150200928000000000000000000000000000000000D6
S3150200929000000000000000000000000000000000C6
S315020092A000000000000000000000000000000000B6
S315020092B000000000000000000000000000000000A6
S315020092C00000000000000000000000000000000096
S315020092D00000000000000000000000000000000086
S315020092E00000000000000000000000000000000076
S315020092F00000000000000000000000000000000066
S315020093000000000000000000000000000000000055
S315020093100000000000000000000000000000000045
S315020093200000000000000000000000000000000035
S315020093300000000000000000000000000000000025
S315020093400000000000000000000000000000000015
S315020093500000000000000000000000000000000005
S3150200936000000000000000000000000000000000F5
S3150200937000000000000000000000000000000000E5
S3150200938000000000000000000000000000000000D5
S3150200939000000000000000000000000000000000C5
S315020093A000000000000000000000000000000000B5
S315020093B000000000000000000000000000000000A5
S315020093C00000000000000000000000000000000095
S315020093D00000000000000000000000000000000085
S315020093E00000000000000000000000000000000075
S315020093F00000000000000000000000000000000065
S315020094000000000000000000000000000000000054
S315020094100000000000000000000000000000000044
S315020094200000000000000000000000000000000034
S315020094300000000000000000000000000000000024
S315020094400000000000000000000000000000000014
S315020094500000000000000000000000000000000004
S3150200946000000000000000000000000000000000F4
S3150200947000000000000000000000000000000000E4
S3150200948000000000000000000000000000000000D4
S3150200949000000000000000000000000000000000C4
S315020094A000000000000000000000000000000000B4
S315020094B000000000000000000000000000000000A4
S315020094C00000000000000000000000000000000094
S315020094D00000000000000000000000000000000084
S315020094E00000000000000000000000000000000074
S315020094F00000000000000000000000000000000064
S315020095000000000000000000000000000000000053
S315020095100000000000000000000000000000000043
S315020095200000000000000000000000000000000033
S315020095300000000000000000000000000000000023
S315020095400000000000000000000000000000000013
S315020095500000000000000000000000000000000003
S3150200956000000000000000000000000000000000F3
S3150200957000000000000000000000000000000000E3
S3150200958000000000000000000000000000000000D3
S3150200959000000000000000000000000000000000C3
S315020095A000000000000000000000000000000000B3
S315020095B000000000000000000000000000000000A3
S315020095C00000000000000000000000000000000093
S315020095D00000000000000000000000000000000083
S315020095E00000000000000000000000000000000073
S315020095F00000000000000000000000000000000063
S315020096000000000000000000000000000000000052
S315020096100000000000000000000000000000000042
S315020096200000000000000000000000000000000032
S315020096300000000000000000000000000000000022
S315020096400000000000000000000000000000000012
S315020096500000000000000000000000000000000002
S3150200966000000000000000000000000000000000F2
S3150200967000000000000000000000000000000000E2
S3150200968000000000000000000000000000000000D2
S3150200969000000000000000000000000000000000C2
S315020096A000000000000000000000000000000000B2
S315020096B000000000000000000000000000000000A2
S315020096C00000000000000000000000000000000092
S315020096D00000000000000000000000000000000082
S315020096E00000000000000000000000000000000072
S315020096F00000000000000000000000000000000062
S315020097000000000000000000000000000000000051
S315020097100000000000000000000000000000000041
S315020097200000000000000000000000000000000031
S315020097300000000000000000000000000000000021
S315020097400000000000000000000000000000000011
S315020097500000000000000000000000000000000001
S3150200976000000000000000000000000000000000F1
S3150200977000000000000000000000000000000000E1
S3150200978000000000000000000000000000000000D1
S3150200979000000000000000000000000000000000C1
S315020097A000000000000000000000000000000000B1
S315020097B000000000000000000000000000000000A1
S315020097C00000000000000000000000000000000091
S315020097D00000000000000000000000000000000081
S315020097E00000000000000000000000000000000071
S315020097F00000000000000000000000000000000061
S315020098000000000000000000000000000000000050
S315020098100000000000000000000000000000000040
S315020098200000000000000000000000000000000030
S315020098300000000000000000000000000000000020
S315020098400000000000000000000000000000000010
S315020098500000000000000000000000000000000000
S3150200986000000000000000000000000000000000F0
S3150200987000000000000000000000000000000000E0
S3150200988000000000000000000000000000000000D0
S3150200989000000000000000000000000000000000C0
S315020098A000000000000000000000000000000000B0
S315020098B000000000000000000000000000000000A0
S315020098C00000000000000000000000000000000090
S315020098D00000000000000000000000000000000080
S315020098E00000000000000000000000000000000070
S315020098F00000000000000000000000000000000060
S31502009900000000000000000000000000000000004F
S31502009910000000000000000000000000000000003F
S31502009920000000000000000000000000000000002F
S31502009930000000000000000000000000000000001F
S31502009940000000000000000000000000000000000F
S3150200995000000000000000000000000000000000FF
S3150200996000000000000000000000000000000000EF
S3150200997000000000000000000000000000000000DF
S3150200998000000000000000000000000000000000CF
S3150200999000000000000000000000000000000000BF
S315020099A000000000000000000000000000000000AF
S315020099B0000000000000000000000000000000009F
S315020099C0000000000000000000000000000000008F
S315020099D0000000000000000000000000000000007F
S315020099E0000000000000000000000000000000006F
S315020099F0000000000000000000000000000000005F
S31502009A00000000000000000000000000000000004E
S31502009A10000000000000000000000000000000003E
S31502009A20000000000000000000000000000000002E
S31502009A30000000000000000000000000000000001E
S31502009A40000000000000000000000000000000000E
S31502009A5000000000000000000000000000000000FE
S31502009A6000000000000000000000000000000000EE
S31502009A7000000000000000000000000000000000DE
S31502009A8000000000000000000000000000000000CE
S31502009A9000000000000000000000000000000000BE
S31502009AA000000000000000000000000000000000AE
S31502009AB0000000000000000000000000000000009E
S31502009AC0000000000000000000000000000000008E
S31502009AD0000000000000000000000000000000007E
S31502009AE0000000000000000000000000000000006E
S31502009AF0000000000000000000000000000000005E
S31502009B00000000000000000000000000000000004D
S31502009B10000000000000000000000000000000003D
S31502009B20000000000000000000000000000000002D
S31502009B30000000000000000000000000000000001D
S31502009B40000000000000000000000000000000000D
S31502009B5000000000000000000000000000000000FD
S31502009B6000000000000000000000000000000000ED
S31502009B7000000000000000000000000000000000DD
S31502009B8000000000000000000000000000000000CD
S31502009B9000000000000000000000000000000000BD
S31502009BA000000000000000000000000000000000AD
S31502009BB0000000000000000000000000000000009D
S31502009BC0000000000000000000000000000000008D
S31502009BD0000000000000000000000000000000007D
S31502009BE0000000000000000000000000000000006D
S31502009BF0000000000000000000000000000000005D
S31502009C00000000000000000000000000000000004C
S31502009C10000000000000000000000000000000003C
S31502009C20000000000000000000000000000000002C
S31502009C30000000000000000000000000000000001C
S31502009C40000000000000000000000000000000000C
S31502009C5000000000000000000000000000000000FC
S31502009C6000000000000000000000000000000000EC
S31502009C7000000000000000000000000000000000DC
S31502009C8000000000000000000000000000000000CC
S31502009C9000000000000000000000000000000000BC
S31502009CA000000000000000000000000000000000AC
S31502009CB0000000000000000000000000000000009C
S31502009CC0000000000000000000000000000000008C
S31502009CD0000000000000000000000000000000007C
S31502009CE0000000000000000000000000000000006C
S31502009CF0000000000000000000000000000000005C
S31502009D00000000000000000000000000000000004B
S31502009D10000000000000000000000000000000003B
S31502009D20000000000000000000000000000000002B
S31502009D30000000000000000000000000000000001B
S31502009D40000000000000000000000000000000000B
S31502009D5000000000000000000000000000000000FB
S31502009D6000000000000000000000000000000000EB
S31502009D7000000000000000000000000000000000DB
S31502009D8000000000000000000000000000000000CB
S31502009D9000000000000000000000000000000000BB
S31502009DA000000000000000000000000000000000AB
S31502009DB0000000000000000000000000000000009B
S31502009DC0000000000000000000000000000000008B
S31502009DD0000000000000000000000000000000007B
S31502009DE0000000000000000000000000000000006B
S31502009DF0000000000000000000000000000000005B
S31502009E00000000000000000000000000000000004A
S31502009E10000000000000000000000000000000003A
S31502009E20000000000000000000000000000000002A
S31502009E30000000000000000000000000000000001A
S31502009E40000000000000000000000000000000000A
S31502009E5000000000000000000000000000000000FA
S31502009E6000000000000000000000000000000000EA
S31502009E7000000000000000000000000000000000DA
S31502009E8000000000000000000000000000000000CA
S31502009E9000000000000000000000000000000000BA
S31502009EA000000000000000000000000000000000AA
S31502009EB0000000000000000000000000000000009A
S31502009EC0000000000000000000000000000000008A
S31502009ED0000000000000000000000000000000007A
S31502009EE0000000000000000000000000000000006A
S31502009EF0000000000000000000000000000000005A
S31502009F000000000000000000000000000000000049
S31502009F100000000000000000000000000000000039
S31502009F200000000000000000000000000000000029
S31502009F300000000000000000000000000000000019
S31502009F400000000000000000000000000000000009
S31502009F5000000000000000000000000000000000F9
S31502009F6000000000000000000000000000000000E9
S31502009F7000000000000000000000000000000000D9
S31502009F8000000000000000000000000000000000C9
S31502009F9000000000000000000000000000000000B9
S31502009FA000000000000000000000000000000000A9
S31502009FB00000000000000000000000000000000099
S31502009FC00000000000000000000000000000000089
S31502009FD00000000000000000000000000000000079
S31502009FE00000000000000000000000000000000069
S31502009FF00000000000000000000000000000000059
S3150200A0000000000000000000000000000000000048
S3150200A0100000000000000000000000000000000038
S3150200A0200000000000000000000000000000000028
S3150200A0300000000000000000000000000000000018
S3150200A0400000000000000000000000000000000008
S3150200A05000000000000000000000000000000000F8
S3150200A06000000000000000000000000000000000E8
S3150200A07000000000000000000000000000000000D8
S3150200A08000000000000000000000000000000000C8
S3150200A09000000000000000000000000000000000B8
S3150200A0A000000000000000000000000000000000A8
S3150200A0B00000000000000000000000000000000098
S3150200A0C00000000000000000000000000000000088
S3150200A0D00000000000000000000000000000000078
S3150200A0E00000000000000000000000000000000068
S3150200A0F00000000000000000000000000000000058
S3150200A1000000000000000000000000000000000047
S3150200A1100000000000000000000000000000000037
S3150200A1200000000000000000000000000000000027
S3150200A1300000000000000000000000000000000017
S3150200A1400000000000000000000000000000000007
S3150200A15000000000000000000000000000000000F7
S3150200A16000000000000000000000000000000000E7
S3150200A17000000000000000000000000000000000D7
S3150200A18000000000000000000000000000000000C7
S3150200A19000000000000000000000000000000000B7
S3150200A1A000000000000000000000000000000000A7
S3150200A1B00000000000000000000000000000000097
S3150200A1C00000000000000000000000000000000087
S3150200A1D00000000000000000000000000000000077
S3150200A1E00000000000000000000000000000000067
S3150200A1F00000000000000000000000000000000057
S3150200A2000000000000000000000000000000000046
S3150200A2100000000000000000000000000000000036
S3150200A2200000000000000000000000000000000026
S3150200A2300000000000000000000000000000000016
S3150200A2400000000000000000000000000000000006
S3150200A25000000000000000000000000000000000F6
S3150200A26000000000000000000000000000000000E6
S3150200A27000000000000000000000000000000000D6
S3150200A28000000000000000000000000000000000C6
S3150200A29000000000000000000000000000000000B6
S3150200A2A000000000000000000000000000000000A6
S3150200A2B00000000000000000000000000000000096
S3150200A2C00000000000000000000000000000000086
S3150200A2D00000000000000000000000000000000076
S3150200A2E00000000000000000000000000000000066
S3150200A2F00000000000000000000000000000000056
S3150200A3000000000000000000000000000000000045
S3150200A3100000000000000000000000000000000035
S3150200A3200000000000000000000000000000000025
S3150200A3300000000000000000000000000000000015
S3150200A3400000000000000000000000000000000005
S3150200A35000000000000000000000000000000000F5
S3150200A36000000000000000000000000000000000E5
S3150200A37000000000000000000000000000000000D5
S3150200A38000000000000000000000000000000000C5
S3150200A39000000000000000000000000000000000B5
S3150200A3A000000000000000000000000000000000A5
S3150200A3B00000000000000000000000000000000095
S3150200A3C00000000000000000000000000000000085
S3150200A3D00000000000000000000000000000000075
S3150200A3E00000000000000000000000000000000065
S3150200A3F00000000000000000000000000000000055
S3150200A4000000000000000000000000000000000044
S3150200A4100000000000000000000000000000000034
S3150200A4200000000000000000000000000000000024
S3150200A4300000000000000000000000000000000014
S3150200A4400000000000000000000000000000000004
S3150200A45000000000000000000000000000000000F4
S3150200A46000000000000000000000000000000000E4
S3150200A47000000000000000000000000000000000D4
S3150200A48000000000000000000000000000000000C4
S3150200A49000000000000000000000000000000000B4
S3150200A4A000000000000000000000000000000000A4
S3150200A4B00000000000000000000000000000000094
S3150200A4C00000000000000000000000000000000084
S3150200A4D00000000000000000000000000000000074
S3150200A4E00000000000000000000000000000000064
S3150200A4F00000000000000000000000000000000054
S3150200A5000000000000000000000000000000000043
S3150200A5100000000000000000000000000000000033
S3150200A5200000000000000000000000000000000023
S3150200A5300000000000000000000000000000000013
S3150200A5400000000000000000000000000000000003
S3150200A55000000000000000000000000000000000F3
S3150200A56000000000000000000000000000000000E3
S3150200A57000000000000000000000000000000000D3
S3150200A58000000000000000000000000000000000C3
S3150200A59000000000000000000000000000000000B3
S3150200A5A000000000000000000000000000000000A3
S3150200A5B00000000000000000000000000000000093
S3150200A5C00000000000000000000000000000000083
S3150200A5D00000000000000000000000000000000073
S3150200A5E00000000000000000000000000000000063
S3150200A5F00000000000000000000000000000000053
S3150200A6000000000000000000000000000000000042
S3150200A6100000000000000000000000000000000032
S3150200A6200000000000000000000000000000000022
S3150200A6300000000000000000000000000000000012
S3150200A6400000000000000000000000000000000002
S3150200A65000000000000000000000000000000000F2
S3150200A66000000000000000000000000000000000E2
S3150200A67000000000000000000000000000000000D2
S3150200A68000000000000000000000000000000000C2
S3150200A69000000000000000000000000000000000B2
S3150200A6A000000000000000000000000000000000A2
S3150200A6B00000000000000000000000000000000092
S3150200A6C001BB3B2400000000000000000000000067
S3150200A6D00000000000000000000000000000000072
S3150200A6E00000000000000000000000000000000062
S3150200A6F00000000000000000000000000000000052
S3150200A7000000000000000000000000000000000041
S3150200A7100000000000000000000000000000000031
S3150200A7200000000000000000000000000000000021
S3150200A7300000000000000000000000000000000011
S3150200A7400000000000000000000000000000000001
S3150200A75000000000000000000000000000000000F1
S3150200A76000000000000000000000000000000000E1
S3150200A77000000000000000000000000000000000D1
S3150200A78000000000000000000000000000000000C1
S3150200A79000000000000000000000000000000000B1
S3150200A7A000000000000000000000000000000000A1
S3150200A7B00000000000000000000000000000000091
S3150200A7C00000000000000000000000000000000081
S3150200A7D00000000000000000000000000000000071
S3150200A7E00000000000000000000000000000000061
S3150200A7F00000000000000000000000000000000051
S3150200A8000000000000000000000000000000000040
S3150200A8100000000000000000000000000000000030
S3150200A8200000000000000000000000000000000020
S3150200A8300000000000000000000000000000000010
S3150200A8400000000000000000000000000000000000
S3150200A85000000000000000000000000000000000F0
S3150200A86000000000000000000000000000000000E0
S3150200A87000000000000000000000000000000000D0
S3150200A88000000000000000000000000000000000C0
S3150200A89000000000000000000000000000000000B0
S3150200A8A000000000000000000000000000000000A0
S3150200A8B00000000000000000000000000000000090
S3150200A8C00000000000000000000000000000000080
S3150200A8D00000000000000000000000000000000070
S3150200A8E00000000000000000000000000000000060
S3150200A8F00000000000000000000000000000000050
S3150200A900000000000000000000000000000000003F
S3150200A9100000000000000000000000005F010000CF
S3150200A9208F010000C401000001020000460200007F
S3150200A93094020000EC02000051030000C303000071
S3150200A94044040000D70400007D0500003A0600001A
S3150200A9501007000003080000160900004F0A000055
S3150200A960B10B0000430D00000B0F00001011000098
S3150200A9705B130000F4150000E71800003F1C0000FE
S3150200A9800A2000005824000039290000C22E0000C7
S3150200A9900A350000293C00003E440000684D0000D4
S3150200A9A0CD57000098630000F87000002480000074
S3150200A9B059910000DEA4000003BB000020D4000071
S3150200A9C09DF00000ED10010095350100285F0100A1
S3150200A9D0518E0100CFC301007D00020050450200E6
S3150200A9E062930200F0EB02006350030052C20300BE
S3150200A9F09043040028D60400707C05000D39060039
S3150200AA00FF0E0700AC010800F11409002D4D0A00E3
S3150200AA1058AF0B0014410D00C3080F00A50D11001D
S3150200AA20F2571300FCF0150056E31800FF3A1C001B
S3150200AA30930520007E52240045332900C0BB2E0018
S3150200AA4077023500F5203C0035344400165D4D0092
S3150200AA50E1C05700E18963000FE87000D41180005D
S3150200AA60EB44910055C7A4007EE8BA007902D400EF
S3150200AA70747BF00055C71001936935014DF75E01ED
S3150200AA80A9198E018290C3017D35000270FF44022E
S3150200AA9064069302EF87EB025FEC4F0350CCC103CF
S3150200AAA059F74204327BD50457AC7B052D2F380665
S3150200AAB02B030E07948E0008DFAC1309BABD4B0AAE
S3150200AAC0ADB7AD0B503B3F0D5FAB060F56450B11B5
S3150200AAD08C405513B6EDED151DDFDF18ED10371C52
S3150200AAE03B1D01208A6F4D2421882D29DE3DB52E7E
S3150200AAF06115FB341E95183C42B62A440050524D4D
S3150200AB00CFA9B45753047C63E456D870FFFFFF7F86
S3150200AB100C00000000000000000000000000000021
S3150200AB2023000000000000000000000000000000FA
S3150200AB30010000000000000000000000000000000C
S3150200AB4000000040000000000000000000000000BD
S3150200AB50FFFFFF7F00000000000000000000000071
S3150200AB60C4C3C3C3000000000000000000000000D0
S3150200AB705A5A5A5A00000000000000000000000065
S3150200AB80000000200000000000000000000000009D
S3150200AB9004000000000000000000000000000000A9
S3150200ABA0020000000000000000000000000000009B
S3150200ABB0A3FFFFFFFF9C4D8C7C273501000000ECB4
S3150200ABC0428F41279C00000000A47FE073265300B9
S3150200ABD0000000114F8E6D25F7000000004539E395
S3150200ABE042266400000000BE91016827870100002A
S3150200ABF0005B3EA46826C2FAFFFFFF598B716D28DF
S3150200AC005D0000000057B9326B26A3000000001257
S3150200AC1022174027FB000000007A2FA8562700FFC4
S3150200AC20FFFFFFD1D5847927E6FDFFFFFF0E96AC25
S3150200AC306F2606F5FFFFFFF429DE7A287200000070
S3150200AC40007BEF5F4E257CFEFFFFFF7426825525B3
S3150200AC506EFFFFFFFF9BE3715427B700000000144D
S3150200AC60D32A6B276501000000BE31F24D265DFE38
S3150200AC70FFFFFFD858A05526F0FBFFFFFFFF38471E
S3150200AC806E27EDFEFFFFFF03CBDE45261F00000009
S3150200AC900037EE3D4725E300000000F9003150275A
S3150200ACA0FDFFFFFFFF0BB84D7426E1FFFFFFFFA27A
S3150200ACB073DA6F26A3FCFFFFFF8D2A775F2703FA5D
S3150200ACC0FFFFFF2116535B274B01000000A41C3A2D
S3150200ACD04926A4FFFFFFFFE219F06B2629FEFFFFBC
S3150200ACE0FF541ADB72284200000000F291116C2612
S3150200ACF0F3FFFFFFFFEC036F63255EFFFFFFFF2DF0
S3150200AD0014294A255901000000CEBFA671278E01DB
S3150200AD10000000E2CF647427CEFEFFFFFF541198B5
S3150200AD205D265C010000007CCEB64325DEFFFFFFF8
S3150200AD30FF1DF9027425240000000088BC2F4A2753
S3150200AD40C000000000BAD3E048272A000000003302
S3150200AD50F3F66A267CFFFFFFFFA75FE34325D800D1
S3150200AD600000002D4EFF4C25AAFEFFFFFFB95D42F3
S3150200AD705227E9FFFFFFFFC23EE46127E9FDFFFF1D
S3150200AD80FF314D065D27CAFFFFFFFFC1A81A6E25D8
S3150200AD9060000000005C329743268F0100000052DB
S3150200ADA0EC6A5D2662FEFFFFFF336E7467262E0194
S3150200ADB00000006723546A2904FFFFFFFF792D1C58
S3150200ADC04E262501000000B3F43740262900000074
S3150200ADD000E3661A5427B100000000E54D8A7F267B
S3150200ADE0DBFEFFFFFF9E78014E2664FBFFFFFF7E20
S3150200ADF0C0C94527C3F0FFFFFF596B044C281DFE4F
S3150200AE00FFFFFFB564CF4B26AFFFFFFFFF1192395D
S3150200AE106D2675FFFFFFFFF4CF544926BBFEFFFFE9
S3150200AE20FFA37F927B2707FFFFFFFF211D447227A7
S3150200AE305A195401FCFBAA3A6EB46F0487C6EE7F18
S3150200AE40252953A6B4155EAA9E24BF171169EAC224
S3150200AE50A051948888CDA76A6783B4978CAFB7ABA5
S3150200AE6096D7D9A3DBC788BF5F56557186A5FDF174
S3150200AE70CF4912295F3E10FEFF7F9792BB8888F466
S3150200AE80B7AAD2D6F9C533CB22BEAF5546D9EF3AC9
S3150200AE901DD4FF4DB12A5BC983C717FBF3F71349CC
S3150200AEA05EA383870659907FF1439272D10BB8C392
S3150200AEB02222685F55AE0C787B795611F1D95F551F
S3150200AEC06062DF47294DFFAF926B652208C608F222
S3150200AED0FFDD24E9EE2FE2EEA4AECE0CE7BC88C875
S3150200AEE097A99A3D8445452F449CB3BBEA74DD1F5E
S3150200AEF018FCCF5E94943BC5AE0CA6E7FF7B952467
S3150200AF00F27910D89F5E64BB5A55EBB165F2FC8BA1
S3150200AF1088F8B76A851DF39ABD82FFFB5355273819
S3150200AF2000B4FCF2F32A2E490F247A90FBFCFF7E32
S3150200AF30BF24B56B744B13C00111D1FFABEA74A5E4
S3150200AF401D6E1011FFB655D110FC00FDFFEFAD4A84
S3150200AF5077E942DA8914D2F9BB4F92865E99CAFE24
S3150200AF60177F49529BCFF07C35CE1011FF4F55EB20
S3150200AF7078EB1FC04044FC6FABAAFBE53848E2FF02
S3150200AF80C5BD92DE694EC1FF392C492BD5B11FF5DD
S3150200AF9022FABD54DD14DC73D4128788F8FB556B94
S3150200AFA0773742F11AF1BF4555D51E7FFC3F5F2B1D
S3150200AFB049BBFBBC338B14FE7F8F537B0AE62D22E3
S3150200AFC0FABF2461F3E556883DA57D54F567D4FEA4
S3150200AFD092FB8888DBAD56B22EE23627FCAF2ED521
S3150200AFE07B5523809F775249F2FF9D7D49C2EB7BB9
S3150200AFF02E147644C4FAADAA6F73CA72364644FC5E
S3150200B0009B5655B54C3FFEFF7FD255E260D8C7FE30
S3150200B010A3E7DFB724F9B2062AA352F62F639F5499
S3150200B0205F3BA46FB488C8DF55F595A4C4A3A68870
S3150200B0307FE4AA9ACBCA0CFBFE176C2529A29D09AE
S3150200B0409E74FCBFFD49620E0AFA704AC3412F2262
S3150200B050BB9FAADF4A2322E84844247B54CBFDBE89
S3150200B0600EE2CFD655E5DF8982F1F03FEB52926CC4
S3150200B070A5190FDCFF5F5792D0624FBAB0CF89880D
S3150200B080F47D552DAB2652B6F32C22F2F2B55A3682
S3150200B090B05C33F4FFB55395673743D9483EEF6149
S3150200B0A049121AEA02C1FF4B9236E122571E912932
S3150200B0B0227276AADA2E225687557517F592F6FF70
S3150200B0C05F6F95107989C3927398FF5F4B92AD506B
S3150200B0D0C4F29BD5EAFE227B9F54D6ADE5092B220C
S3150200B0E022DE5BD5ABFD161E2F117FF455B51BB4C0
S3150200B0F0BF34FE5FA594647D3DB433FC7FCF4932F5
S3150200B1009002BB757DAEBD88AC5FAAFEDC79AC65EC
S3150200B110AC872222B2BF5A97093684C4FFBCBBCA87
S3150200B120B778BE60E67F36FA24419AFEBAFD3F49F9
S3150200B130E2DAF79BB570141129ADAAB24544BEA74F
S3150200B140566F8BA96824C7FAFFFDA8CA95AD9B6AFC
S3150200B150CF5F4192AC9127513BFE2FFB9EA4974EA7
S3150200B16019E71CC5141191BB5755FF84E2F62D1140
S3150200B17091F3FDFFDB3FD2FFFFEBFE3F29B920E74C
S3150200B180FFEF3D224140BEAA30A69264FF4F92DAFB
S3150200B1901473DDB4C02C229F4F55F38888FC5FB52B
S3150200B1A0DEADEF0D3917FFFDF6FE13E9FEFCFCAA34
S3150200B1B09AA7B0695D3749362E137988FFDFF548BD
S3150200B1C0725DFA9AD27C2222FCAFAA72AF2BE90AEE
S3150200B1D022225FAFFFBDC1290CEAFECFFEFF6F97A9
S3150200B1E01714C7FF3F2690C05E557F5749D0F3FF1D
S3150200B1F0A749927B854AD30C5FC4DF97AAED5CA26E
S3150200B20027A78888F7630799CA11E27FD1553BD7EA
S3150200B210AFACA896AA2E81BDACFB9F7692A4F4FF92
S3150200B220937592BCC90B0E80B48BC87F5D5555854C
S3150200B2303818645844247F6B359CC2F1851EFCFF86
S3150200B2407555254B687BD4F2C2F3629F24DDFB352C
S3150200B25092F09BFFC5CD93D46AB35AB625222299A2
S3150200B260ACAA2ADF8C0CEBB8886855C18273628956
S3150200B270F4FF71B34AE8F9D7F0946CA19480E338ED
S3150200B280D42FF2FFA4BA71356508D375B2C869AA7C
S3150200B2905A84FEFF85885F55C5B91C626550FECF8C
S3150200B2A0E59564E3FF9B39498E712341C07C1611F3
S3150200B2B0FFA72A97C7D375503D89887C69B5DA0BF3
S3150200B2C0DE3315FF754175397FE0EEF0B396926471
S3150200B2D04FAB58560813FF370092244457D36822BF
S3150200B2E022009067111151BB865355AD2A8DCC5F52
S3150200B2F0FE14629FFEFFAA544163D48097746030A5
S3150200B300BF241D28AB10727C01B5FD8B92CA11C7F2
S3150200B3102046B399F48B88A8AAF8A214A5750C0541
S3150200B320FD887855CD09700E308D50B8FD7F25F118
S3150200B330BF24A17C10C0B0D4B0CCBD885215F00396
S3150200B340E19711E631838858B5849E1E6B209C33A3
S3150200B3509B88BFAAC6458C40F5FBD418FD2349FF3E
S3150200B3602F490F506E7C2E705A158B88AA0A2527F4
S3150200B370B610C4BFB28188A85684B35F0D5C6F272E
S3150200B38015F85F55454F342C3D1745B63F2F492BCF
S3150200B3905C1E921A2F392CFF2B498888554507D4F3
S3150200B3A0F133CCA6B28888D8AA6E9D1E5D3EF98975
S3150200B3B04BFFAF4A5F160A9897016B46F34BD28052
S3150200B3C0565006C22A52C7BF28A9324A4C375FC80E
S3150200B3D016298888AAEAB660964635FE9D8588575C
S3150200B3E055D112849C98CE0CF7FF5712FF4B0A4395
S3150200B3F0425C7FD25E8CE38B98AA1C025575D80EEE
S3150200B400497E882CAA25C2B256D19F3A7A25FE5584
S3150200B41055F3E03E29766534F4CF49F2FF49DA72F4
S3150200B42056F7557C00912322A2AA2308AD27DA20DB
S3150200B430B84222B256515E2AC67534FDACF87F5523
S3150200B4400EF82A69F00091503C3F498AEC9485A592
S3150200B4502D9560FC0B4989885455C3D18A378503DB
S3150200B460BF8888F8AA3A7D16D47CFD2C21FDBF4AF6
S3150200B4708EF00F8698454D8CF04F922E515F190231
S3150200B4808F2726BF08A97EBC0C883C08895D888860
S3150200B490A8DAC6AA81DFC5401E8B885F55FF539284
S3150200B4A019CC0D217C5D1F67FF4F92340000C261EB
S3150200B4B0AB36198B085571682A00A9D020EA88880C
S3150200B4C0542B430E08CC0CC01F83F8AFAA7C074B43
S3150200B4D02E223717D63F93E4FF93E48A48508D43D2
S3150200B4E0D0C9B28888AAD2E2234D5CED7ECA88888A
S3150200B4F06855D2B355C0DFFCD295FF57A56FC55E1E
S3150200B50007008803FCF393A48B58CD1E4A505FFFB5
S3150200B510BF909488485519F2E33C090DED3B8B88A0
S3150200B520FF7F481DCF477D4E44C7FFFFFF11A14550
S3150200B5308468BC47C8FFAA2A92F4FF9204054AC04F
S3150200B5400F125952B488A8AA0682024627A0180CDE
S3150200B55088886A753119C5F602F8C482FF552550E6
S3150200B560113603DD0F81F2F392F4BF92242052A426
S3150200B570DEDA2812808858551FAA3006467E0D60EC
S3150200B5808888FD2F52536214A93BE2F3FFFF3F70F6
S3150200B59034C082127701F4FFABAA92F07F920C6458
S3150200B5A0845036F18360BE88A42A017F424A5660DF
S3150200B5B043BF88886A450F7D3EC8D4CF6D897F55C3
S3150200B5C065A5D01CD48C1343FC7349FE3F494A1E21
S3150200B5D0382EB88AE9312C22AA4ACA11D35F1070D2
S3150200B5E0D82522A25511FD00FCB0191512FE5F9551
S3150200B5F071AC001935180326CF4F92FF4252161E20
S3150200B600642A6C001309222255054F5055104E50DC
S3150200B6103A2A22BEAA65D764C0A3FD1921FFAF92BA
S3150200B62049500007260A6E31FC93242110FF0A5165
S3150200B6305EE1C12F42AA2222AA4617B130D86581FD
S3150200B6403025E257D54EADBA8FDF8419C2FF946416
S3150200B650578449EF4646C5CBFF936409839D9447B9
S3150200B660D534C0224255B21AAD28C1091C21222264
S3150200B670D59AC0A6B894F00CF321FEAB6AF4038AFD
S3150200B6808CDB08D0C0CF24F9FF245922C42AD370F8
S3150200B690B8272022A2AA6E055007631A245722222F
S3150200B6A05AB520EDF76642E1F0E0FF55F993A3C4DF
S3150200B6B0E6A1A090F0FC24F92F24B5DA816191FB72
S3150200B6C0A2D523225255022462DA6E2C1A2D22E2C8
S3150200B6D0AB0A24E97CEE17B950F2FF2A0914058158
S3150200B6E00509C1E7C03F49A67BA9021CF0D0D0FCE0
S3150200B6F022A42A22A26A1707A27840260921227EBC
S3150200B700551BD8D27D19A18430FC4F494654888CEA
S3150200B710B41E1C9CFD4F92186E271D10FCBC578B45
S3150200B7200855A5A7991C89BBCC458988546BD313A8
S3150200B730CC12CC0BD793F8BFAA3F93A441524E9595
S3150200B74019C1D3CAFF2409D510A102489424222282
S3150200B750A2AA19223D8C7534388522225A95881B55
S3150200B760890793B1F2E0FF55F9FC24A9D645D244E4
S3150200B770F450D0F52F24C509D1A20918D09B2A224C
S3150200B7805255BF0C108C8F01AA1522E2ABDAA91A08
S3150200B79022A692E3F3F1FF2AC9016472454F34509F
S3150200B7A0C03F49FE22A42AA6730202B4B31822227B
S3150200B7B0A26A63070114FD8CB226227E55CD487516
S3150200B7C0436858AC65FC4F4942B468592D20105164
S3150200B7D0FC3F496A854190C03EA4352D225425225C
S3150200B7E052AD8700A164D90CFC0EE2BFAA16F2DFA5
S3150200B7F0D8B8ACC094FE4C9209711E9A8A306C2459
S3150200B800FF4F922652280E3841073B2222AADA9788
S3150200B810108117CF89E92422A25501C247042E09B5
S3150200B8203425FE5F95CF4F92714006A0541E8C0AB6
S3150200B830FF425242261D4F5E442662222255D5DC25
S3150200B8404212104F464C2022BEAA3C300D5A0155D8
S3150200B8500287FFAF92557800AE88047401FC93E428
S3150200B8602F42AA0A3323142538024C2222AA56EB67
S3150200B8702125B6C2CF5A25E257955C3C0841C7023C
S3150200B880F6C6FF9424580A9902834D99D1FF936410
S3150200B8900859339CCF0161C12242552222D50A2280
S3150200B8A0AB07515306882DFEAB2A298A7809DA8B13
S3150200B8B075CCCF2449D2A47A80855214F1FF24098B
S3150200B8C06653C355C370F12222A2AA7F7CCC680FAD
S3150200B8D02D9C5C2222FA8FF442C9D5C0B806E1FF3C
S3150200B8E0FFFFFF8F51A3D04F60F660545795C4BF38
S3150200B8F024BD885225C281A13052A413858858B529
S3150200B90009BACC4DA080974A88BFAAD69D2C9C1511
S3150200B910510EDEFC2349BE614E0B21782A04FFAF8D
S3150200B920248B88555500A9A63484F671812352FFCB
S3150200B930FC2AA0CC424BFCFBFEFFFF445F8C85BE7B
S3150200B94026B35EFFFFABAA92FC9324475A484BBF2D
S3150200B9509B08C62F42AA1E136492D6489E10222224
S3150200B960AAE6E4A3970088855E20E257D5C30AD3E8
S3150200B970A9A3CBF0C0FF9424C25DC043258133E561
S3150200B980FF93E42242559247BC2424AE304522223C
S3150200B990D57AC014D26506068722FEABEACAA52E60
S3150200B9A0C84EC0F3C2CF24E99393CA11A592C0FD33
S3150200B9B0FF242922A2AA0410D8404C56443C222233
S3150200B9C05AC5C5A4B9ACAB4135E4FF5569D766E49F
S3150200B9D0D215978DF6FC94F470B2F59344E1FAF31E
S3150200B9E02F927AC69F20C0937223268EA8AA3E5310
S3150200B9F0F9ED4348324488785585A21988B53C3D0D
S3150200BA008CFC7F25F1BF2475F47B44969D59BABF01
S3150200BA108852F503C87131C00F24848858B5126A5A
S3150200BA2085313F600F4788BFAAF60079AE98F407C2
S3150200BA3049FC2349FF2F496810101745830EB68B20
S3150200BA4088AADAC1DAB411D970118388A856564584
S3150200BA50FDDB1A683E45F85F5509127A8A22006AAA
S3150200BA60183F2F494A4254053B04FC7AFF2B49886A
S3150200BA7088556523399329B562D58088D8AA0B0ED5
S3150200BA807F2D0607536FFFAF4A6325DADF3D6577E1
S3150200BA901EF34B920AA488D2428CC7C5BF28A96C52
S3150200BAA0C23D111A4210518888AA6A93FA158EC3AA
S3150200BAB0C33B86885715C86632853D554CDBFF5712
S3150200BAC012FF4B1242C649E2F085C7DB8B28556E40
S3150200BAD0221F014F4F1B0E8888557B01A4022D871A
S3150200BAE03E4E81F8ABAA4AC7911B3F0C45D83F92FE
S3150200BAF0F4FF4942A364223389B427B1885C559086
S3150200BB001826280F0E2D752222B5CA0F21754399C4
S3150200BB10EDD1E1FFAA22316B434AB45400F67C927E
S3150200BB2034BAA44CBF241ECAFC2F492A22A2AA2038
S3150200BB301E2E682E28306522A255516FE1D0F02FB5
S3150200BB40EB7AFC7F95B4C45011136D3E72CC7F9292
S3150200BB502424A6542D114C1FFD224945D76240F0DC
S3150200BB60006570292252D5DE535E84828B740122CF
S3150200BB70BEAA6E9C8929D8F51F1AFCAF24FC9F2405
S3150200BB806F0864FDD3099F672F22A99A12C1B1A437
S3150200BB900434F42E22A25AA69D0830760B1644E2ED
S3150200BBA05F5545A17D220D778D34FF9C24FF9F248E
S3150200BBB0AF303A83DD22853F22225585714290A31A
S3150200BBC0B86692232252AB984555AE106F3306FEE5
S3150200BBD0AF2A93ADCF2D0C6F5F09CF27C9D819CBEA
S3150200BBE048E6D49DC4FF92A42222AA7A227020A4F7
S3150200BBF055491A20225AD5D3CF889E5643C3C3FF2E
S3150200BC005789444EFF0DC408C4E1FC2749FF8F82C1
S3150200BC10C51F1343C92F925462131D3E2E87825AA3
S3150200BC202222550D5196B332B0D0A821E2ABEA9743
S3150200BC30F65883509A16CFFF4ACAFF24C93B01150C
S3150200BC4021090E41F7227215D389428447FF1CC28D
S3150200BC508848B56EC2FEF41C827DEB89BFAADE9FC0
S3150200BC6040B466A96012FD4C92FF4F926E060F24F5
S3150200BC7036090E142222AA4AD9E112910A930B26F8
S3150200BC8022A2FF6B621E0A2500BD00FEFFFFEB1912
S3150200BC900B2B262F7397FFFF555549FC2F49213150
S3150200BCA0DF4306175E2F2FA254193081ED181A2D85
S3150200BCB00E212256ED808944C0D683010FE2AFAA37
S3150200BCC0FF48D2724C8B002ACD74DAFF4B92D14ACE
S3150200BCD06B0B890DD2C922A2AA469848F1F0A3A6F7
S3150200BCE08622222AC0C356CD09FEFF03009CFFFF0F
S3150200BCF02A80FFFFFFFFFFFFFFFFFFFFFFFFFFFFA0
S3150200BD000D000000003C04066E2568000000004C91
S3150200BD10D0A975259006000000CC1B565C269E0015
S3150200BD20000000AF086E52265201000000C3C7A9E8
S3150200BD307926D201000000613170562529070000DC
S3150200BD4000F06F5557263AFFFFFFFFF68F94452402
S3150200BD50330200000099D70B61259F02000000778D
S3150200BD6049A67A25B3FFFFFFFFC4A897402407FE22
S3150200BD70FFFFFF1E373D71279A04000000BD3F8D6D
S3150200BD8066262704000000618BB6542646FFFFFF95
S3150200BD90FF90F1396125E6FEFFFFFFBF0AAA64267E
S3150200BDA00F0100000049D624512584FEFFFFFF89BA
S3150200BDB099EA4E24CF010000008686085725D10253
S3150200BDC0000000E038F368263203000000CF18DBDB
S3150200BDD07327050000000094CB3D4C24240000008C
S3150200BDE000C18EDD4A25E6040000002FC1A44A25C3
S3150200BDF0A200000000F278B04025E4FFFFFFFFE258
S3150200BE0009F07625BBFFFFFFFF151DE64224F40568
S3150200BE10000000C401336327E902000000DF612449
S3150200BE2049258B030000005302BB46254EFEFFFF49
S3150200BE30FF54BB724726B0000000003CE7955B2525
S3150200BE40A604000000E3412776264E030000005BAD
S3150200BE5093897D266902000000D1171F6225890198
S3150200BE600000001DFA7F5D25D8FFFFFFFF2DD75882
S3150200BE706B255B04000000DEF89B4B2592FFFFFF5B
S3150200BE80FF895A8E4225CA00000000084F017A2512
S3150200BE90C500000000B42ACA52250E000000009E0A
S3150200BEA06426472502000000008955C87A25ED0060
S3150200BEB000000077824C7C2664FFFFFFFFAFBBCAFF
S3150200BEC05E248DFEFFFFFFCE42194624E1FFFFFFEF
S3150200BED0FFB2B56F5B260C000000004A718257253F
S3150200BEE09E030000000E93BD57262503000000CADC
S3150200BEF00606722618070000000E8C7171279CFF39
S3150200BF00FFFFFFDF823B5E24DC030000001C74BFE0
S3150200BF105426AA01000000F4AB4F5325040000008A
S3150200BF20007101B45A24DF01000000F17EE46225AB
S3150200BF30AC02000000AFCF7D7126D0FEFFFFFF8866
S3150200BF40FAEF762718080000004A02717E27EA05F2
S3150200BF500000008871FB4126D1FFFFFFFFFF818FA2
S3150200BF607A26F1FFFFFFFFACB76646258C0000007C
S3150200BF70009190D553259802000000972C8D4926F2
S3150200BF80B0115C010C0074231BF8053804730058C9
S3150200BF904266C0DFDF7FEF0700FC1F7F66F0741288
S3150200BFA049356A6F41241FA14900707C9C3D36FCCD
S3150200BFB08E47090063D1A8A663213A7FB252F18A5D
S3150200BFC0604EFC6800D0DF3F9679D7CF72F1FFB0A2
S3150200BFD0D7E31C0208E874FFDF05CBF382045AD0CC
S3150200BFE00F0008F021604F52291A730A00FD48FD1E
S3150200BFF08FFC082BFD552A2DFD59639F7308A0015E
S3150200C000124350C032B004006FD92914D85B851E82
S3150200C010FB3E1F7F4D36713100C00F95F9136395B4
S3150200C02045FDFFDFCD9F6CFC556C4CFFDFDF08D56D
S3150200C0305F3AC2BF020000E01A8241D5AF80BA4918
S3150200C0400023FCFC59CD053FEB009077E258AA7419
S3150200C0501448B655959307CC33B203004F6E367D1E
S3150200C06053243CE900D0DC03F64B51D1BFA24AD19E
S3150200C07046C27FA24CF7FF4C07620BFC8B1BE1FF0B
S3150200C080FF5E2C47759702250100006095E594191D
S3150200C0900C0B2E09003D8B285B24A801FD00D0DD88
S3150200C0A0FFD5032701714B64E5F711D9C6CF050009
S3150200C0B00569665B7D2505AF00D0DF30C3BF92F010
S3150200C0C020C621C5CF60D18F2CFBFF62973349056D
S3150200C0D08B045AFF3FD483965880D0DF0F0000901E
S3150200C0E090C34FD0DFFF400700FCFD0FFC4C6F0CE6
S3150200C0F0350000B0D2B3E5F27A1B0EA5B271D0CEEE
S3150200C100286008009CD5818027A210260010719411
S3150200C11091A2337CF26421D07D3466D5B0F6FFCC91
S3150200C120A557B25E2636FCFF0F617498D26604D21A
S3150200C130044000C0EF18D35F6BDFF105000C99686D
S3150200C140A44935343D0070A1FDA2909330CAFF4543
S3150200C15096F199C17F6D04005CD412287D5B6F163F
S3150200C16000C0E2F553CFDF915782D30F10C16A5D4B
S3150200C17026F0FF144CFC2E50FD3CFDFF4F2AD591B4
S3150200C1807CDBC150028000D04443A4C59CB0D40ECF
S3150200C19000FC2FB115BF22490200502034D99F223C
S3150200C1A0DFA512C7C6AF93D5FFD20F08FCFDE95E25
S3150200C1B0C75B890A0040209028D724057332A6550A
S3150200C1C0D5F958B848F5FFEFF9A073FD6347B4FFF8
S3150200C1D07F9E977596A8C0F00400003082CAC72FCA
S3150200C1E029CFDF0F004C5FFC5DA544AEA60270DBD3
S3150200C1F03F1867D463EB02006A21B40DEAD4D1FC7E
S3150200C20085093F7315158309002028F1E710B9D86F
S3150200C21026049A1201CE6FD13900C03950C0FFFFF1
S3150200C220BEFFFFFFFF630CAD7C2672030000008594
S3150200C230ADBF6C26C50A00000083254C7C26170973
S3150200C240000000EA42087B261004000000BCC52854
S3150200C2506726C4090000004D007D72260CFEFFFF12
S3150200C260FF662C634B26E107000000DA462A6326A6
S3150200C270EFF3FFFFFF9F173F44253B040000006AD0
S3150200C280231A762699F5FFFFFFF02BCF702663FC63
S3150200C290FFFFFF6696316D260CF5FFFFFF175E93D3
S3150200C2A07A278903000000A7127A6426FA0800009A
S3150200C2B0003F4C15702615000000000103285B267E
S3150200C2C0C8080000005A50A16326D0FCFFFFFF49B0
S3150200C2D068EB6726FF11000000554C926E26180186
S3150200C2E0000000DEF73D6F2648130000002774FDAC
S3150200C2F07C2646FDFFFFFFF7BA2C79267F1A00003F
S3150200C3000010CC5A5A26A700000000DCEEAA7526B9
S3150200C3105DFAFFFFFF1E6A2264262400000000EE7B
S3150200C32096C3552603F1FFFFFF5011B54B262D028A
S3150200C330000000BCDAE361261AFAFFFFFF7970A05B
S3150200C3406F26C90200000000AF1072265EFFFFFFD3
S3150200C350FF5262E3452522FEFFFFFF40F2025D2502
S3150200C360CC0D000000F90F49592618F7FFFFFFC24E
S3150200C370072F5226DB02000000B9FB8D72262DFC28
S3150200C380FFFFFF162BB1542617F4FFFFFF24CD6FD4
S3150200C3907626BA0A0000009899AE50269406000046
S3150200C3A000EECAB660264DEBFFFFFF6E0FE85F2672
S3150200C3B002040000005CBABF4D26630D0000007641
S3150200C3C0FFD461269604000000DF04566826D6FED6
S3150200C3D0FFFFFFB9913A7A261EE7FFFFFF834CBEA5
S3150200C3E04426A0FBFFFFFF0A81A35A26E5FBFFFFB7
S3150200C3F0FFD380F06B26990C000000A57B184F2610
S3150200C400BDF8FFFFFFDDC59067261F080000007913
S3150200C410C85C672626FDFFFFFFE38584692611F8BF
S3150200C420FFFFFF1EB2BD6F260F0F00000063BF6540
S3150200C4305626F51100000010BA114F26BF0D000056
S3150200C44000D5403C47252C0800000016E5565A2622
S3150200C450B60B000000BCACC65E26A908000000317F
S3150200C460A0CB6126ADFFFFFFFF5313F37F26DB034D
S3150200C470000000B4E6A14525B4F0FFFFFFF452E93F
S3150200C48049265F06000000B2C2244F266901000059
S3150200C490006A0BED75263C0D000000E615FF7B26B3
S3150200C4A0FE7F5C00CC18D4910331952320E51A71E6
S3150200C4B0019C736547D5904EF3A512D550270A4BBA
S3150200C4C04738958ED2AA52BB5167DE33B8E3A7D45A
S3150200C4D060D6F793272E11EA370D82455AF5316C4D
S3150200C4E056E15590C6FF1763D193E060FA6F057A5D
S3150200C4F0D454B556AB2196100CE5B071313A96E29A
S3150200C500E07F40BA4A20A189BA4644B45A608D8770
S3150200C51016CC1053EB50B83A90F88735E875C047F9
S3150200C520DD3731D486A3F1E7CF2345440185F1B344
S3150200C53033D3D586C462B238C011A2B8C871D984C1
S3150200C54078930058B788087482B835A2B4E484FB9D
S3150200C5501619CDA22570B7A766A3013525E86BA4E7
S3150200C560E725D448AC82A1763120237184F1A779DC
S3150200C570FCD07DEAAAC396F6D7D0B0F1F6B1F33174
S3150200C580AD72D4D7A13CC78270DC1379B25328505E
S3150200C590AC5A3E80C4ABE128AC0F23943B50548581
S3150200C5A0918A1B323289E5A5338022F4A52405E758
S3150200C5B091C3B1A74066470036B095426955A53684
S3150200C5C0C84496B9F3268034D02480EA6C98E916DA
S3150200C5D0CF9366DCF2AF4350557416372B402BBA15
S3150200C5E0C4A86B3112821736228403C4D29C933AB2
S3150200C5F001D920B2B3375545A29905FBC627269223
S3150200C60025D1CD561417E8586A4CC3A7F951EC2622
S3150200C61084C38BAD2501F97D626614B0414A60FC84
S3150200C6205441C17381543401A486A3650694D1147E
S3150200C63071657155C7423B10DA22603185080A746A
S3150200C6404880F5F135CE5A06FB656247BCE9E40F30
S3150200C6504BD7587237D1F964B6108C4E3BD8425C30
S3150200C660B3A788A8019450A317550433937681067D
S3150200C67041F5A28160D6C16175E64767096126590F
S3150200C680F34716515963DECB0866F32F54F6C7A457
S3150200C690C559DCEA9A393367C8F56420D49412DAAC
S3150200C6A057CB33BA26076DA85104251755D53362E1
S3150200C6B08916338136F438F96657C6956791721230
S3150200C6C0E8964A42E293B187513858E782C4C0518C
S3150200C6D0368229EB92DB72A644B971FD0E48D3E18C
S3150200C6E0128344EAE7DA1830B3F855F25945907BDB
S3150200C6F031476314383C69F3D97AFB3AAB11D1312D
S3150200C7007463E134A100D422C0A09278E156857602
S3150200C71081734966F10CF4C05847B46023848132B0
S3150200C720D143F1B2A0D16A759E140052CC9C5B79BA
S3150200C7306239E130BBA3B2C32266B6571541C88738
S3150200C74026BBAAD76403C174711948108A51965040
S3150200C7504554D074A27176F6AD32F11D25BAE45372
S3150200C760D10399F4D627D313A3EAE6C0639A084DF8
S3150200C770D111F8D2D5E672A173F22DA008F29F4527
S3150200C780A6D890F55BE2717158D7AA910612C01627
S3150200C790516A54839013BD95703365765582B48879
S3150200C7A0B122DC85B4275248B492144378891463C3
S3150200C7B03367163252C1B36154A163097B6463A71E
S3150200C7C01078B639571983934745C9D3D292B5A77C
S3150200C7D023218B1455F3F2F4F670633BB1016252D6
S3150200C7E09127964052D0A69540A7778270E316729B
S3150200C7F0E04F6512083138681071E6C69EEACB0032
S3150200C80007B6BB77800AD47440E406D4241057F7DF
S3150200C81018D251F7E017092591E000ABB7F1416252
S3150200C8202263E431402DC506C537BB34B240B0940D
S3150200C8309820C0C3436B958700D7252BE3228382BA
S3150200C840C1F2E215E2A055109433A04712F643C294
S3150200C850654567F49B87436338A7F145F1D4B1F286
S3150200C86069B387430298E3A2773A0D87ABF7D3E918
S3150200C870A844DA69C36142053735050B7749B5F92C
S3150200C8808F8E41D8C527E432A77382C513A1B3227E
S3150200C890364CB74274818681F02757B190240893AB
S3150200C8A0B7355271D08A527B79A542E8F4E54E1F1C
S3150200C8B0E8007620655A1395AC45E7EAF70034E4BA
S3150200C8C09AD786475959D615074B35AE655F053552
S3150200C8D03DCF38663382E530D3661441B8B3035B85
S3150200C8E0A8AC64A06724C673B049958010F9612983
S3150200C8F067F4BF75D833AA20B4154AE07353395387
S3150200C90097A21493CA80372A698D71B2D10604E1BF
S3150200C91073B68449F54139D39D17572305EE075956
S3150200C9206C97C186D3E3D84A16C133E1ABC8CAA213
S3150200C930F0407353E08FB7142647A2742A8579E82C
S3150200C94026F7455101EC5C88E7E1EE413741249038
S3150200C950FAD58D6FA1C1A18781D12D385B65466C51
S3150200C96063B9F7561A29FC2783B0D5D853BAE069BA
S3150200C97080678DCBA684B3E6C9961B9821A993043A
S3150200C98036D8787C7A407D309883B4FBB35A36B772
S3150200C9904211B9AFA270552632E27B368C1A01B724
S3150200C9A0CCE53CF98777F3324ECAE7883961F176EE
S3150200C9B055CAE93FF5C81C00F7A55843832304E28C
S3150200C9C0C129B2C740E023D8B0E06C46C2314A382A
S3150200C9D005539C4CF7A94B05675525B270F8526D65
S3150200C9E06CE3E76895B76779786D3B7AF23A9321FB
S3150200C9F0D645D1D85D1BB108F9E0921618B7426147
S3150200CA00032216D1E5C54E9923DD31183863E66F48
S3150200CA1011A8A62F1A37B397E06C93C2B4D3D6C027
S3150200CA20B220A8E3731A43F7A17935F2C52844B1B7
S3150200CA30FB83A799B8B6B7A5726527066787E9D7B4
S3150200CA40525962157065C7B0822776D12713B1B9DC
S3150200CA5052D936112337E11FA090DE171B58F82151
S3150200CA60C4560536DD783A0D091DD544F132A77252
S3150200CA709396C68086F7B1F619412423AF025494E1
S3150200CA803398E261A22A52DB82D6FACF3789A5878A
S3150200CA905DDD0078E938396D121DE4F08125B7EACB
S3150200CAA020D2B15E5772D380E27CBF3111444483F7
S3150200CAB051F0955B374A7282E5E4AF8993D40068F8
S3150200CAC0086614E49C968715D6D4F5C765D1758693
S3150200CAD06797F80227F971C2939B6AB4558E303371
S3150200CAE01CA90A3B3623FADB34B4011434CFF67799
S3150200CAF015F4EF639F3B71FA304F88E836A430C3D2
S3150200CB00862580D1D993D0100315348733A1A2C3C9
S3150200CB10B0D7373E909B0A3344236460EC52656B70
S3150200CB201076BCFD5FF9A9451F3053E39A69584C4C
S3150200CB3039FBF60B13C6A734E1112360EC0A4656FD
S3150200CB4052CAB0F1410099EE3DD4574D191A7A2BCB
S3150200CB5056A2D4D22742C20294F16060E67BE1E992
S3150200CB60BC5484E219F59A63056841312AF9436D8A
S3150200CB70747024F7255DE6CAF46298192045DEDC56
S3150200CB80903AB0379139F3F9475109237FCED4B39E
S3150200CB90974574EACB58E45076A6A842158FD12160
S3150200CBA0F4CBC26A57C6A35DF9DB919E39111FBD4C
S3150200CBB085F2966350E016371122663930206056A8
S3150200CBC041635298A3ED3940E55FE901C6A2A65931
S3150200CBD02143795CF705945357C6B7F8E36555D5F3
S3150200CBE0520789F6509448905AF38894578791C011
S3150200CBF087F5E0553922E64180F11EB13A95436246
S3150200CC004317853276B1A6495214628A9B13A8F05D
S3150200CC103312EA910968CC42E8491413F8B4197937
S3150200CC20B55440760139F9A6A0433FF3EDE037F259
S3150200CC30477592F664F14677E1E46450AA01E77F0C
S3150200CC40D50588B1696FE721B1C1A985D42CC192F6
S3150200CC5038589186E95E68D4433135B72B44387A21
S3150200CC60856540C69593E9F6F4889A40F23F64A733
S3150200CC7027A6C35331E5339E7183705593E1565B04
S3150200CC802790B17173F291A9A516E16600F5703786
S3150200CC9023F17FAB58E5397402FAFF97C2288477ED
S3150200CCA0526453F73F2B03B6B1F8FAE506FE580174
S3150200CCB002A5B3E8BA7498B25183DA0AA184981A23
S3150200CCC0F3B18E58287DB5C826701F615C19E82F0E
S3150200CCD0521A3646B7123397A519698A7117721115
S3150200CCE071D197F3E27732E07930645633E4593002
S3150200CCF08550B8C6F2350AF54FD847C2558627F48D
S3150200CD004872357AD1F89F3D58A67BA06293B0D07F
S3150200CD10D0E51349F1C70629B819E0EA89703AE164
S3150200CD20B9A4A6FB8AC518248096D0484127BD70AF
S3150200CD302976B52046379A78D3C3E290F688937956
S3150200CD4053054679422BB58548E5A09C8F4234238C
S3150200CD502CB3A2A6DA324834E51943E599949AA38C
S3150200CD60514722B60286B328D3C66371387F4D7601
S3150200CD70D48545626DC803C13843D244F2D1717A73
S3150200CD80C8C3E303BC022A1850654079A790B6BE11
S3150200CD9092A132F3E44FDD7CBF4683663285F44FBF
S3150200CDA0B44488448101D2D06012B482E0D772734F
S3150200CDB08844A104F8231B47D43943F0348F0BE18E
S3150200CDC051E1B5A3FF9B034659E861C492B8941D8D
S3150200CDD004531284996AEB002278F4D7733CE0A5D7
S3150200CDE0295521E708E7F2C8C054F6E17DB1F8BF3C
S3150200CDF081697A7C44CEE93F60607895F14F2212D0
S3150200CE001906DC74E625208DA60E612DE419D22BB7
S3150200CE107902BAC77317486212F038D54893A6F654
S3150200CE20F3A5C997F272B042C0E7DF2218C1772490
S3150200CE30D3925795A9C4CA1CBEE0C9C6E6770EA806
S3150200CE408694D090F1657A087E346147B155FBD25B
S3150200CE5013E233759BC3969D22D349034267417001
S3150200CE6095332258D9B4A023A01004C664E348BD62
S3150200CE707460171ED031E651D9C39684251B58A07B
S3150200CE807B120D8C6A565857AD52C58763E26038DD
S3150200CE90F563B795A7370A316D246342A4F6A4D386
S3150200CEA0F47FA1B53F79904241B5A75009F36734A3
S3150200CEB0090B66536BFA9FB0222443D34AC6F4B3D6
S3150200CEC03503724C02997620E2E755519A1AE91F08
S3150200CED02142E2B2D9C2F2A2E170D224F4EF800575
S3150200CEE012B2E41685978AD317C18107132623E166
S3150200CEF05F2762ED156593D823A1B408BA12B192E1
S3150200CF00F1456208F115D1590956C6A6C5CA56C0D9
S3150200CF10E142F2A6E2F3AF136C3295F6AE2045A2D9
S3150200CF2080E4F251E26FF3BB6BB8213228D0845110
S3150200CF3056E332E711FED10721D433DCD70303A22D
S3150200CF40C2E1D439A5F4B987D7B0F30FA16612248A
S3150200CF50125568405013D51EE511115E04731A83EB
S3150200CF60F3E3B785383B62F6A530E5556353E2A590
S3150200CF708AD68ACC6076603E81B1012931C3317787
S3150200CF80406A6B36D841B1173224B659F2116CA9F0
S3150200CF90B555D2E2EC4DB361729B90D2F5940496EC
S3150200CFA0964738F256817BFD14B14634881FA15448
S3150200CFB0D434D9738684261632F931C3E338541A27
S3150200CFC0E4FBC5B9A130E2AF748309A22377527795
S3150200CFD064F16FF9E35DD0FA2A51B12834E7EAAF7A
S3150200CFE029C36537E0C3D74734658E0C38D594FC20
S3150200CFF054C296D8DE219D5EC5B7F1E25C71290066
S3150200D000C4A33850C235DD35D564A9B7096A379647
S3150200D010769395DBC032E1135445C9F6829372D0FA
S3150200D02073E4F283D0E20A19B164CEF4BF4A44AA89
S3150200D030D78716C666D2459DA4F08F6052622B81B1
S3150200D0402A7671A883D131E94289D5892754C8D174
S3150200D050D1A42AE3549C371C391A33E2B5B100D85D
S3150200D060305493305A0217C688F4D7E9C251F27384
S3150200D070E1DC86B9094422F81540474B774473D759
S3150200D080E5C4DB28911A7ADB51C6407B85D688E750
S3150200D090810706368717657360D4E6DF224541DBD2
S3150200D0A090536594D4DB22B079957A58A74C8011B7
S3150200D0B0921D41146CBA83C93104F245A07893FBE0
S3150200D0C0AFB402EBE058F507E65596E18FE2BF658D
S3150200D0D070D506846367330596FCB193A3C1261304
S3150200D0E081AA545CA90389BF11993011C2A4408454
S3150200D0F05135B5F47F863E7649494844A9A59085BF
S3150200D1003634F7E3342F4153D1C62AA9B3C6AA004F
S3150200D110A2F4A26617C475A1A1D696D0218D214785
S3150200D1204B671839F2F37F10B89EC1F47D481D99FA
S3150200D130E6A253C5285C7EBC891003B2948AE4AF8A
S3150200D1401B47CA23CB0515929C482E7349F4985760
S3150200D150F654685328726162C13AF39F1C427606FE
S3150200D16091F018A3E0D718896D40D75072B5844460
S3150200D17030C8C738337380D050189F700466E309ED
S3150200D18044C11154C8D1A8ECE8D4F632D3558AE882
S3150200D190737A1CF4505504E651819267A10C87E814
S3150200D1A00FC415D4B6C9E14FB7997076B185A04DB3
S3150200D1B0D12277C6D217D3C6968B34E2E5FF928781
S3150200D1C090A552C03391E343C10FD38D05C7524A8E
S3150200D1D078909014677CF3221B524945BBB801D262
S3150200D1E073FCFF94B2C2F5DE07A40545F1101513D0
S3150200D1F093DA969D52E01180A755D1705BF378378A
S3150200D200F590E4B62544844E95B500842E6FC8CFBA
S3150200D210D45A4043D98749E995F563E3A91C248684
S3150200D22095868984461DD34149A0E53759B3E1D392
S3150200D2305A1A4F6392244BA3E538B4B1F857E1D397
S3150200D2401140E67391E6A5815AE0062C2D54E65B61
S3150200D250F8371B71A070273800C403B1763F38E651
S3150200D260134075A848C83A48B1A7E098D6A9F6610E
S3150200D270D529A724D56457F02F18237818214055AD
S3150200D2805B0091506BE09320C204DE250212AA1ABB
S3150200D29076F4C2E4DB2965D71339434007D7B511C3
S3150200D2A0571C42489061B7F285E24F45C5BDB49816
S3150200D2B0D39862D3C1D847A7F7789DE1A1D4AA64CF
S3150200D2C08016788609C6D0901665218071C54046BB
S3150200D2D0536952BA93B6B5B60553372657BDB3024C
S3150200D2E032B014F5D36B88E9095A67A9B3F4BAC008
S3150200D2F0109357C56E7EB667A596A334E7630031D1
S3150200D30003AA34FCB78115F5553612FFFF11F5DF76
S3150200D310B2DD4264147AB1C855F71074F48AD74B59
S3150200D320F6A2F84260724428E6D412B8D2E44F9EBE
S3150200D33017689DF383B27B1353DCE2B85747C0A547
S3150200D340866775E4DF967286CBD6253824E7B793CF
S3150200D3503612319117211690E6A337932AFC661AE4
S3150200D3605A38E08486E1F01184269862E620925BC0
S3150200D37018E23560C75A6A9612421ADBC3B16219BD
S3150200D38007446074915C25DA641350238053AC869B
S3150200D3901A981AC3F251D8F45F2AB7E7B1F5D04A00
S3150200D3A0BD922651D3C1F204023546BE995798E67C
S3150200D3B0F38CDB41EA987242A5B2E5E86FD0F089B8
S3150200D3C07E6105E2213090C2173FD6F8A81CA0BCA8
S3150200D3D0E12211029C94823128C42C82CA14A3E74A
S3150200D3E0A75273D39371FFB4413B0912B1D079129C
S3150200D3F0B0CA73C4C2EB4E5312A4B95AC470EA87B8
S3150200D400270A27C693C3A44CDF6263665317453EB9
S3150200D41019C1A59057AFE336283506E3531B59F1D8
S3150200D420A4D07738C974E20118E7DF069B5169BABE
S3150200D43088140C1900E10052878275B76311F7E16F
S3150200D4404041132080E532A78CD6D746754D3C71F4
S3150200D4505065CC7CC751B69BA26C96C83BBBC270CA
S3150200D460D4A7B33116AE6388A170ABD024B6C380FD
S3150200D4708B12D1B55463CB11236150B23C0A13FE11
S3150200D48068914160C2069AFB21E62962D757701459
S3150200D4909D66633CBD2A484053B6C1D539D1545A1C
S3150200D4A0847256D0F2FFFFFFFFFFFFFFFFFFFFFF71
S3150200D4B0760D0000004E6ED168278B0800000091A1
S3150200D4C09BB85026FA0A000000F87AB3752651F680
S3150200D4D0FFFFFFE8F72F4A2696F4FFFFFF6787381C
S3150200D4E04926F2F5FFFFFFF0193162269E1200006F
S3150200D4F0003B7D975F27BB070000008A06024D2688
S3150200D5006C040000009304266826620E000000B731
S3150200D51033505226B20B000000BE5BFF5126F2FDCD
S3150200D520FFFFFFAF98D47526EBF5FFFFFF3AEDBF7D
S3150200D530522636EFFFFFFF9B59FD6527F9070000CC
S3150200D540007D9B2771262F0B0000009E7D984B269F
S3150200D55082070000005CB2E2512640F9FFFFFFE1BC
S3150200D5600F904926AF0C0000000295E76526DD10F4
S3150200D570000000931EA045269FFAFFFFFF6DECF800
S3150200D58060262BFFFFFFFF6E1E007126B5FDFFFF13
S3150200D590FFF7B59E7D267AFBFFFFFF44320F422638
S3150200D5A0B108000000C5475345263AFBFFFFFF9E20
S3150200D5B0F18F472580FBFFFFFFB469D5662602F986
S3150200D5C0FFFFFF18E4544726820D000000B15F7684
S3150200D5D049264100000000B1910A4B264FF9FFFF90
S3150200D5E0FFB572884326FAFCFFFFFFC5DDDF47263B
S3150200D5F055F9FFFFFF4899666A2647F8FFFFFFF7CE
S3150200D6004BB65A26E808000000C691EE572677F573
S3150200D610FFFFFF9E600B5426730900000077DBFEB6
S3150200D620472691FEFFFFFF429A3F4925B7F9FFFFC2
S3150200D630FF1F75BA7A26C1F4FFFFFFE9D2AE4D2667
S3150200D640F9F5FFFFFF828E706526D20800000038CA
S3150200D65028614925F9FEFFFFFFCD4D4B4F263FFFBF
S3150200D660FFFFFF9C696A782633FAFFFFFF6341AF2B
S3150200D67066266DFAFFFFFF62528055264EFEFFFFB9
S3150200D680FFB88E515126F40200000088CA9F7926FF
S3150200D6907509000000C1B4B95826800E0000006A60
S3150200D6A0B1E0482627F9FFFFFF426B885826F9FAB0
S3150200D6B0FFFFFF6388987C268006000000B74D7343
S3150200D6C04725BEEFFFFFFF09F8145D26450E000051
S3150200D6D0006E7BD059260F050000001356C7592647
S3150200D6E0C2FEFFFFFF95A1A47026A9F5FFFFFFEC7E
S3150200D6F040EB4C264D08000000BCE644592605F8CE
S3150200D700FFFFFFD3FDBB79275AF5FFFFFF4D4952B5
S3150200D7104E26AF080000002A60FE5226C3FDFFFF18
S3150200D720FF6C9B08522654FBFFFFFF7C33076826DB
S3150200D730D0115C010C00FD745936502ECBBB000093
S3150200D740E4F286C1C9BFAE020065E779FC981D51B5
S3150200D7501DE528357E244471FD01B096E1B0800DA9
S3150200D760904D000073FD7AFC5B598ACD440D7C9185
S3150200D7701E630E5B007014FC8687D39F22F2FFFDA8
S3150200D78015CC7804220C34FF6FC2F4C48FDDBF05BA
S3150200D790050000F0F6C3CF224063D10F00A3756FD8
S3150200D7A046BC512727FD25225C5AC1A54000709A26
S3150200D7B0E0658445683E01006F434320F2FB892FF2
S3150200D7C075FD45AC522DFD8F00F0B57A0089AAA5EC
S3150200D7D0F1FBFFC31F123DFC318F19FF5F5018CFBB
S3150200D7E0DFDF2F5A0E00000009D3D71A68D9721943
S3150200D7F000476D092394B2AF1719495400254869A9
S3150200D800FC0050B6A970C4060B9106005D5F0924A0
S3150200D81030FDBC84FD4752CE8FF6FD440090D5CF35
S3150200D82088EC61A4D4F3FF19778626216D7C33FF39
S3150200D8304F59A2E9C2C53FA60300007067D7DF0FA2
S3150200D84016CC4F0800FC4661D056327114073FAF22
S3150200D8503EDD80D52F000027187E6C9A48670200AD
S3150200D8602B455762642E7D459E15EBA88AB0C909E1
S3150200D87000F0C3BFDAC5BFD1C5FFFF542C8656D50B
S3150200D880B9971EFF8F02EFE39043CC4F030000705F
S3150200D890F83449C7BF223000000E603A41028E3E7C
S3150200D8A0FC14B214B018785C7200F041581A238E38
S3150200D8B007A00C0075907AFD2D175C540FA3212C3E
S3150200D8C01D2070750230A8BE8EC54F40DBFFFFFCDF
S3150200D8D0FD146138560382FFCFCF0525D82F00D21B
S3150200D8E00F000070291C01CACB4F100A002820FC29
S3150200D8F0FD9FFA31CE125BA41538981D93007086EF
S3150200D900C8274621116202001423D045A1D2DD9216
S3150200D910501571F17629005E0080D431859468D362
S3150200D9206FF1FFA7FC8C344A42C722FF1F4226F63C
S3150200D93075D7DFA30000007001C4E600781CCF860D
S3150200D94000FCFD5CCDFD3889950000C78F937221DE
S3150200D95066B6B486D1A5543CE8280600677AB9A310
S3150200D96009911066004060AF33570078E1563912CC
S3150200D9704712DECF8FF4FF2E5AFD930384FD78FF04
S3150200D980CF69112BC78F13600B0000C07E1117A63B
S3150200D990EC9241070086FDFC0A3DE2990F00909247
S3150200D9A0752CDA04D2C0B258E123568F75630E0085
S3150200D9B0CAD5AC06C4FC398900C08FFAA05BD7A3CE
S3150200D9C0586807034D3468FBC27F9D363A00C0395A
S3150200D9D0E8C7FFFFFFFFFFFFFFFFFFFFFFFFFFFF9E
S3150200D9E086FEFFFFFFD944736826F8FCFFFFFFD5CA
S3150200D9F056A77A26310900000022FD06572630E78F
S3150200DA00FFFFFFB4DF5742266222000000806EE568
S3150200DA105726420C00000006DD5F5E260EFBFFFF66
S3150200DA20FFD25B425C26DF0B000000D331E95D26A4
S3150200DA3074F0FFFFFF5DC4405F2662F7FFFFFF79C8
S3150200DA4093D27126D60F0000000E49F74A26190214
S3150200DA500000006FA8FB4B269C0C0000005351F5FA
S3150200DA607F26E41400000036C1E15726E4070000D1
S3150200DA70008451CF6C26E104000000518A2C7526E1
S3150200DA80E312000000CC22B36A268C050000003E99
S3150200DA90DC9F6B269602000000D109767626FC07EB
S3150200DAA0000000A788526B26DF000000003E1C7FA4
S3150200DAB07A269C0A00000025F33E65267B050000B7
S3150200DAC0000BFB9A6526C3FDFFFFFF29A97B7A2679
S3150200DAD0C2FBFFFFFF9C29A95A262BDFFFFFFFFF90
S3150200DAE005785726050100000032B3EB7B26B3D733
S3150200DAF0FFFFFF165B795A260E0500000071081813
S3150200DB006326A402000000C48D8B67266EFAFFFF0F
S3150200DB10FF2B8D25602682FEFFFFFFD72CEE5A26AD
S3150200DB20221700000096EB915926B1F7FFFFFF88F6
S3150200DB3089F24B264D06000000BF009C602691F735
S3150200DB40FFFFFFCE1C67532654FAFFFFFF253B6EED
S3150200DB506726F50600000092D9BA5C26010D000080
S3150200DB60007E4FD06D268DFDFFFFFFE728E2782667
S3150200DB700AFFFFFFFF96CCFA5426EE01000000F7DB
S3150200DB80097C58261B030000000AE64A682656EC62
S3150200DB90FFFFFF07EDE660268E06000000211A2A27
S3150200DBA04D260E000000008630B6662623EBFFFFE8
S3150200DBB0FFAD4BD077268C03000000F24AAA5B2603
S3150200DBC001EEFFFFFF7DF5D06B26E9FFFFFFFF7831
S3150200DBD0756C5D260CF7FFFFFF189C3F59260C1645
S3150200DBE0000000C244E47826700A000000517A441C
S3150200DBF06526850C000000692C434B25E6E0FFFFF5
S3150200DC00FF43636E69271C04000000684C395726DF
S3150200DC10BB080000008F652C64263F14000000CF6D
S3150200DC20479B67269803000000828E924E26960333
S3150200DC300000003109C754267F0B0000008B71A13A
S3150200DC406826B9F5FFFFFF7CFF006726880E0000F5
S3150200DC50003590836926A608000000AE1E035626EC
S3150200DC60FE7F5C006CEB49D356771648037950A5C4
S3150200DC70E6A2B3D438E15746D09783168005A78F1C
S3150200DC80EC189476134AF772D256381EE2B08842DE
S3150200DC90B746452AE0D7659992F7153A34D3E5D5C2
S3150200DCA0415EEE80259776933D5768CD15025AF36D
S3150200DCB0F920D8329D9720C0B64147B5F343D32009
S3150200DCC02B69D280C5074659F15FD51254BA7390B3
S3150200DCD0D1F826F8E9EF0271346247BE182572843C
S3150200DCE0588A937BF9C5E48FB5A2DE7BF2B7A8EE1C
S3150200DCF0FAE3A490B353D72AB95A9C9168FD629865
S3150200DD0080B0245B37B02894A3D52411B9F972F5F3
S3150200DD1097A03BE3D12361F097C5A68B41830717F2
S3150200DD20E5EC1D0C72359963826B4CDB1308B62643
S3150200DD307434953571DE3EC0A244B24128198682FA
S3150200DD406EE93F1322706364B587480982D385F969
S3150200DD501FD1C816839D55F509D4058A0A74B7558D
S3150200DD60F5E1B5139D34E0CF9372F5F656E04BB468
S3150200DD704751B034A189A9EA140E6F32E1952923DD
S3150200DD802767B97675B2FBF1E5D1A22B39755790A3
S3150200DD908183706602B379A3710868F483B070CC8C
S3150200DDA00F06938300132043D806F6E044528238C6
S3150200DDB04A021971B2F9BF36D5AF13FB603476E168
S3150200DDC09BC5024C3051C167051424C4B22375FEAB
S3150200DDD02F5008F801E3C2F17F9532F4E1D1238096
S3150200DDE064223348107184F3D39592517423E2C4AA
S3150200DDF03524B50C983598E85CE686BE80C4E3E027
S3150200DE00FAF3CF4824B6745208E6A55A1642778426
S3150200DE108131EAA738E636B29B71D31201F601A127
S3150200DE20C991898682EB684AE8E357657354F6A17D
S3150200DE3046BD02362621A176EE147EF3B010B264F8
S3150200DE403920F6C207B194311675D3A5577CDED3B5
S3150200DE500A14CD357D1185B460C0B005D88342342D
S3150200DE602592F7820548A2C273A644C3E1D077631E
S3150200DE70D9F5F6D64729D1647144D40535B4D1878C
S3150200DE800166F3784BF32929CA15535036E270E33B
S3150200DE907F12F283305127A3922437E434D116330A
S3150200DEA0D28504C2257CB9A8F0E7562C82B507C1F3
S3150200DEB075B2C67370E5C10591F1E19F5543E268FB
S3150200DEC0A594C5529C983190931088AC52525BBA75
S3150200DED052C1F72149B53A8C57B304179C63742192
S3150200DEE09918DA424AE8F19F41B1B3DB344184130F
S3150200DEF0305066C2F59A12A31A71148912D4B586E5
S3150200DF00552CA93222C5065121A9B096A7813364A0
S3150200DF1032F6D624F944770EA596C3A80388A5E05F
S3150200DF2092C0463417966FD34725A0B0D7D8A1061C
S3150200DF308519C511B531B8B971B401E69700386CC7
S3150200DF40428B0975A7E3BA62220BE6E18261505061
S3150200DF50B28A19F4493192C581C7416DC1982262CC
S3150200DF602235D25081C64577C43AA173D4E42F62D2
S3150200DF7006CCE0310712F286C5204551E1216F62D7
S3150200DF806AA64A0B119230C6483031739817683325
S3150200DF90F0275B14141844018988EA42F0E3B3D3EC
S3150200DFA03AF07F751A119A186032A2CB31A36464D3
S3150200DFB061F3E8915354E174D3C0C6E80F6311E9E3
S3150200DFC02219B3A115A4B7E68165527672D62761E6
S3150200DFD06A3A6D9406C1E4AFB490ACA68395163145
S3150200DFE020482A7D9688D67722B2CCF822E9604468
S3150200DFF093E1F190258080D300FB1FF181F7BA10DF
S3150200E000805940C50723E11F80FA79E5F14FB63002
S3150200E010DAF47885BAC386506673F46D9612FAA955
S3150200E020555AEB3B86D719245772B4742CEA9B8552
S3150200E03072F8A9E57030E3316430331204E95AB557
S3150200E040C704E5F5458435D695E4E12150C208C3F7
S3150200E05044B997AD89C8F3C382995628D390A62AA4
S3150200E06078EB5884EE6320E512D165827398510AE3
S3150200E0708880B79A5444005738B01444E97913E1BA
S3150200E080CE0413F05437845433E1E4598719F473F8
S3150200E090C304D4C2A9C0B2F3577B80A9DCFDE1D880
S3150200E0A05485A0244110AA53D838113E7DE6B5887E
S3150200E0B024158179D3F6695A158F45350878F11DED
S3150200E0C03B102C2FB472265AC7D862A2B02045E95B
S3150200E0D0024B524397D5901AED2286985504A8E230
S3150200E0E041D1E3D33AC1F76776921411D0FBE165C9
S3150200E0F022D2A2A269A3D6BDB7059962E3500A5AF3
S3150200E100E7B3545D80B445554822E6F6F178B77117
S3150200E110CBEBE27284F072590195C05673C1045377
S3150200E12045C429E93370B4658591E7D4F5E21FF851
S3150200E13002C121B839ADCC92438B2C91F0D47AA589
S3150200E1407C95F6C15436D914C1F08365D33515A62C
S3150200E150A91A777793C4D5C595CCD720A2C1C7771C
S3150200E160C64662806B8076B5132C87A6E05BA0F16B
S3150200E170B061E20A53579359C5747686C4E26FE6D4
S3150200E1806556B6236025E6909CB5011697C7BAF385
S3150200E190F450D34683D2C788D4B37290B7D3C6E2BB
S3150200E1A0BF5720678BA6A094F999C74524E21AB3F4
S3150200E1B0545A711AA0497680F330C9B369F266CC13
S3150200E1C04876F829C7906BD0FA2C41B6D2880273EA
S3150200E1D0664496340BC1C342A287A7C7B3C4BAD654
S3150200E1E03110E245762151836422E7E89362D0D367
S3150200E1F0C78D784AD1E36196259D04C6622E1187A2
S3150200E20043258779F3121625B2A7542283C636F51B
S3150200E21018599151E845E51083C37CB172772ED720
S3150200E2200276771BC44036581932E867517B16E2EC
S3150200E2309253E441FC77659383B335B2626423005B
S3150200E24056FE52611293A0B48186AA670625F7305C
S3150200E250D353A76935200675C00422F3E317542366
S3150200E2609533BD91F465E89743A706C4FC908B21CC
S3150200E27094D15DE1FAA1B2F356871141F0B235802D
S3150200E280B533ADC615C1D20BC82811C69050C0F41D
S3150200E2905330D1B514EC7B60AB8BEB4745007B1D4D
S3150200E2A0E59F11D545440709EB0F388955CBD6931F
S3150200E2B0EC25000385845069A37467B193F2DFE30A
S3150200E2C085C2D0F97AE635E40121D030121515451A
S3150200E2D02231E3E58F5B6FC442A328D43E1823E0C4
S3150200E2E0492208A363D25943417656C5244950664A
S3150200E2F0D29446A482A9B534E2CB25323B12B5703C
S3150200E3001C9889EB7690677214BEF2D2A5F15290F0
S3150200E3109826C0A225E6E1F75BAAC66E6F12A8D9B7
S3150200E32087F488B80B594852F617D24519BB226AA8
S3150200E3309144FBE92FF93F02044107D994B428B767
S3150200E340E73198147799C4F0E612E226824250E049
S3150200E350D1F560F057B815A65EE13E6540F6D17478
S3150200E36010020197D3F42F3AA78244F73CE872844D
S3150200E370A00801CC20D057F4204B175975453269B5
S3150200E380D6D4C3887A411371EAD3DF5DE36FC097AF
S3150200E39055664205D86501A91024A9AB95A3501369
S3150200E3A06F9CD0D46941F518B134E9F437D749AB3B
S3150200E3B0D376D2F848E5307A1C4E8A071170F752A6
S3150200E3C00721C967F142F7AFE862D895EDE174B16A
S3150200E3D051B6E7797A8AE661B315DA2208F96687D1
S3150200E3E0664856B073E761713695025A23F573771C
S3150200E3F0F581137D0239BC4407A39633D143568473
S3150200E4003181D337D27CF1438880270802CB529BD5
S3150200E410A06104F7154418B43087758486DBA2C25E
S3150200E420D5D4D7898B449858007861309744369A68
S3150200E4309077C156F0A153A316A0C2D67979E61BEE
S3150200E440EB5F81874EB6ADE4C285D2E4250D42B4B8
S3150200E45089E8F2F555B290C8D0F9E820AC32D2B0CC
S3150200E460919D70BD6D14B3E525E2F0A0C560143030
S3150200E4707611E9549484D22385C52DBCA062C16766
S3150200E480735B9048D472F4F55AD965D088293E95C3
S3150200E490D664D4B62534E6043C47211244B4881126
S3150200E4A06A71B6415390E55003E1F098A762D4E64B
S3150200E4B06F32507601E13FA41494D2F77E63C3CE45
S3150200E4C083A6FBD8D76099EAF0D9B53957ABD441C0
S3150200E4D047428BF8A4F4F6346D7A51476322C7514A
S3150200E4E01460C4E32336695436D8E616C300D7E56A
S3150200E4F0DA4171D387A31BD212DA5BADC2E3C3E45E
S3150200E5001A57D95BE45495127E63517A92F34AF70D
S3150200E51068141696F7E23DBC915263F6F0A572D2E4
S3150200E520BA4911867C81B0B1258BE184CA82542115
S3150200E530106285456C58B9D24FE04998E47A748ED8
S3150200E540F8E5005E57D240300534BAA554B6E60A5D
S3150200E55024C54A13C4DC1565240334E7DA318485FD
S3150200E560BC14B6F51F1616B262D1443494C7D471E0
S3150200E57070A16401D7DA052CB1B57AA494DA717167
S3150200E580A7781232A0F196197777208406F601361B
S3150200E590CD54301D7D9048F7445BE57922642BA06B
S3150200E5A0B1853E9584926025B381CDC5B504818738
S3150200E5B0808654834090C2778795C33EC11650B574
S3150200E5C01090F05B60F2BF5633B14495583CB426C6
S3150200E5D0075283ED63BAE71325D1709043B78432AD
S3150200E5E0716033427247217131D521E5A0886B36BD
S3150200E5F060603093C37BB536C348B09564017477C7
S3150200E60090F7D7A7983AB307658445B401C8E6449C
S3150200E610F0269AC3B508614761DFD1271AF4D6C43A
S3150200E620C4B2F4CFD09080676E9BD73194D2E39573
S3150200E630624172F74FF87EFBA731A8D8E2C6B779D6
S3150200E640B3B682A3980223F077C66377D92630C879
S3150200E650576326C059C8A851F339A2336712579691
S3150200E66098A69611B5F381A6725014A532B09654A7
S3150200E6700D942310D677168A840397A060283377E1
S3150200E68086A275B6E1503500F4CFF6C9E0F5304BF7
S3150200E690EA20A613C8FEF39FCB228165E10231A1CF
S3150200E6A0CF88645463F007A2BBF7728186111530D6
S3150200E6B0067D58E25977B54AF8D04001F1CB7D790B
S3150200E6C098B057E57793D3EDB9512820646892D56F
S3150200E6D034B4E3E181BDD53754218AB29029F5DB02
S3150200E6E01400A314208632A0205379CEA6F3D2C5F5
S3150200E6F04710B3E84FE542E2558402C3989F2500CE
S3150200E70084C78250E3B0F438406756EE237910226C
S3150200E7101007774EF3F85A430605ADC449FAFF745B
S3150200E720F3A789765DD3B254B8E116C762264126AD
S3150200E73082A0C1510234B8A94336E7C12565F3AFB9
S3150200E740C0429B9353280C73899332B0D484B26629
S3150200E750D9903A48F2320176F5C1707249D2567BA7
S3150200E760C5178C89E034E45E1523848CA643EE47F4
S3150200E77051E9F34A8C422465E030E411D0C9E88FAE
S3150200E780B71DA3A545457685901C951B4692802408
S3150200E7908858451D4134C77167288470FB03A1CA96
S3150200E7A078A78E071152271BC629F7EF92E3C7896E
S3150200E7B0D681F344B301B2439132C8D3821590761F
S3150200E7C0C7798854C4A517E304B153014676555553
S3150200E7D0D113196019C76147B377591222434136DB
S3150200E7E08D6473F2961403A8C10AF31222C4A3EC31
S3150200E7F047F765163691065377F44583AA1EAD058B
S3150200E80009C1A4E4347046B26174B94AA6ECE2F5D1
S3150200E810A958780326B7B820D471D59100A717A1B5
S3150200E820E261C548D48466243A1090B5A9E2E0D5DF
S3150200E83025A05ED7E5C0E07092F253F1017A05A5F4
S3150200E84004E900683721226613C4D0C3C257D4B57F
S3150200E85085FABB62F5C42055667873679B179B18C9
S3150200E8606551F340F1714412B2C7A0A1F7A9901401
S3150200E8706957BCF202C1E408F340554B998CAB5B75
S3150200E880E8FA74F7444A87B79AA5E498711B9C4E36
S3150200E8905589B6E887074335CBC057D80483A933D1
S3150200E8A0559958DA93B26550D66211524BB953B89C
S3150200E8B0200385EB1A35DA046349B70FA3E75F70C5
S3150200E8C02AE8D1E3671B773016F4EF617013B94378
S3150200E8D048744C243C154B984EA15BB5A35053F09B
S3150200E8E0141907B52162741809D8627537F5B3464B
S3150200E8F0143BA983F98FD39D21D863500621E901E0
S3150200E9002220D7249A824579E86B9060A945E7B917
S3150200E9101A80F9DF0C6824A0D3C6C7C12A282DFAAB
S3150200E9203F72D0A284AAF2F85F6287E4E305CA4086
S3150200E930EFAA2AF926238754A3F6917269C665447B
S3150200E9405903D3BAD591560778C2A5C052E619D251
S3150200E950886570747577C5F44F90B9F7B8F1472793
S3150200E960F5D707925C05E351C176A2810212AB711B
S3150200E970531301A63374B3E0D3774711C967C7416E
S3150200E980715526C86723B2F3DA2941C0C734230278
S3150200E9908C85559C46D7622122C9C312D0C17AC939
S3150200E9A0D0A9D537119181A4F91494D8C094DD6009
S3150200E9B0AAE8F2E1E2AFD22434523691EB11B684E0
S3150200E9C08857CB8253C794D4F0D3F1473978E68F70
S3150200E9D0F4017AC321F4730766C5620469C1E2468B
S3150200E9E0C57736ABB73846EA62EBFF1017E6D39225
S3150200E9F0CB749205112198B1A3F9203360DB3983D8
S3150200EA00A52960B492B55570212FC7F2EC7249A7B9
S3150200EA107253439264736050F24FD364C5B29283C9
S3150200EA209915E70B673411BAC8A019B298CD8FFFB2
S3150200EA30EF63B1A20C9271A3271421431562B84762
S3150200EA40D1B89070EA1B60FDBF6890A54494A328D4
S3150200EA50A59725A48B083249D7091460339457E940
S3150200EA6014E52333F868A99832D7C7A19CA5B01D2F
S3150200EA70B43CAAA51D83DEEA1AC6F539D5499A6CB5
S3150200EA80AA27BB86C08106F500E597D618742834F6
S3150200EA903472E123A5036844276844D1D5A4B0A300
S3150200EAA093E2C4B46A80FD6289F579C9B1378159A6
S3150200EAB0EBF92ADC43B952E24C41CA17C0E6B2224C
S3150200EAC0D3D801F6B374D4A5734A52150115D4A549
S3150200EAD011447095470EE8051265CC14710976ABA0
S3150200EAE030B18B34775324CD7A7984C962C72481B5
S3150200EAF0241505ABA096F580E67AD8E2E772E19D89
S3150200EB00455487B3B626C36744054677E7F66A7166
S3150200EB1052D0D7C8F883856C5AEB5FCB3025C3E059
S3150200EB20D4D2B4A8471CD5F12A10A97217B6D0853B
S3150200EB3010CCEF4CB6519577B4C1AAC8A7F7BFE877
S3150200EB40363407A2B4D4E2B2F2EFB5D9B1420356D3
S3150200EB50A6D4B1F3F4589C63FDEA21B15254E903F9
S3150200EB6028318AC89104D5100621A2D6B0B4D13371
S3150200EB704EB06A84364E3457647413E2D79275CC1B
S3150200EB80ED469AAC9951784B8260675B76A464CC69
S3150200EB90D0F3245A85D36DC6D3F4933A5415E0CCF8
S3150200EBA0FBF2748D6CC24766F494A4E2F5CFD5FBF2
S3150200EBB017E8D522524711596CC5004EE72F92220B
S3150200EBC0009CFB9736F24711AD2519A1AD5652BAF4
S3150200EBD06C096692C222610041E775F6E11F2DCEED
S3150200EBE06A73F2EA34A5324C1221D6E8C37EF6F7EE
S3150200EBF0349431CAFCCFC9C50BD28582567CA0A5F6
S3150200EC00A6135479CA31D5D1C2967279D0C03BE3E4
S3150200EC100034D07194F31FFC55F264695967591197
S3150200EC20391A16D2958143B0165C129210B5704508
S3150200EC3087C7C2D79A19312263B603DB5C01153343
S3150200EC40A65170F71121A3D60A64E3A9F0D0C483B2
S3150200EC503C38F69592F62232AC535D4CD0B03A244B
S3150200EC60405B330CF8FFFFFFFFFFFFFFFFFFFFFFD5
S3150200EC70E812000000BA334C7B275F05000000FA59
S3150200EC801A0E722773FCFFFFFF614EE35626C0FD84
S3150200EC90FFFFFF3686557727E8EBFFFFFF41C06A85
S3150200ECA05126240800000003FE095A265D100000C2
S3150200ECB000B53B544A26BC0700000051E77B70268C
S3150200ECC0470D000000DC12257E27CDFCFFFFFF0D5D
S3150200ECD0BF005E2670E3FFFFFFD76E4F6727C906A8
S3150200ECE00000007FFBF35C261711000000B952A05A
S3150200ECF045266504000000195F0E4F26C3F3FFFF89
S3150200ED00FFDB36FE5A26F415000000F626A97D27FB
S3150200ED10A3090000006859F56227AAF0FFFFFFBDAC
S3150200ED20E58A4426CFF7FFFFFF2D929F7226B6EEA5
S3150200ED30FFFFFFB004867E27E81900000039F77A44
S3150200ED406627CF0D000000685C595827281000007E
S3150200ED5000AB83C34A26AAF3FFFFFFF75A9F552645
S3150200ED60E6FDFFFFFF25A3EB4F26DDE8FFFFFF4D84
S3150200ED704CA15B27B416000000346D6D512636EEA9
S3150200ED80FFFFFF2A569B402653140000001A7448C0
S3150200ED90412629EAFFFFFF0D240E6427E911000030
S3150200EDA00088754B5026CAEDFFFFFF1176EA7427DD
S3150200EDB0D4010000002B93724725AEE5FFFFFFA7A3
S3150200EDC092925627E6EAFFFFFFF6A7196027FF127F
S3150200EDD0000000B2463474275BF6FFFFFF3FB252D3
S3150200EDE067268DEEFFFFFFA63FB94826F4230000F3
S3150200EDF00019AC8F58275D02000000A58BE373272C
S3150200EE00000400000047C0324726A3FAFFFFFF7046
S3150200EE1066C55426F3F8FFFFFF7551F8432605F43D
S3150200EE20FFFFFF0CA4824126F2F7FFFFFF9C91BA77
S3150200EE307326A0F5FFFFFFED070C5126C9EEFFFF73
S3150200EE40FFDF52225A27E00B0000004A8D86632616
S3150200EE50DCEAFFFFFF4E61146C27C8EBFFFFFF4D94
S3150200EE6093E66C27C80700000056229F76275B129E
S3150200EE70000000B14BC14226FCEFFFFFFFBF655306
S3150200EE805426041B0000002FA5DD6D27E3F5FFFFC6
S3150200EE90FFD3976F63263AF9FFFFFF3D404A4026AC
S3150200EEA06BFAFFFFFF604B4F4F262D09000000480B
S3150200EEB011904F26350700000058EDB578277619D0
S3150200EEC000000047949C4D2726E7FFFFFFB5BD349F
S3150200EED04E27C007000000D86C8E7D274DF0FFFF3D
S3150200EEE0FFC4C59152265D05000000EADC2975279C
S3150200EEF0D8115C010C003B62104A5A8F27C9009058
S3150200EF00FAFA864DD19F1504008783FC30F6375FE7
S3150200EF10F417E420AFFC0F294100D0DF7F6BC63324
S3150200EF20B09D06008B3326A7EC34FD1F30BCA867C4
S3150200EF30C44628680090A0100936D3B567F0FFD5FD
S3150200EF40C5BAFD513A73FDFF5F07075EF6F0C53F8E
S3150200EF500500009034A2031288AC6700006AC0EA7A
S3150200EF60322E2C327D2F5352370EFD94410052160B
S3150200EF70C9CE9492E1640200BD9064009F5A7DFD61
S3150200EF802780FDFDCD54FD790010060233186B5122
S3150200EF9066F1FFFCFC85E9AA4CB7BFFF0FCB82B82E
S3150200EFA0D94EB4020E0000C0EFD1F4F20E499D0D07
S3150200EFB00088FC56EDB410925D323A961929410842
S3150200EFC04A00209210D23FFE66D00F00106A50B15E
S3150200EFD0126B05CB5A0CC823FDFDFCFA00A042E0D9
S3150200EFE05CC2F1E891F5FF7A50FCC5F2932A2DFF37
S3150200EFF08FBC265769DBBF800A0000409A4DC504C4
S3150200F00012EA440700FCFD099BF29DF279E01248E0
S3150200F010811F9F0E6800609767D1A1D145CA0F0074
S3150200F020216D70FDC289FC47D0614A9BFC4B8C83E3
S3150200F0300000C662D644E4A1C7F5FFB26FFC43CE18
S3150200F040232804FFEFCEDF0BE4143FC30200007057
S3150200F05085DDCF3F12DCAF080021569F2042BD7FDF
S3150200F06059D69891046C5D921700602D5609B332F9
S3150200F0703FAB0100A823433EA2FDA2FDDC6235316F
S3150200F080D208C4310040A4FC05457578FEF0FFFCA9
S3150200F090067401FC99DE29FFDF36C8CFCFEFF9A24D
S3150200F0A00A000080C8EFE2C1E041100800145020B7
S3150200F0B00232D9FD20756CA254269E195000804357
S3150200F0C0CCC633A29C510C00563FB53B524F2F5F24
S3150200F0D0554F1FA644FC939800C08F46AB45A57BAF
S3150200F0E0D9FFFF81CD6B5340CD3582FF9F14DBCF15
S3150200F0F0FD04C40F0A000020D81FC0DF2F95630449
S3150200F10000CA48B52DC9F8EF9E986039754BC1847F
S3150200F1106800803B2E833D2E54A40B002F7A81A0DB
S3150200F1205705213FFC7A995421FC4AFC00C05B8FAB
S3150200F1309233660785FFFF46C053DA93A57702FF2F
S3150200F1401F6D74A67ECDC5250B00801012748C909F
S3150200F150C31F930800ED2158626CFD5A42489DFC7C
S3150200F16085756A649600D028E14A00D734BE02004B
S3150200F17087FD238E9CE3FCB96CF9D6FDA3F43A2CE9
S3150200F18000D45F893F8BFE33DB1FF019C53F00C0F9
S3150200F1903950C0FFFFFFFFFFFFFFFFFFFFFFFFFF2B
S3150200F1A02102000000C6E9604B2646F9FFFFFFC7B1
S3150200F1B01FC4632634F6FFFFFF9F1B924626A50B4C
S3150200F1C0000000D5C730432667000000003087F5EF
S3150200F1D07A267BF4FFFFFF8334B94D26C610000062
S3150200F1E000A6C1287526CBFCFFFFFFEACEFD6726E7
S3150200F1F06DECFFFFFFF6B10F522622FCFFFFFF6602
S3150200F20062D34926F7F2FFFFFF69258C5C261516A5
S3150200F21000000028087F4F26A7EDFFFFFF217D1C77
S3150200F2204226C800000000FABF3F4E2668100000C2
S3150200F230002CBEA65F26DD110000006D28014F26B8
S3150200F240FC01000000D05C337127F6090000008C37
S3150200F25088FB6D26B80C000000DA87B67026E10A34
S3150200F2600000003EC25245267713000000D63E9BA0
S3150200F2705826301A0000003C094265261E0300008B
S3150200F280004C594C522661000000005DEB375726B0
S3150200F2902F06000000DF58B57E2735E9FFFFFF8EF7
S3150200F2A0820F7627F8F2FFFFFF0DF51D48269EE92D
S3150200F2B0FFFFFF63D4DD5826F5F9FFFFFFB738617C
S3150200F2C07526C4FAFFFFFF50623F4425410F000036
S3150200F2D000ABA6FE492659FEFFFFFFCD3C37492665
S3150200F2E005E7FFFFFF56C0F1532651F0FFFFFF6F00
S3150200F2F04A5D7526AE0000000096BC1A632686F7A4
S3150200F300FFFFFF02DAB0732665FAFFFFFF285C33C0
S3150200F31059267C10000000DC03545226F916000020
S3150200F320007B0BEA412509100000007B03E34F2610
S3150200F3306C02000000040D017326E5F3FFFFFF7364
S3150200F34097964C26B71100000040E29E4E265204C4
S3150200F35000000092340771278B02000000A16C3D69
S3150200F360462655F2FFFFFF4322245326E7020000FA
S3150200F3700059C24064269A0F000000B979DF7C2644
S3150200F380070600000040D3C77C278A03000000DF7F
S3150200F390D6DF562621DAFFFFFF5A34C0442689F605
S3150200F3A0FFFFFF09395D6A263BFDFFFFFFFAA959F8
S3150200F3B04E26D01C000000E30D555F2672EBFFFFC0
S3150200F3C0FF1C73BD4326D0FBFFFFFFE1D5555C262C
S3150200F3D08C0F0000007476175E26A7EBFFFFFFF284
S3150200F3E0C8F94A26730E000000D212BB6926320003
S3150200F3F0000000AFEB4353268AFCFFFFFF6D30A6E9
S3150200F4006426D9EEFFFFFF300D297E27A4FDFFFFFC
S3150200F410FFC356104F269FF3FFFFFF959EBE52264F
S3150200F420FE7F5C000CA1F61AB2640DB53166A0042B
S3150200F430D69552E1125825C1035A95B6E753D14DD6
S3150200F4403CE03BA63650C31A13E4B12419B970E95D
S3150200F4505568AA7071C464E47345797F4119E98FCE
S3150200F460C0910DEA64E5307D13E6F5E53C414117AE
S3150200F47038E6A20B87C12223F42C0ACBE005ED3431
S3150200F480C3415695640B342190E2A47346C64BC61B
S3150200F490C02975055560A4106103184521A3E1B37F
S3150200F4A0E7C35B68F6D03A87947988FCB5C654A060
S3150200F4B03265C515F9B303C38CF71074D43599B800
S3150200F4C06A39D455D45286D4E50288F5022734F631
S3150200F4D0E46F30802133DDE9AAE0727D931812656C
S3150200F4E08A81364A66B60824723A83289317F61931
S3150200F4F0F1E6EF1432C4532E7E73E8E15C78BCB2B7
S3150200F5003BFAE53FB6106001E3A5F450F252A4C3FC
S3150200F510C407F855F6E0783983B97091783EA38E20
S3150200F52080D5C7C3662696684794D1E228D61AE8DC
S3150200F530D4529A0299F03C5035461105F7177B973B
S3150200F5403369D49845C28223B529863B8AE144D3DE
S3150200F550B49273E1F0349562D74149B020324FB08C
S3150200F5608BA1E08647C941916283F491FBD2074C95
S3150200F570A0FAB3A1C0FA82B2F2F8C105B5A3A84FA8
S3150200F580A71587C064829B56B37231C81C34757046
S3150200F59031B6E1BF5113F892187032041570A6867F
S3150200F5A0B635C4056810C801C7DEE453562804F40C
S3150200F5B07910E2659BE0F8A474924486BB58502504
S3150200F5C0CB938714936D77B006EA5D2220F274120C
S3150200F5D0215055A5E845D4261391F00F37454253DD
S3150200F5E0E401793CD8966264DDB11057E99A802627
S3150200F5F02B1F0EA5F7439421025316A12918B84CC6
S3150200F60050745A12FD2222D58234D6A0C91046A6BB
S3150200F610414851E0B4949B94960761096B32E9150F
S3150200F62022B06380E4B6A8C994D17A5045A1E7F91D
S3150200F630F06831481C11A291563E537A55880254FD
S3150200F6407652D197B21C1911B91677A5D55DBE139C
S3150200F650F935331310868642D551B623A1A673F027
S3150200F660226CC3F03169BC74D1F0B050A3FB43A144
S3150200F670F14F61F0ADF974C1536167A6CCB6A559D5
S3150200F680724D6420C9DBD4B698E6C7A450C0FA2FDF
S3150200F690F715633988E4334389DBA0FED1B8AE227D
S3150200F6A0E0E6B286A92767D04CC791B3A363C22509
S3150200F6B05425DB71569343D171798876F344696593
S3150200F6C023B1F08F161855819F0C17E7857206E154
S3150200F6D03422B6B3A710A68F740F1DB208A142A496
S3150200F6E03A31969D23FCD3F7AF79A62DA652E63181
S3150200F6F0F0686082B11118E6409024D9F7301AC535
S3150200F700A24706C5F60717AFD86E044F1B42C1348F
S3150200F710812115F8912894C2E4869E5A56030474F0
S3150200F72074A4553941E297D24BC6D4C567A67C600C
S3150200F73021912424A5C6A2001243D3C75590533360
S3150200F7406B634640F481C7B5F63451076133D15431
S3150200F75099E3548160C06620F97FD227ECC5EBB1EC
S3150200F760E2DFF571511ED2962B2EE1A2D1E3583378
S3150200F770138078029416A2ED00E3A217C569C93771
S3150200F7802598C42C32C031B0D56546B20B08C3E009
S3150200F79080E28543677976015979C6F350D4933767
S3150200F7A03053B10619236D0A0608D4F4AA474DA1AF
S3150200F7B086F5E3431528B65A64B07380DDA41415A2
S3150200F7C0B5C075B24E5582A690D4A1E5F17F32122C
S3150200F7D04623E1A2EDB26FFD00C4D455033734BB14
S3150200F7E07210D1B498E79FB2B8797474343A4AEA7F
S3150200F7F048F656F7D0333DE211E0EFD38340386541
S3150200F80097A1DB054591E4503AF366F493223192CF
S3150200F81040F7326074D537A73D51A925A530E65386
S3150200F82047977AB36B85E40525AB65B6C31010948A
S3150200F83071C64446810DEAAFD9516D5128E92414A7
S3150200F8404461822162E5E565E7E7D874A248F2C41D
S3150200F850F19A50D66035155372C72243E540A9D7AF
S3150200F860A0045592F343C567415A19DB44A2752594
S3150200F870569AAB22B09181C496B8F091C30319028D
S3150200F880E76151252143B8BB9C53B2001B8632E483
S3150200F89025E323A07740D529F17FA276A9B120FBE3
S3150200F8A0F38556B32232B862E58F4814C9E77889E0
S3150200F8B0C0A110254023A81893E993D5BD4805A8F1
S3150200F8C05478E426447A566D3D3067B5C96156CB05
S3150200F8D0F4B4A6A59A585262049885F090DBA73E26
S3150200F8E0B744358277482D241C69D6552623299894
S3150200F8F04AB6E15F04F66A42D55396E52A23008AA0
S3150200F900605A9A3AA2C8F18B527DE9B826F8846108
S3150200F910B6F2A3DA43F07821699018C5953178C515
S3150200F92076182458C62249F6B31846E5616D237C3B
S3150200F930A919A3D095145DE77410A3A5A2055A537D
S3150200F940F04683E6854BC490F59CE92379567C59AB
S3150200F95053388210125817F5210B72406460370330
S3150200F96014260362124122C231DA601093B376344E
S3150200F97040612055F5627747C7FBA239F30177C587
S3150200F980C526102CE064B4A1B4E773844679D6C7C1
S3150200F990E669808291D568CB63752956A4120B97C6
S3150200F9A004E1C031F6F6E4F73B67C116E5D1CB0DAB
S3150200F9B0E33A703103C116D963F4A2D035335BC979
S3150200F9C0E51F56928339FD2F73A523B500C38FD445
S3150200F9D04214F1108C08A151BAE56557F99F05D278
S3150200F9E0C38285F238C283D1C1272889D1D395052E
S3150200F9F0013896F258D0C48378141D3B897180026F
S3150200FA005992D2551D358A751483625DE454D049E4
S3150200FA10D626E003A5B0F43F16F42376163156D562
S3150200FA209438E09395F71B9AF1D6D2037CA47375AA
S3150200FA30875051E304C4B49391A3C509B9E65405AA
S3150200FA40FA880068A991D5DD97383928700134897A
S3150200FA50F8C4B2CDF1A8E8C20618D7474002D617B5
S3150200FA60E24CC820B8C88C839F0001EE29E22786A3
S3150200FA70C074E4A0AA46804886442630B3D3925482
S3150200FA808040A15840386150B1A6A76420D7A8315A
S3150200FA9007F140797424A1FCD429279D5278F59464
S3150200FAA0878422E15FA2DA0C8321395CB5D1E62F85
S3150200FAB0D23281A675417F33D65896F5DFF280158C
S3150200FAC0E37FA839915A69F017D2E44F5896E09A23
S3150200FAD0DEC4F5B72384D684999312CD2327B620A4
S3150200FAE036B1F3C4A09607A1AB251C2C9E8244E135
S3150200FAF0C437197493B52385EDC8692C2DC3D55324
S3150200FB00C282E330B07027852719E6F366E2D4167F
S3150200FB106B69F098517122CB9B05C7775CB367D1AD
S3150200FB20763377A62608C2F375A6C195E093A35449
S3150200FB3026A532F052B448F479DDA60848FE91F5BE
S3150200FB40B1E544E9D6CA13D922F24314B5AC3A75E3
S3150200FB50B38AD92AE50B935402F6B303E16A6379B1
S3150200FB60D4F7C1A417958AE5F3FFC111FA8421B827
S3150200FB70524D954AA7E51150B7EBF6357803042B9B
S3150200FB80A41331C16BD504BB40525A866E4BBCD806
S3150200FB90C09F16FDD8A2E176A9EB76C24F63D78243
S3150200FBA04304D7C7845EC5A290CCA81A3805D98467
S3150200FBB00BB6F76A260324772226E994A2B652A642
S3150200FBC087C14650A0D50647C914B69381B1C94527
S3150200FBD0B293A11B8A5A774C26734DE793B9B53572
S3150200FBE068634103E633A6502370A2C553A235517A
S3150200FBF093C2A4261C20E35FA3722AC43A96C7D1F5
S3150200FC009BF0AF678291A8146055A19905E97740E8
S3150200FC109C49A7D7122936F03696EAF314D72ADB7F
S3150200FC20E55F9B8287F329D657A47EB22243F1A5CC
S3150200FC30E5AA2861C9EC947048D34723FEF29538A9
S3150200FC4098245976E0E932A3C841105330E4110EE4
S3150200FC50B6E961086A75D44008665446C0862074BF
S3150200FC607468895026A259D553589286BB95E841A5
S3150200FC7051259041166505C4A6050E5E78EE6CF414
S3150200FC8065530BF3F2DFF4F931049BF281B6B3E369
S3150200FC90988ADA52497325F8272ABB77545CEA1602
S3150200FCA090D2F2B86370F0EA7FD3BCB3491657A27A
S3150200FCB04633C5C071918224E097DEE18F8C19A389
S3150200FCC033E454A1F6D6A770E422E5D494505A3808
S3150200FCD02C218DDB563311F276AB507828F661F97A
S3150200FCE08CC72BF8E6AC8066578348317A82F120BE
S3150200FCF0337501043B613220B01947379023F91559
S3150200FD00A5F7F6463C36C4F1165A855C51E024F056
S3150200FD10124F63048A4472F6DFF3F188855012D2D9
S3150200FD2008B161505116B26403220225251ABBE0BE
S3150200FD302F170F6AAE45E2242461C8C9961102B292
S3150200FD40C3344DA66256B756F1E7C59E7CB335114C
S3150200FD5074A030E446764688F0A1B43B02FA7A7281
S3150200FD6083178E85A082F1E5D7B0434584912FE8AB
S3150200FD708473C9E155DAC2E3503001666C3560C757
S3150200FD8084E4B39F2592E3AD23BCCBE846055274C7
S3150200FD90A273F5A8D0F630F4E437D0F36BDAC46B6D
S3150200FDA0E3F155D0E7AF33813087A051E5589B3E4A
S3150200FDB03DAA1458ACF96355B200B669032B9A43AF
S3150200FDC035F27FDFA08485C03405BAD0530371248F
S3150200FDD02CD331D606E35EF1DFEA92CA90678052EF
S3150200FDE03106F2F3EF2AE8F4D7B9C2C1B764A3D653
S3150200FDF01E5A0424202274F2A695F46FF03523E3EA
S3150200FE00F31AE37376E9B3056B60F42F31E330A19D
S3150200FE1073A63236439AA82021A40935A475ADF3F8
S3150200FE20F6B0127D56F6EE16E12323D992B0F314FC
S3150200FE3052C835B417F64F6CED133637941128892C
S3150200FE40F147519223598917E1106AF0338A402308
S3150200FE506890D845C6E734EA39488108E15480A556
S3150200FE600312FAD418F5ED14FB46D5DABCB7D5D68B
S3150200FE70A6529079062BD75184DC345A1DB74234E8
S3150200FE80B51159C441C7D41D08C6ECD059A3D1F542
S3150200FE907729FCD1BC982D0AF83F576C9C48E26240
S3150200FEA0C6D8381986221127FD88A6B4B38305B2AF
S3150200FEB0B1E514D860E822302273C9C555C638B4F4
S3150200FEC0B6BCB063A9686061DBF75482B1A8A5230A
S3150200FED06494F7B899E9151BFDF262ECA2A34222DB
S3150200FEE0819597E1FD036BA1416DE3D03C538151AE
S3150200FEF0A065F280A44508641011F99206A6701353
S3150200FF00619C52D136B0F36FD1CB32F3B1C01188B6
S3150200FF10F6077379E273B8945472CD6CE7FFB4E1D5
S3150200FF2080C0F319A3491A1BF31CCB3741668BBC5D
S3150200FF3093F71FC88970B18747F8B5BF0083E0B34E
S3150200FF401013AB771040649673E07F83424C55C61C
S3150200FF507333AB434DF5C5ECE797780053F48698B7
S3150200FF6011F3C01C84539CD4D98DAFB2F40321F390
S3150200FF707124295BB27484E663610C4CC6D2A24535
S3150200FF8046A6B427D7F430E283343354F519010276
S3150200FF90F8B1E14047591525E7DB5DD6028B52C021
S3150200FFA0D2E557614168D4B3116451E2A00B775090
S3150200FFB0FFF873A5EE6ACA284086D2FBA50BC3E0FA
S3150200FFC0CF8920F3ECA0F0A506837792C157F08083
S3150200FFD071B980D606D3F396197BD313D53441B3C0
S3150200FFE031B7D302531AA3DBAAAB920A5A3580C39E
S3150200FFF00507E382D8F0D32372C1E9980444445634
S31502010000506BA5E0C085610921E0992279E1C2140C
S315020100109936443047D80571C1B5C711A185A18466
S31502010020A548CD110B1125B8CA3145C396D3A06B8C
S31502010030558499831355FB5356A40904F37010375B
S315020100400172E37A6C0184E1DAC3E052E6A102416C
S31502010050340957B44630D6701575106C1153DAA5AA
S31502010060931D350F0CE43295C1CC7372774938254D
S3150201007066718AA3184B0895F7F53312341E8CD58F
S315020100808340003370E5334E216915298673A194A5
S31502010090864710F5C1B5156175D47512730483418E
S315020100A06C3784F4CC4A54C3A92286D4EA1374C0A9
S315020100B00208B647C5B300053C6448320AC6433A4C
S315020100C040E8EFC1607303A5E4757AE7BF29A294FC
S315020100D01B9C305287A77330F4A5936AF98834B210
S315020100E0A2F85F41B484B55497D171C64C42939933
S315020100F0D1286D73F28150574A1B86A05E1959B4F5
S315020101000D18E443E42110628AD3D16A1602767588
S31502010110F13FB89B8C995522D070175521537735EB
S31502010120E29469C6839A6000172421214C6671F311
S31502010130E604571317EA63A133F47998A314FCB5BD
S31502010140A4631866C39943A68626919AB880E2D11A
S3150201015065E2E15B5F648420E4D8D417A0F35673A9
S3150201016004F35326F43849EA6F0AB2B189BCB06A7C
S315020101703E99CCC5DE95B446D2E00F34C7F513F1EC
S315020101803CA48DC89C9B89A248B050BD228BA92450
S315020101906696FC484136225AD079E88AD44173A040
S315020101A03013B0B2748854958534B9938A40E7F115
S315020101B0E18CD510779EC47E28F1B1C16AF0B416DE
S315020101C0B389C298D6DC1895C47812C2244DA2E12D
S315020101D0CFC16671F6750582AFA01005491522A039
S315020101E0C8128CC030819034833329C0E61F51B1C5
S315020101F085683122589A124775286640A8E575E145
S315020102009635B24AE70AB6E8B2CA336B01E7D4A613
S315020102104958D714F436B5D142A316A4A912727459
S315020102209337C46555D18B8031B71DF44F50356B69
S31502010230F2F67039286167A91401EB35DDE5C6735B
S31502010240636559CB003A76E0AAB28E099CBB116668
S3150201025005535300B2E34F53F780186227C936920A
S315020102608454187491816870B931E7618D20F491D3
S315020102705A201267B1E798E04A111F16859A582942
S315020102805103B165CA508A4419E8F28CA65654271D
S31502010290161752C951C241D2268C462017B725EAF2
S315020102A0A058A342F5162525D816A3A26038C7641D
S315020102B0A2C1B6412119E22133AA4768EB4C20BA01
S315020102C0DB51A5D10293921BD464A562F98799F3F6
S315020102D0F3777DF20602F4D4AA89E6E2F6941207CE
S315020102E03798A993185FD357E711D0C432E05374F4
S315020102F0907596CA32C1C5D261E96A8DC152605200
S31502010300DB273BA509E5F5A681317CC3A27D1C84C9
S3150201031086F4BFF19700C390C4B3E4420982A5C330
S315020103203859625644B48B54A2B3F14C8626E24F35
S315020103308275778175A870F835AC651785108E457B
S3150201034012A844F296A0E06FD5B3B7F7F0E568922A
S315020103500007E7DF3443E20562B3E79F2964776D5D
S315020103601B468347B6697BB9E890D925046DA3C4B8
S31502010370C4AB450D332BE4D0AB508C953214D0343B
S31502010380F9C6F342332EA737C39917E15032DC0877
S3150201039038C75B490B91851685B29461F709698461
S315020103A0E6D231E07776DA939779878663D0E3B935
S315020103B0D7A7C3FC9168C593598386B67610D8969A
S315020103C0303190F084FAF8A1BAD18E2449BDCADB44
S315020103D090211B82B650C78266F86655E473717422
S315020103E0A99010B241F7E5B6E3F883A56646B2BD18
S315020103F03502164D53F2F8379D704A03A563C613AB
S31502010400939122F1B1F5D14336F7C39152F1D53227
S315020104108080592E0CB27AC1E790B194FCF641F56F
S31502010420B6934BF8F2FFFFFFFFFFFFFFFFFFFFFF50
S3150201043041ECFFFFFF0FD18F4126F41E000000E1C0
S31502010440307F6A28AF13000000F3AE4F5727A8FF8B
S31502010450FFFFFF7409D758260AE0FFFFFF010A01D1
S31502010460532721E6FFFFFF0C4D73672767E3FFFF63
S31502010470FF4FCCBD56278C1E0000006A939F66274C
S315020104802DF1FFFFFF52C0976F2712E8FFFFFF22F0
S315020104901DBB6127D70F000000BEAAD552274CE922
S315020104A0FFFFFFC780E45227FEFAFFFFFF9288EDA6
S315020104B07727AAFFFFFFFF3157BD7D263B1B0000B1
S315020104C0008806074927A614000000FC61837127EC
S315020104D0A401000000DD46357026D8F1FFFFFFF0CA
S315020104E0C4A54026FAEAFFFFFFF6FFD26627D61118
S315020104F0000000904D895927A01A000000EF656D92
S315020105004C278EE8FFFFFF4DA57C5027A61B000056
S31502010510003439FD5E2763140000002C1BBF6027DF
S315020105207FFEFFFFFF55A4E27C271F04000000D6D1
S31502010530B1C479275A15000000A6EB3A722896171C
S3150201054000000076496548273D0500000075E6F67C
S315020105506B2754E5FFFFFF35DCCF43272F2500002C
S31502010560000508AE5527AF15000000EB6C65522752
S3150201057020E7FFFFFFC9E3DA4427EA1F000000175D
S31502010580FDD047271E1700000010753C6827E12B96
S315020105900000005E22975627D22800000066ECC2B0
S315020105A04E279F0D00000080893469279A170000A3
S315020105B000FDF55563277C0D000000480A7064278B
S315020105C06B1E000000EFA5B34A27890F0000003910
S315020105D0184472270FE4FFFFFF94FAA44E27FEF395
S315020105E0FFFFFFC7F55B4F2681F2FFFFFFDE93C5D3
S315020105F057265C15000000764F695B27AF11000094
S315020106000023A45F6727B7EFFFFFFF71437D4626ED
S31502010610DC04000000A505A74B26B803000000C6AE
S31502010620EA984325511100000095708153274FEA3C
S31502010630FFFFFFA9E8915727C7F5FFFFFF38DDA79F
S315020106406E266CF1FFFFFFFA67FC402632EAFFFFD6
S31502010650FF00D5EE5527E615000000FE8D737927BA
S315020106601721000000487FEC5227291F000000478E
S315020106702FC16328AAE7FFFFFFBC02755B270B1395
S315020106800000001342B87C2709EDFFFFFFDC9E3C08
S3150201069062272DEAFFFFFF4B3CEB4A274921000067
S315020106A000FDF268522712F0FFFFFFCCB08141260E
S315020106B0E811DC010C005B7A5179DB95FBFC00B099
S315020106C02F5B50579C3D6F0A003394D40163ABB143
S315020106D0CAEFFC9E5599774D210070402F8F38D66F
S315020106E054520000BF62FC64B173A3120E54453525
S315020106F09771F7C600D08D2EC7BABFBF2FFCFF1167
S31502010700901FFC5BCF638EFF3F14CBFDA715E5E57A
S31502010710010000B01FCD5BDC88C0A70C002DFBD207
S315020107207BFBA2FCFCA3990317EC0C585F0090D744
S315020107303B3112C68F2701009765FC6363414488EA
S3150201074095C311FBCE5F664A003072AD75BE82401B
S3150201075027FCFF404F2369894D8E9EFF7FB0BF0F55
S315020107600AFCEE8E0C0000B0B1FE2CCD56ADA702EE
S31502010770005E9DA97A12EDFCB26C130C0F802D2C32
S315020107809E005031020364F70B5201001221392DEA
S31502010790654705452E97BD09FCFBC2720010D21EA4
S315020107A0CC67DE2D2AFDFFFCCF9DFC10AB86FCFF3C
S315020107B0DFC37F617457A97A03000040D232C05F5A
S315020107C0B58F2E0E00421AA0A8F0C5583E396A9A74
S315020107D0625B6356B200B062218DECD4A6C50F00EE
S315020107E0FC751A0C5AC136987D40FCAA57CBFCAA55
S315020107F000D015833D00148C4CF6FF581E92E2FC84
S31502010800C9F0B8FF3FA4A3CACFFFC13F02000050FF
S315020108100C2E880DEBAB5A0300B7D69CAEB22A8CCE
S31502010820FC7305208A424450300010A7D963E9E4DB
S315020108302EE40D000B964358347BAC60C748CAA41C
S31502010840982D68A400F0CD4F8AADCC2FC5F0FFFBE1
S31502010850FAFCDCCE2170B8FFAF057080922ECFBDB7
S315020108600F0000E049BB57B38FC63F0D00B6CCBFA0
S315020108701BC54A385D5E19AD027F6468150060C208
S315020108801077F8C5EDA6000036D08F74C3FC172584
S31502010890CE32E9FBE1414A930040CEBFFFD42DE5BA
S315020108A055FCFFFC1A5DC7D5A64BBDFFCF8F089D30
S315020108B0BCBB59C802200010C17233DB7B05E602BC
S315020108C000FC00D58D7BFB844C31055E73251342FA
S315020108D0180050249A398874A386030024052A8DA8
S315020108E004042A381CFCFBFBFB91BA2700009290F8
S315020108F03F9F99C30FFAFF2FE813D399C1E26CFF09
S315020109000F1A6EF83724B5690B0000C0B2AF14BFD7
S31502010910EFBECF0F0082B1DADB55FCDD8280535088
S31502010920032B52A92A000037064215473C290A0021
S31502010930FA83502D91C05138FC5DFC77E9A82B9EB4
S3150201094000403E6CD9DB6479806BBFACB55F443441
S3150201095000C03968C2FFFFFFFFFFFFFFFFFFFFFF76
S31502010960E2F2FFFFFFEB7A6242267FF9FFFFFF2ADF
S31502010970B81843261BFBFFFFFF7E772D7327B701AE
S3150201098000000025FD0A55263A0000000023D1F495
S315020109907C27B5F7FFFFFF386FF66A2778FCFFFF62
S315020109A0FFC2744948264EF0FFFFFFF2BAA3402662
S315020109B0E2FFFFFFFFF7B636512621F4FFFFFF3EA6
S315020109C078D07C27D80700000035EE08652735FE6A
S315020109D0FFFFFF6CB9475426DAFCFFFFFF1871923D
S315020109E07027E60C000000F530794526AAF8FFFFCC
S315020109F0FF15CC2F62268506000000FA7C177527A3
S31502010A0055F9FFFFFF18C7F843268B0E000000E4D5
S31502010A10F34E4B26EDFFFFFFFF73E26E6E27F3FEE9
S31502010A20FFFFFF65F49876276E010000001054C29D
S31502010A304226EA03000000A41D3B5126470C000092
S31502010A400054CC8B412674F5FFFFFF92628C582726
S31502010A50F80600000031E51555269BF6FFFFFFF368
S31502010A60E3374D270BECFFFFFF7B896E6027F4F11D
S31502010A70FFFFFF1182F55726DEFEFFFFFF7DA49AD7
S31502010A80472696EBFFFFFFC306A86C27EDFFFFFF84
S31502010A90FF7980194D2620FCFFFFFF1E72C86E27C3
S31502010AA0890C000000AD6D067B27DCFDFFFFFF67A9
S31502010AB063DF7E27C2FBFFFFFF4D48564826110E14
S31502010AC0000000C29EBF5A26E80000000094598E1B
S31502010AD05026530500000013F0C84526B301000055
S31502010AE000040FB84826E3030000006E770255267C
S31502010AF001EAFFFFFF96C5F26C276A010000008238
S31502010B00F3C345262EF3FFFFFF11C04E622779FE7E
S31502010B10FFFFFF2CBCC972273C06000000EAB5A103
S31502010B2043268C04000000A0B8D87E27B2F6FFFF48
S31502010B30FFE1DA6F7727040900000054EF4C4026E3
S31502010B4005070000001607454C26D8F9FFFFFF41AD
S31502010B5056CC472697FCFFFFFF8436824F260AFFB3
S31502010B60FFFFFF9C75E76C27D5070000008607E2A9
S31502010B7049263AF9FFFFFFDE934F762762FDFFFF13
S31502010B80FF4D11C54D267BF0FFFFFFD9B2B36A2790
S31502010B906E01000000A0FCCE5326CF0E00000020FD
S31502010BA013F145260100000000C5DF62752777EDC6
S31502010BB0FFFFFF8C70D65427D8000000005A79B186
S31502010BC048263E060000000C6EFB5F26E3F4FFFF9B
S31502010BD0FFA77E0340261BFAFFFFFF454207482671
S31502010BE0FE7F5400BCD6B63BBC179B5249D9FE794F
S31502010BF0C6C0CE86DC5F6779F95B1A42FF54AFD96C
S31502010C003F777EA47581F73FB71F8F8409DDF7B061
S31502010C10EB34CA7F1EFD722797048651F7AFB6CE13
S31502010C20734B9982235B9EC8476AC7ADB487FB7C27
S31502010C3024F559F1EBEC9B2898FB41CF837E30B822
S31502010C406DFC57BACD964C653FB717EAF0176F5F41
S31502010C50D60163647CDFBE8BC2D38B7A9E0D233FA2
S31502010C6008FD7301125769F4B4FD42D87CBA42F801
S31502010C70C22AD616AFB95857B2B8DBC4FF56FD31F0
S31502010C800DFC4CB42EFFC96C83EABF50BD411F5205
S31502010C90DEB4FEC36719B8D4F6F6C6252453DAD2F2
S31502010CA0963AC61F1F601877BEE78EB5386E8E213B
S31502010CB074C99135FB6C29858B130D9697A0A206F3
S31502010CC06A31C396BA2BE7893A0A750ED565960536
S31502010CD0B5DABC5DFFCAF3444FE5A98E97EDF7FF7E
S31502010CE0B3E38CD168FA44F83DE7F03C0A691CADDE
S31502010CF084EDF738AEF6EE759B1C33543F8BFD4FF0
S31502010D00AD88014BAB55CB5EE3628DF25FCA7DDFE7
S31502010D10FCC4DBFB9D1087AA1E7F7FBCE61E9835AD
S31502010D20AF459EF465AD9D2F82F3927F507CDA72B8
S31502010D303DB1C7851C487067DF4A1B1F0EB0E673BB
S31502010D403088F17D67AECF7A8C84B3927D13C97DEB
S31502010D505AC1475938F6EC9C8BC6E432687F4FAFCD
S31502010D60128B07DADCEB08054776B92C761F894523
S31502010D70FF57825D21D8F76CEB0FB74E3BED793FFA
S31502010D8004AF52A0FB836ECC2DC2DCF87FD87078FB
S31502010D90EDA05CAFEEAE6B450FF8C09AA62EC57CF0
S31502010DA05DF27DAA3ECA5935A750DFC29416DF51BC
S31502010DB0F8DA6CBED45F5487BDBFA7D11AD51FD945
S31502010DC0516D51C4C49910804BD60B9F75B587F0EE
S31502010DD0CE14F2CAC6C2C4AACDA1A310F7D333FF59
S31502010DE0B5DC514A8E92CBF6BEAF8DA83763E7F9D1
S31502010DF0B80D635F950E525A5F9FD696F5E520C3ED
S31502010E0021EFB516FCC05DD5F49FDF0EC402D6E70D
S31502010E10ED92F748E5EB77D5236503BF2DBF44EB8A
S31502010E205793F5E7F9E2567EA3F3BA6FBB0FD2D514
S31502010E30EBBBF571C30DCD0573624E393E0F672DBE
S31502010E40E3ACB1A68CBD5EFE9C1CEF46925F89D3D4
S31502010E50DD54A1FE7A0ED8DEBEA525DADE9DF6A404
S31502010E60E6FFD561F3CD55D0D6FF2EFA38E8D97211
S31502010E705579F69DDB75A034566D04DFE975051AC1
S31502010E802BFFFFB6F2E20DA1FF8DB65F21A8FC8909
S31502010E90FFB29C7A3A5D77AC085ED4F6BEFADCA064
S31502010EA089FD2FB72BEC1907FD962079BF5BA7E5C4
S31502010EB02CF4CA344E08BC2AFD4308EDE1FEE918BA
S31502010EC0FD293168BFCAE80FA14DE037013248F169
S31502010ED0BF0A6429F9D5FC7F874FEBD7DC61F5752B
S31502010EE0EC587FC22B1ED14189EE7A1AC2ACC1E3FC
S31502010EF0E975367B5F97D9A8FFDE0DCB02A53EAC1D
S31502010F00AB9EFA423BBD68D0B23D53D9F2EE1C2EDE
S31502010F10AA20DBE7DBBC34299EBB7D8BFA77C47141
S31502010F2057E73134D4644A41714746C7BFA8E0AD99
S31502010F308978A1654CFF355CA51C0FB3615A4C112A
S31502010F401713A6AEEBDF45BD80CA909DE79D800EC5
S31502010F506A9DD72D3D89C1FAEFAFD52F443572F17E
S31502010F605ADCA08FAFE95D500DEE249EB26677067C
S31502010F702BB264FFB3F555DE865BF7F384CDFA68CF
S31502010F80FFC9FDAFE52C8E24DBD37BE887B3DDB346
S31502010F90EDF394FEE3EB519E0565BB6B37DF6AEB1E
S31502010FA01AB8D08CC9CC3F27168D839319C394E105
S31502010FB0776103C36EEC060E74ADEC7D18874FBCE8
S31502010FC07F97422A841AE557A1FECD81324E6DCF13
S31502010FD06A63AB3CCCFB2EE443446FF1E641265EE9
S31502010FE0A79AC2B77A6722E3297C19FA0F1725F560
S31502010FF079858EEEEE8F14FAA9D11FFDAE84D51D29
S31502011000B4C9F61FDEC1E3C2AC6BB4B38FC9ADD5A9
S31502011010FE098AA33E3977B4BBA48F61CC565BFD28
S315020110201E32E1EF957E9FC0D151EA5DB2EF0E58B5
S3150201103099DBAB09AA847B5DFD5AED5CB2F054E300
S315020110407AB31BBEB1D8D779C4477729D13BFD3ACA
S3150201105046BC7DFCBA949E2ED0F6C80BD67561E1CC
S31502011060E0F7EA48EE4365E76DCBCB80D187E0F640
S31502011070FC95D5F5406FCBE5846BA6FA1EBEFBF94E
S315020110805E0CE4BFE615BE0553A7DF6E6DD390F283
S315020110906FDF41760A679459DDDBB8FEF9FA4DDB5B
S315020110A0B76DFBFFB0D9C7878A5378BDA10CB92AA0
S315020110B0C3A486D025BC40E86F2BA116A22FB63950
S315020110C0E77E399D7E0FCF31ECD3FEA6BBED4AE416
S315020110D0E9AA84FCDF614E07ADEBD7ED423B7FA661
S315020110E066DD8F8340D9ABB269C8B8E56DE7EECE4E
S315020110F0D1B11483FC2E37D89753F2BC786941D407
S31502011100E156ED2B2DF56D49D9D517C34E8137978A
S31502011110B7F6D41822D8FF5B0F2F953E3CBC62046A
S31502011120E6ACF4BF5D7A17BDD7A56EB067F072F76C
S31502011130BBA6FB7A447A649FE4CB5983B27AC60E84
S3150201114071FFC2F7D1BA0C9F5930E736ECF7C113DA
S3150201115078DEBFF69EBC6B4408F37FB4CA55B1FE76
S315020111607EE36B297BFCF75769889BA60377DC5BD9
S315020111705FA769BFFFB5FB9A43061B97C6F707CA66
S315020111808F41D9D1753523A7585A7926E8E33DD936
S315020111904BDD43A899CB3BEB961A569E6B80F5DD48
S315020111A0554C0C52B3E2CBED4EAF7A140589FF31A1
S315020111B0DD2C30D95EF669775AFCD3CE3AD66C4E1F
S315020111C0A0FCD17B9D9BFB80CF3FFB06663EA1DB4C
S315020111D049D7F6EEFC6ED1F49AD9BFEE7A5D2A6151
S315020111E0D7AC078D8EEF8738F623997E6AFF8ABBC5
S315020111F0761E8A87EC3DFA00A21734BF8B34530F51
S3150201120015BEFD77A925135D28DC94AE0752538AD4
S31502011210C5E36D2AA5E101973D71A1C32C43CAF627
S315020112208D2EB0CDCACDCFD13F0B08E639D254EFC0
S3150201123055784EE45E680249A5A468EB3F868CC2E6
S315020112406843F1BBF7B7001059DCBB7FAD66E78097
S31502011250F75FE6FFAF9D06CFD257EAB7BB9745BE0A
S31502011260178895261A775BEEC0477679B46F4F35A4
S31502011270E6419927BB771E9731A4D1C3333CD3B735
S31502011280FA7712F0D2563D9FABFD4B10B52D73EC9A
S31502011290969DF41F6F9BEE14AEBC5579715AE445C7
S315020112A0EC5AF7D59E1449C4EAE46F4354E8004761
S315020112B06F9A30836EE128254F49728EDDA4AFF60F
S315020112C05F777A753D0DBBD9F738E85DC9DBCA662A
S315020112D019DCBD44ABD6B561825F8F79E7EED0B337
S315020112E05FF6524533B33A7FB3FC26DB66E878EF05
S315020112F0AC111E45EF15EF87B56BDEAE974B25B7E1
S315020113006EDDC63C559648F7D3BB83A591FF6AF8B5
S315020113109115F585CA545AE25E20F03699D4F3291D
S31502011320DFCFEABF4C5D0BBEBFA0A9F9DD19A179DA
S315020113304F7166A5733FEA45EE6FE7893BA434C553
S315020113407FE6265D784CFF41AA4368DCC42FBEDBEB
S315020113509F0AA65C71ADD1D1DBF17AFC3E9DE136E5
S31502011360B4F9F1FB494A87BA9D3EA8E7ABF201F40B
S3150201137077DB15877051FE265CBC1C165A3554F66E
S31502011380FD463DBDA5BBB9BE2DDF328D0797C5BB57
S3150201139004F5B53C9393C742675FDC34AB4D9B4979
S315020113A02950A87E18B5FB9DA70E8CE089BF4FEA8E
S315020113B06A973E39FF8070E3CB026EBD73EC447EC1
S315020113C0D991D784348DB6B9AFEF8306D2355E5D36
S315020113D07577768E1FE83D1B89FB11F67511A7926B
S315020113E01515EC67AAC584DE16D67C67B47F24DCA4
S315020113F072DFBADACFA575415FD5FEBA111377A8A6
S31502011400BC96EEFE7CF1F4556E5203296AEAF7F9AF
S31502011410AAD77ACC39A7CD1EA03871FF9425991780
S3150201142053C7F5BB38074B106BECEA13E4017D4158
S31502011430EDFEE38C8D424DFDC7ED964467CEE51573
S31502011440ED8BF9DC26B3E56A05D3E6757AA841CDBB
S31502011450E7FFB2DEA52D285166DFB5D4BBD200BDAA
S31502011460BBDF4F6DD2AB9AD7471DFC0075EFDD8608
S315020114709C4093EF3C1DDDD329E697493AA7E1B794
S315020114804FEBFD7620887C3C87E0F4DF37D380B4CE
S31502011490DFA4CB4A99AEC70AD6A36FE8B4FACED374
S315020114A06EAD02175D8E3E10A1ABB8D61EC21C39B7
S315020114B0EE72CBBEA1F403D37F691FF1943F3D26A1
S315020114C072F4CA53CFDFB6218AFB659946EBFD2A30
S315020114D0A1843E7F2F55D6567E19E749E831AD7F65
S315020114E03594E69E5422C3F76D7236CF64CCDBCEB9
S315020114F0F9EA4069BF16AEF7D32F42783792B9504F
S31502011500E6D9C253662D1FA91F5F37FF55E502CAE9
S315020115100146F7F4DC1EE15020DBA7578F2156F373
S315020115205EB9A3E2C712DBAEE0D8420F54D62E87CC
S31502011530D3BC551FE8D5EEDF93A771799EDD3F1C1B
S315020115402F1CFEC8D79BC4E90165EB7DDB48B6F8C3
S3150201155073DC7ADEA47447ACA71F2C80CFA4FB7779
S31502011560567985735DF9F15D974F934CBCC0E2D60E
S31502011570E3474EC8BE78F372CA6854FB3739386AF4
S3150201158049A155D50FCE4CEAB9DFCE031A384E7AA8
S315020115905FE48F784E8A58DBCA3EAAFBDEBA27B1D0
S315020115A05A87E681AF845FE36BC9BCC307BC16B732
S315020115B08B3FE3BEF4CBFD889C74BB5F1221FEB068
S315020115C0C6DB1D66E0FE1FF63F76DCA3DCF7035E93
S315020115D03B6126FF477DEACBA5FE6356EE83F47B8C
S315020115E04DFFDDF19CFD2A356AD4F7D9DEADE02641
S315020115F01652ABF66EFF5F35B4FCD953336DFE6FEF
S31502011600A1A0BC771AA6A7F4D5A32FC6EA60EFA7B5
S3150201161024089EE3E4D7F9C99AE627D8FBDFAB484B
S31502011620EC4C6550BEB8CD41666AD52D7B3FE87359
S3150201163084BF9DC476C52E2EFDEFD29227E0EC52D1
S31502011640E53F455610DFEE7DAB291D34C8D1589DC5
S31502011650FC99287E54C233BDF442D8FFA620171442
S315020116606BF67C7D2F5B2461FA587F1014AAF6B2C1
S315020116703D351E5ABFBB36FD0917D2FD7A69CB8AA3
S31502011680FAF8FD7BAE581979BF77E7FE1971C17E6B
S3150201169062C7FAFB9D5D1763FACE41BB6FFBE97424
S315020116A0E622FDB1DA9D54FF754A27BFB9F3F59CCF
S315020116B03FFC1F983F7F5DDB5DB6CD77363C266EDC
S315020116C0E86BF613BD3B63187CDB336A004948EFCE
S315020116D03B789FD298507DD3448E4F0EBDB9BF162B
S315020116E07CAFCBA3EB63CD55BCA6BF9ED3E21280E2
S315020116F003CD2E430ADAA55A69A72311BAD833258F
S31502011700B5F49F2436FF9633E2DC5C6C4DF9BCFFDF
S3150201171035556BFBAA9C884B02B356DBA62950D8DA
S315020117201EBD2E02E91257E87D590B2622F2C6DDAD
S31502011730EE45866A06EB35498FCB9B1C194BE0C0F9
S31502011740B38FADFFF576463FDEF6F5D2BBB6BDAC3D
S3150201175034FDCB312B883B3F0D75B061ACF3BBF742
S315020117605BD05B2D1E79FC522BCA59FD7FEDC64C0F
S315020117709C5228295F2443EEA685443912EE183D70
S315020117800250A3150B7DF0EB4ACAEA7D1FE0DA454A
S3150201179020DDEB52591ECFD2D9DFB6491A9D68D642
S315020117A0FF37E71CA3FE7ACF7BF10F74AF66CF1E1C
S315020117B0F1B907D58FFB36F4F5F5A8790F7A7D6471
S315020117C075DF9D97731F34A5F273AD0142F65F2F44
S315020117D077784DAA9096F83F41B1357C66EF460C73
S315020117E0C2A1FFDB4CDE3C7C91D50EA648F1F63751
S315020117F022115353E2501C02F7546B69B6E75EACF1
S3150201180038982F6AA0CF7EB957EF283592FBA62EBC
S315020118107CDBF35ACDB719A26822EA57A2C317AAEB
S3150201182020FEAD6A00C884DF85ECE5C330BBC3CCBC
S315020118302F77607A2CEA8D6EAADDCB65935BCBAFEF
S31502011840A44F11C71E91AF767FDCCD0E05CE55236F
S31502011850C1829580DDDAFB2B1C5275794332F75929
S315020118609AF89EEB92E532F4F461B696BA33DF7DCD
S31502011870DDB827A68DC52288EBFF3DC33ED794640A
S31502011880FD138EFFA6FA129AF2A9E5EFC33FA8D875
S31502011890F5FEDB5D9A976956DCBDB38A3D3B5F6314
S315020118A0BB52A9E27B8AECECB9437D6B918CC7876B
S315020118B084963FD9E9D9D1F9CF0E31D0BBD5A3EA66
S315020118C0A7E0DDFDE3DEBF349A91FCE0F7750DF783
S315020118D04A8DAEFF8E34A95CCD83C598B97EAF3CE5
S315020118E052DDF8BEA4BDBBD0437DD3AA5F8D3C3089
S315020118F0EF68F95D3EAAC1840A297FDC8988BDCDDC
S315020119000FD73B4CFBE452B5AF0D672B69F2FDDBFA
S315020119104A1FEF1358E7FF398BCDE8E7FE5C936E5A
S31502011920BC97B7DA23777A80F4FB99BEBBD17CD612
S31502011930CA6ADA4D642E8585E87422E7477B7B13F2
S31502011940DDF2F2716CF7ADBB3414C0F4F5382B0C31
S315020119508E08ABFE4D6E610E26CFED325E0EF5564A
S315020119605BABC0C062E0CF7AA358AB94AD3F3725DB
S315020119709340FE1035C8462A72EFFDFDFEE8585F18
S31502011980E8AF3F0DDBDAD7E5F96B52707BB1B6D71B
S315020119906F98A1E8CDD7FF4DCA1A2AE6BEDD155CBE
S315020119A0B5ADD68EF08EBAD98D1ABCC1EBFFFF1B2F
S315020119B0BA4419D05B237A8697F09A75FAF31D2CED
S315020119C08189CDB9FFE26C8EA209732B13E53E1014
S315020119D0A45F539EFEA8B8662377BA44916A1B6038
S315020119E054DF92986C28015A89BDC718E291C11F2A
S315020119F0D6D77317E79E9C2EF7DC6B4441155DCF54
S31502011A00B40B1A0BAF7BAF691AD8E8EAF7B7A3F59D
S31502011A102E734BFCB4F9E03F6C841A3D81E212D974
S31502011A20DEFB106B48048F215BDA39DAB04A3E5D80
S31502011A3024E75BD962E551FEE8D7E9372C2C89FB0D
S31502011A40986FED554FB25F66F3923C208654B0779C
S31502011A509F0EEA9F860CF7A9BBF324BC74FFB1CD96
S31502011A60DD6F8C6CF62F1C5549F8FBD124DB7CDA31
S31502011A709DDEF06F6D56F9BF22922ED5AB357B985E
S31502011A80ADFACEBF3D2B12284BD91B5F6DAB6AF562
S31502011A90737F193D834CB667C0621DA39F5F6FA614
S31502011AA0462F897293FC1BD9AC23F2CF3F67C9A596
S31502011AB0A0F709DB4EBCAFD17F72435C6132C12D07
S31502011AC02BE5ED9B11E6FE998154A1FBA62ED101D0
S31502011AD0B9E24FEE7004A04B956945F5D9FF6D3F0A
S31502011AE05E379CAEE4F2C6BF971369FF3CCBFFD2C9
S31502011AF0BEC2A132C85FF0D6804EAFDF5CD11A22D8
S31502011B0015EEDCAEAFE40B65A8959B31A379E0D166
S31502011B106D625C17587A65DFA307BDA3F7F47F36BA
S31502011B2008810C93C969495D2883FAB7DDFD1A7CE0
S31502011B3012DA4EED06CBD3A8ECF716598D2D68F3C2
S31502011B401F4A0D28777E21CD8F3026868FF9EC919B
S31502011B50C978A7073E2E5DBFB7D100399041BDB600
S31502011B605E72498E9B557F4DEED459DB1EA779B322
S31502011B704FF15AF314ABD6C6F0E9693B0D783CC175
S31502011B80FE367AA4BCDF3AFC2DEA5CC7EB427EC97B
S31502011B90EB79DBFFFFFFFFFFFFFFFFFFFFFFFFFF0A
S31502011BA0000000000001000000000000000000012A
S31502011BB0000000000000000000010000000000001B
S31502011BC0000000010000000000000000000100000A
S31502011BD000000000000000010000000000000000FB
S31502011BE000010000000000000000000100000000EA
S31502011BF000000000000100000000000000000001DA
S31502011C0000000000000000000001000000000000CA
S31502011C1000000001000000000000000000010000B9
S31502011C2000000000000000010000000000000000AA
S31502011C300001000000000000000000010000000099
S31502011C400000000000010000000000000000000189
S31502011C50000000000000000000010000000000007A
S31502011C600000000100000000000000000001000069
S31502011C70000000000000000100000000000000005A
S31502011C800001000000000000000000010000000049
S31502011C900000000000010000000000000000000139
S31502011CA0000000000000000000010000000000002A
S31502011CB00000000100000000000000000001000019
S31502011CC0000000000000000100000000000000000A
S31502011CD000010000000000000000000100000000F9
S31502011CE000000000000100000000000000000001E9
S31502011CF000000000000000000001000000000000DA
S31502011D0000000001000000000000000000010000C8
S31502011D1000000000000000010000000000000000B9
S31502011D2000010000000000000000000100000000A8
S31502011D300000000000010000000000000000000198
S31502011D400000000000000000000100000000000089
S31502011D500000000100000000000000000001000078
S31502011D600000000000000001000000000000000069
S31502011D700001000000000000000000010000000058
S31502011D800000000000010000000000000000000148
S31502011D900000000000000000000100000000000039
S31502011DA00000000100000000000000000001000028
S31502011DB00000000000000001000000000000000019
S31502011DC00001000000000000000000010000000008
S31502011DD000000000000100000000000000000001F8
S31502011DE000000000000000000001000000000000E9
S31502011DF000000001000000000000000000010000D8
S31502011E0000000000000000010000000000000000C8
S31502011E1000010000000000000000000100000000B7
S31502011E203EF1401120000000000000000000000009
S31502011E300000000000000000000000000000000099
S31502011E400000000000000000000000000000000089
S31502011E500000000000000000000000000000000079
S31502011E600000000000000000000000000000000069
S31502011E700000000000000000000000000000000059
S31502011E800000000000000000000000000000000049
S31502011E900000000000000000000000000000000039
S31502011EA00000000000000000000000000000000029
S31502011EB00000000000000000000000000000000019
S31502011EC00000000000000000000000000000000009
S31502011ED000000000000000000000000000000000F9
S31502011EE000000000000000000000000000000000E9
S31502011EF000000000000000000000000000000000D9
S31502011F0000000000000000000000000000000000C8
S31502011F1000000000000000000000000000000000B8
S31502011F2000000000000000000000000000000000A8
S31502011F300000000000000000000000000000000098
S31502011F400000000000000000000000000000000088
S31502011F500000000000000000000000000000000078
S31502011F600000000000000000000000000000000068
S31502011F700000000000000000000000000000000058
S31502011F800000000000000000000000000000000048
S31502011F900000000000000000000000000000000038
S31502011FA00000000000000000000000000000000028
S31502011FB00000000000000000000000000000000018
S31502011FC00000000000000000000000000000000008
S31502011FD000000000000000000000000000000000F8
S31502011FE000000000000000000000000000000000E8
S31502011FF000000000000000000000000000000000D8
S3150201200000000000000000000000000000000000C7
S3150201201000000000000000000000000000000000B7
S3150201202000000000000000000000000000000000A7
S315020120300000000000000000000000000000000097
S315020120400000000000000000000000000000000087
S315020120500000000000000000000000000000000077
S315020120600000000000000000000000000000000067
S315020120700000000000000000000000000000000057
S315020120800000000000000000000000000000000047
S315020120900000000000000000000000000000000037
S315020120A00000000000000000000000000000000027
S315020120B00000000000000000000000000000000017
S315020120C00000000000000000000000000000000007
S315020120D000000000000000000000000000000000F7
S315020120E000000000000000000000000000000000E7
S315020120F000000000000000000000000000000000D7
S3150201210000000000000000000000000000000000C6
S3150201211000000000000000000000000000000000B6
S3150201212000000000000000000000000000000000A6
S315020121300000000000000000000000000000000096
S315020121400000000000000000000000000000000086
S315020121500000000000000000000000000000000076
S315020121600000000000000000000000000000000066
S315020121700000000000000000000000000000000056
S315020121800000000000000000000000000000000046
S315020121900000000000000000000000000000000036
S315020121A00000000000000000000000000000000026
S315020121B00000000000000000000000000000000016
S315020121C00000000000000000000000000000000006
S315020121D000000000000000000000000000000000F6
S315020121E00000000000000000000000BE0E5C10208E
S315020121F0FFFFFF0000000000FFFFFF0000000000DC
S31502012200FFFFFF0000000000FFFFFF0000000000CB
S31502012210FFFFFF0000000000FFFFFF0000000000BB
S31502012220FFFFFF0000000000FFFFFFFFFFFFFFFFB0
S31502012230D8FCFFFFFFC9B66842297505000000EB0D
S31502012240799E472998FEFFFFFF0DDAAC4729430124
S315020122500000008C40F245292B020000001006E91D
S3150201226041290000000000000000000000000000FB
S31502012270E009DC010C00815AD8A0086F735900F0FD
S3150201228001A347353EE4070300374B99CB181B3CA4
S3150201229074F1F5CB3E8CC0B27FF02F6927EBACD936
S315020122A013CAF4FFFC9B104FA66431614F000087ED
S315020122B09B2C30C9A07B6900E041327C1CD05CFEBC
S315020122C00AF0807246829E105E15FF2FC4ABCA0CBD
S315020122D0422365F80F74A82FA284650A9B010000A8
S315020122E088C0102D6A54FBD872DD4C212E8E2933FB
S315020122F000B06B6A02F2810494FCFF3EB1CDEDC5DA
S3150201230033A093FF7F55C596C6D192C8060000C079
S3150201231084CB05672916C109002100931FD1B25B3F
S31502012320706450A390560ED569F0FFF0C08F483BFA
S31502012330A9E5FAFF3D1A6AC4226C57340F0000025E
S3150201234099EF58ADFB25800010AC19D2736B00BC16
S315020123500FF0B3305424A08AD327FF6F971CB42FF2
S315020123606C5425F90F93719C1C1480482B000000B4
S315020123702E426B44317D604A347CA6EBAC0EC5938A
S315020123800020F3010A1C6BACC4F9FF8F66059BCED4
S315020123908FD842FF2FA14B018456985F000000504F
S315020123A04B762F921423E00600C72E9C59DB21821D
S315020123B0F5A0AD6E9BB6277677F04F0235007ED239
S315020123C04006F4FF5695C2EC4174C7840F0000D350
S315020123D03A49006D90AEAE0000CAE2B889F9F568D5
S315020123E00400573241CA978677D9E04C380ED60394
S315020123F0009C835EFCFFFFFFFFFFFFFFFFFFFFFF66
S315020124004096000000000000401F00005465726DF6
S31502012410696E616C00284E554C4C29003D3D3D20AC
S31502012420496E697469616C697A6520646576696366
S31502012430657320696E2068616C5F656E74727920BE
S315020124403D3D3D0A00496E6974205541525420664C
S315020124506F72204446506C617965720A00496E6951
S3150201246074205541525420666F722052617370690D
S315020124700A00496E6974205541525420666F7220D2
S3150201248054616E67204E616E6F0A00496E6974204F
S315020124904E50550A004552524F523A205255484D16
S315020124A049204554484F5355206F70656E20666129
S315020124B0696C656420287374617475733D2564299A
S315020124C00A00496E69742050444D49460A00496E14
S315020124D0666572656E6365207374617274732E2EFE
S315020124E02E0A004D61782043616E646964617465E8
S315020124F03A202573202853636F72653A2025642991
S315020125000D0A003E3E2044657465637465643A2093
S3150201251025730D0A003E3E204E6F74205375726577
S315020125203A2053636F7265206973206C6F772E0DA3
S315020125300A002A2A20525F50444D5F436C6F73652D
S3150201254020415049206661696C6564202A2A0D0A78
S31502012550000D0A5B4552525D20496E2046756E6337
S3150201256074696F6E3A20257328292C202573000D74
S315020125700A52657475726E6564204572726F7220B5
S31502012580436F64653A203078257820200D0A002AA7
S315020125902A525F50444D5F4F70656E20415049206B
S315020125A06661696C65642A2A0D0A0050434D206DE5
S315020125B06F6465203D20256420626974730D0A00EB
S315020125C02A2A525F50444D5F536F756E6444657497
S315020125D0656374696F6E456E61626C65204150492F
S315020125E0206661696C65642A2A0D0A002A2A525FED
S315020125F050444D5F536F756E6444657465637469C7
S315020126006F6E44697361626C65204150492066614F
S31502012610696C65642A2A0D0A000D0A537461727483
S31502012620207265636F7264696E6720696E20256424
S31502012630207365636F6E6473202E2E2E0D0A002A97
S315020126402A525F50444D5F5374617274204150495E
S31502012650206661696C65642A2A0D0A0042756666FE
S315020126606572206F76657277726974652E2044658C
S315020126706372656173652050444D20636C6F636BB1
S31502012680206F75747075740D0A0053686F72742029
S3150201269063697263756974206465746563746564DC
S315020126A0206F6E2050444D5F444154416E20706943
S315020126B06E2E20506C6561736520636865636B20BD
S315020126C06D6963726F70686F6E6520636F6E6E659A
S315020126D06374696F6E0D0A004C6F7720766F6C74A6
S315020126E06167652E20566572696679206D69637226
S315020126F06F70686F6E65206F757470757420616E88
S3150201270064207468726573686F6C6420736574748F
S31502012710696E67730D0A004869676820766F6C7483
S315020127206167652E20566572696679206D696372E5
S315020127306F70686F6E65206F757470757420616E47
S3150201274064207468726573686F6C6420736574744F
S31502012750696E67730D0A0050444D206572726F727D
S3150201276073206172652064657465637465640D0A1C
S31502012770000D0A5265636F72642073756363657334
S315020127807366756C6C790D0A002A2A525F50444DA4
S315020127905F53746F7020415049206661696C6564AC
S315020127A02A2A0D0A0073696C656E636500756E6B84
S315020127B06E6F776E006B6F6E6E6963686977610023
S315020127C06F6861796F006F796173756D69000D0AC2
S315020127D02A2A205B554152545D5B4446505D205284
S315020127E05F5343495F554152545F4F70656E2041B5
S315020127F05049206661696C656420202A2A0D0A0007
S315020128005B554152545D5B4446505D2055415254DD
S3150201281020545820636F6D706C6574653A20256487
S315020128200A000D0A2A2A205B554152545D5B525019
S31502012830495D20525F5343495F554152545F4F7080
S31502012840656E20415049206661696C656420202AC3
S315020128502A0D0A005B554152545D5B5250495D2077
S31502012860545820636F6D706C6574653A2025640A4D
S31502012870000D0A2A2A205B554152545D5B54474E8C
S315020128805D20525F5343495F554152545F4F706514
S315020128906E20415049206661696C656420202A2AAE
S315020128A00D0A005B554152545D5B54474E5D2054FF
S315020128B05820636F6D706C6574653A2025640A0051
S315020128C06E756D5F626173655F61646472203C3D22
S315020128D0204E50555F5245475F42415345505F4135
S315020128E052524C454E002E2E2F72612F6E70752F4D
S315020128F06574686F732D752D636F72652D647269C8
S315020129007665722F7372632F6574686F73755F6470
S3150201291065766963655F7535355F7536352E630094
S315020129207162617365203C3D2041444452455353D3
S315020129305F4D41534B0061646472203C3D2041442A
S3150201294044524553535F4D41534B007665722021E4
S315020129503D204E554C4C002E2E2F72612F6E7075F6
S315020129602F6574686F732D752D636F72652D647291
S31502012970697665722F7372632F6574686F73755FFB
S315020129806472697665722E6300637573746F6D5F27
S31502012990646174615F70747220213D204E554C4C06
S315020129A000626173655F6164647220213D204E5548
S315020129B04C4C00626173655F616464725F73697A2C
S315020129C06520213D204E554C4C004E4D490A002AA8
S315020129D02A2A2048617264206661756C74202A2A4B
S315020129E02A202063747874736B3A25642020484642
S315020129F053523A25782020434653523A25780A0003
S31502012A002A2A2A2048617264206661756C74202A1A
S31502012A102A2A202063747874736B3A25642020482D
S31502012A204653523A257825780A004D50552046617B
S31502012A30756C740A00427573204661756C740A00DE
S31502012A405573616765204661756C740A0053564376
S31502012A50616C6C0A004465627567204D6F6E69741C
S31502012A606F720A000A3C3C2053595354454D205279
S31502012A704553455420262052455354415254203E33
S31502012A803E0A000A3C3C2053595354454D204641C7
S31502012A9053542052455354415254203E3E0A000A91
S31502012AA03C3C2053595354454D20524553544152AF
S31502012AB054203E3E0A00580078003000444D4C6BCB
S31502012AC000214552524F522120696E69745F496D48
S31502012AD0616C6C6F630A00214552524F5221206983
S31502012AE06E69745F6465766963650A0021455252AF
S31502012AF04F522120696E69745F696E697469616CEE
S31502012B00697A650A00214552524F5221206B65723C
S31502012B106E656C206F626A65637420696E69746999
S31502012B20616C697A650A00214552524F522120533E
S31502012B30797374656D2074696D657220737461723F
S31502012B407475700A00214552524F522120496E690D
S31502012B507469616C205461736B2063616E206E6FC0
S31502012B60742073746172740A00214552524F5221C4
S31502012B7020496E697469616C205461736B206361CB
S31502012B806E206E6F742063726561740A000A0A6DA3
S31502012B906963726F542D4B65726E656C2056657250
S31502012BA073696F6E2025782E253032780A0A002144
S31502012BB04552524F522120496E6974205461736BFA
S31502012BC02073746172740A000A3C3C2053595354AF
S31502012BD0454D2053485554444F574E203E3E0A0018
S31502012BE03D3D3D20537461727420757365726D614A
S31502012BF0696E2070726F6772616D203D3D3D0A00FC
S31502012C0049646C65205461736B2049443A202564FA
S31502012C100A004B5753205461736B2049443A2025CD
S31502012C20640A004446506C61796572205461736B83
S31502012C302049443A2025640A00526173706920547E
S31502012C4061736B2049443A2025640A0054616E6718
S31502012C50204E616E6F205461736B2049443A2025E0
S31502012C60640A000D0A5B4446505D2057616974206F
S31502012C70666F7220636F6D706C6574696F6E206F1B
S31502012C806620554152542054582E2E2E0D0A0041CB
S31502012C90542B504C41594D4F44453D330D0A004189
S31502012CA0542B504C41594E554D3D25750D0A005B2D
S31502012CB04446505D205461736B207374617274656E
S31502012CC0642E0A000D0A5B4446505D20536C65650D
S31502012CD070696E672E2E2E0D0A005B4446505D20EA
S31502012CE057616B65642075702E0A005B4446505D20
S31502012CF0205265636569766564206D73672D3E743E
S31502012D007261636B5F6E6F3A2025640A005B44460B
S31502012D10505D20506C617920747261636B204E6F35
S31502012D202E25640A005B4446505D20417564696F35
S31502012D3020706C61796261636B2066696E69736882
S31502012D4065642E2057616B7570206B7773207461F1
S31502012D50736B2E0A005B4446505D20746B5F777578
S31502012D60705F74736B206661696C65643A202564D1
S31502012D700A000D0A3C3C20524541445920544F2039
S31502012D80535045414B203E3E0D0A005B4B57535D66
S31502012D9020496E666572656E636520726573756C30
S31502012DA074203D2025640A005B4B57535D20576111
S31502012DB06B65207570206466706C6179657220742A
S31502012DC061736B2E0A005B4B57535D20746B5F7701
S31502012DD075705F74736B206661696C65643A202550
S31502012DE0640A005B4B57535D2057616B656420751E
S31502012DF0702E0A005B4B57535D2057616B65207538
S31502012E00702074616E676E616E6F207461736B2ED2
S31502012E100A005B4B57535D2057616B652075702025
S31502012E207261737069207461736B2E0A005B525072
S31502012E30495D2053656E64696E67206D7367207400
S31502012E406F2052617370693A2025730A000D0A5B7D
S31502012E505250495D205761697420666F7220636F13
S31502012E606D706C6574696F6E206F662055415254A0
S31502012E702054582E2E2E0D0A005B5250495D2054C5
S31502012E8061736B20737461727465642E0A000D0A94
S31502012E905B5250495D20536C656570696E672E2ED3
S31502012EA02E0D0A005B5250495D2057616B65642005
S31502012EB075702E0A005B5250495D20526563656941
S31502012EC0766564206D73672D3E6D6F64653A2025C4
S31502012ED0640A005B5250495D2053656E64696E67F0
S31502012EE020746F2052617370692066696E69736816
S31502012EF065642E2057616B7570206B777320746140
S31502012F00736B2E0A005B5250495D20746B5F7775B5
S31502012F10705F74736B206661696C65643A2025641F
S31502012F200A002564005B54474E5D2053656E646951
S31502012F306E67206D736720746F2054616E67204E31
S31502012F40616E6F3A2025730A000D0A5B54474E5D86
S31502012F50205761697420666F7220636F6D706C65AC
S31502012F6074696F6E206F6620554152542054582E53
S31502012F702E2E0D0A005B54474E5D205461736B2061
S31502012F80737461727465642E0A000D0A5B54474EAE
S31502012F905D20536C656570696E672E2E2E0D0A00D3
S31502012FA05B54474E5D2057616B65642075702E0A2E
S31502012FB0005B54474E5D2052656365697665642000
S31502012FC06D73672D3E6D6F64653A2025640A005B59
S31502012FD054474E5D2053656E64696E6720746F2097
S31502012FE054616E67204E616E6F2066696E69736801
S31502012FF065642E0A00232D302B2000686C4C006577
S31502013000666745464700303132333435363738390B
S31502013010414243444546003031323334353637383E
S315020130203961626364656600000000000000545461
S3150201303052205245474745530030313233343536F3
S3150201304037383941424344454668616E646C655F6F
S315020130506572726F720070646D5F6572726F725F14
S31502013060636865636B000000A5270102AD270102B3
S31502013070B5270102C0270102C627010275617274D2
S315020130805F6466706C617965725F696E69740075F9
S315020130906172745F72617370695F696E69740075DA
S315020130A06172745F74616E676E616E6F5F696E697C
S315020130B07400000000000000000000000C00000087
S315020130C00301010000000000020000000B000000E5
S315020130D05C310102DD09000200000000E830010254
S315020130E0FF0C0CDF000100000000000000000100DF
S315020130F000000200000004000000000800000000B9
S3150201310004093E00613FC13E004000C0E81F39008C
S315020131103C00561EDC01E106DC01561E3C0039006C
S31502013120E81F0004F81F0A00F01F1800DC1F340014
S31502013130B31F76002E1F890289022E1F7600B31F46
S315020131403400DC1F1800F01F0A00F81F0400FF1FDD
S31502013150FF1F0000E05E080020A1070054E60322DB
S3150201316068310102B03601021C00002270310102EF
S3150201317001020C00010000000100C100212400022D
S315020131800000000028E60322000200000C040C05E0
S315020131900C060C070000000000000000ED10000202
S315020131A000000000A8310102000100002C000022EB
S315020131B00F00FFFF000000010100000001020000F4
S315020131C00C080C090C0A0C0B0000000000000000A0
S315020131D04911000200000000DC3101020001000079
S315020131E0300000220F00FFFF000000010100000075
S315020131F0030200000C0C0C0D0C0E0C0F000000005B
S3150201320000000000A51100020000000010320102B8
S3150201321000010000340000220F00FFFF0000000140
S3150201322001000000850000003032010200000000AA
S3150201323000400000000000000040000006000000FF
S3150201324000400000080000000040000009000000E4
S31502013250004000000C000000450000000D000000C7
S3150201326000400000070100004504000009010000BA
S31502013270104000000B0100000000010B0C010000D0
S315020132800000010B0D0100000000010B0E01000000
S315020132900000010B0F0100000040000000020000C7
S315020132A0000C011907020000000C010008020000CF
S315020132B0000C010009020000000C01000A020000D4
S315020132C0000C01000B0200000000010B00030000CC
S315020132D00000010B010300000000010B02030000C4
S315020132E0040C000003030000000C01050A030000A0
S315020132F0400C010500040000400C01050104000018
S315020133000000011202040000000001120304000081
S315020133100000011204040000000401120504000069
S315020133200004011206040000000401130704000050
S3150201333000040114080400000004011F0B0400002C
S315020133400000011300050000000C01030105000045
S315020133500004011B020500000000010B0305000029
S315020133600000010B040500000000010B0505000029
S315020133700000010B060500000000010B0705000015
S315020133800000010B080500000000010B0905000001
S315020133900000010B0A050000400401070B050000AD
S315020133A0400401070C050000000C01190D0500007F
S315020133B0040400000E050000000C01190F050000AF
S315020133C0040C0000000600000000010402060000D1
S315020133D000000104030600000404000006060000C2
S315020133E00000010B070600000000010B08060000A1
S315020133F00000010B090600000000010B0A0600008D
S315020134000000010B0B0600000000010B0C06000078
S315020134100000010B0D0600000000010B0E06000064
S315020134200000010B0F060000000C0119070700003E
S315020134300504000008070000040400000907000053
S31502013440000C01190A070000000C01190B07000004
S31502013450000C01190C070000000C01190D070000F0
S31502013460000C01190E070000000C01190F070000DC
S31502013470000C011905080000000C011906080000DC
S31502013480000C0119070800000004011B0C080000CA
S315020134900000010B0D080000000C01130E080000CC
S315020134A0000C01130F080000000C011902090000AB
S315020134B0000C011903090000000C0119040900009E
S315020134C0000C010505090000000C01190A0900009A
S315020134D0000C01190B090000000C01190C0900006E
S315020134E0000C01190D090000000C01190E0900005A
S315020134F0000C01190F0900000000010B000A00006F
S315020135000000010B010A00000000010B020A000083
S315020135100000010B030A00000000010B040A00006F
S315020135200000010B050A00000000010B060A00005B
S31502013530040C0000070A00000000010B080A000043
S315020135400000010B090A00000000010B0A0A000033
S315020135500000010B0B0A00000000010B0C0A00001F
S315020135600000010B0D0A00000000010B0E0A00000B
S315020135700000010B0F0A0000000C0119000B0000EC
S31502013580000C0119010B0000000C0119020B0000CD
S31502013590000C0119030B0000000C0119040B0000B9
S315020135A0000C0119050B0000000C0119060B0000A5
S315020135B0000C0119070B00000000010B000C0000B2
S315020135C00000010B010C00000000010B020C0000BF
S315020135D00000010B030C00000000010B040C0000AB
S315020135E00000010B050C00000000010B060C000097
S315020135F00000010B070C00000000010B080C000083
S315020136000000010B090C00000000010B0A0C00006E
S315020136100000010B0B0C00000000010B0C0C00005A
S315020136200000010B0D0C00000000010B0E0C000046
S315020136300000010B0F0C00000000010B000D000041
S31502013640000C0104020D0000000C0104030D000030
S3150201365000040114070D0000C200C5004100670005
S31502013660C402C502C602C702CB02CC02CD02CE02F9
S31502013670D902DA02DB02DC026574686F73755F6474
S3150201368065765F72756E5F636F6D6D616E645F7392
S31502013690747265616D006574686F73755F696E76C4
S315020136A06F6B655F6173796E630002040304040440
S315020136B03529000221290002112700023D260002B6
S315020136C04F27000225260002352600024726000260
S315020136D085260002792600027D2600020A000000E4
S315020136E09438010218000000143701020400000098
S315020136F0F436010200000068000000680000008044
S31502013700000000800000007000000070200100220D
S3150201371020010022000000680000006800000090FD
S315020137200001090D00000068000000680000007831
S3150201373000010B0D00000068000000680000002770
S315020137400001020D0000006800000068800000020E
S315020137500001010D000000800000008000000090C1
S3150201376000010908000000800000008000000078C6
S3150201377000010B0800000080000000800000002705
S3150201378000010208000000800000008080000002A3
S3150201379000010108000000700000007000000090A6
S315020137A00001090A000000700000007000000078A4
S315020137B000010B0A000000700000007000000027E3
S315020137C00001020A00000070000000708000000281
S315020137D00001010A00000000000000000000009044
S315020137E00101090500000000000000000000007848
S315020137F001010B0500000000000000000000002787
S315020138000100020500000000000000008000000225
S3150201381001000105000000200000002000000090C8
S3150201382001010904000000200000002000000078C8
S3150201383001010B0400000020000000200000002707
S3150201384001000204000000200000002080000002A6
S315020138500100010400000022000000220000009085
S315020138600001090300000022000000220000007886
S3150201387000010B03000000220000002200000027C5
S3150201388000000203000000220C0100228000000257
S315020138900000010300000068000000680001000D3D
S315020138A000000068007102680001000D000000803E
S315020138B00000008000010008000000800000008076
S315020138C00001000800000070000000700001000AFB
S315020138D000000070000000700001000A00000000F4
S315020138E00000000001000005000000200000002089
S315020138F0010000040C010022200100220000000345
S3150201390030E5002265EA03220000000301000200FD
S315020139100800100020000000C0FFFFFFC4FFFFFFE8
S31502013920E0FFFFFFE4FFFFFFC0FFFFFFC4FFFFFF52
S31502013930E0FFFFFFE4FFFFFF000000000000803F01
S31502013940D40FC93AECFF7F3FC70F493BB1FF7F3F17
S31502013950C1CB963B4EFF7F3F890FC93BC4FE7F3FDA
S315020139603053FB3B13FE7F3F59CB163C39FD7F3F5C
S3150201397002ED2F3C39FC7F3F900E493C11FB7F3F04
S315020139800030623CC1F97F3F4B517B3C4AF87F3F95
S3150201399038398A3CACF67F3FB6C9963CE6F47F3F9E
S315020139A01C5AA33CF8F27F3F69EAAF3CE3F07F3F42
S315020139B09B7ABC3CA7EE7F3FB00AC93C43EC7F3FF2
S315020139C0A69AD53CB8E97F3F7B2AE23C05E77F3FD1
S315020139D02DBAEE3C2BE47F3FB949FB3C29E17F3FFF
S315020139E090EC033D00DE7F3F2F340A3DAFDA7F3F85
S315020139F0B87B103D37D77F3F2CC3163D98D37F3F07
S31502013A00880A1D3DD1CF7F3FCC51233DE2CB7F3F7B
S31502013A10F698293DCCC77F3F07E02F3D8FC37F3FF5
S31502013A20FC26363D2ABF7F3FD56D3C3D9EBA7F3F80
S31502013A3091B4423DEAB57F3F2FFB483D0FB17F3F2F
S31502013A40AF414F3D0DAC7F3F0E88553DE3A67F3F0B
S31502013A504CCE5B3D91A17F3F6814623D189C7F3F2E
S31502013A60625A683D78967F3F38A06E3DB1907F3F9E
S31502013A70E9E5743DC28A7F3F742B7B3DAB847F3F70
S31502013A806CB8803D6D7E7F3F0ADB833D08787F3FC0
S31502013A9094FD863D7B717F3F0A208A3DC76A7F3F3F
S31502013AA06A428D3DEC637F3FB464903DE95C7F3FA2
S31502013AB0E786933DBF557F3F05A9963D6D4E7F3FF4
S31502013AC00ACB993DF4467F3FF9EC9C3D543F7F3F3B
S31502013AD0CF0EA03D8D377F3F8C30A33D9D2F7F3F7B
S31502013AE03052A63D87277F3FBA73A93D491F7F3FC3
S31502013AF02B95AC3DE4167F3F80B6AF3D580E7F3F16
S31502013B00BBD7B23DA4057F3FDAF8B53DC9FC7E3F7E
S31502013B10DD19B93DC7F37E3FC33ABC3D9DEA7E3FFF
S31502013B208D5BBF3D4CE17E3F397CC23DD4D77E3FA2
S31502013B30C69CC53D34CE7E3F36BDC83D6DC47E3F73
S31502013B4086DDCB3D7FBA7E3FB7FDCE3D69B07E3F76
S31502013B50C81DD23D2DA67E3FB93DD53DC99B7E3FAF
S31502013B60895DD83D3D917E3F377DDB3D8B867E3F2C
S31502013B70C49CDE3DB17B7E3F2EBCE13DB0707E3FF3
S31502013B8076DBE43D88657E3F9AFAE73D385A7E3F09
S31502013B909A19EB3DC14E7E3F7638EE3D23437E3F79
S31502013BA02E57F13D5E377E3FC075F43D722B7E3F47
S31502013BB02C94F73D5E1F7E3F73B2FA3D24137E3F7E
S31502013BC092D0FD3DC2067E3F4577003E38FA7D3FE3
S31502013BD02E06023E88ED7D3F0295033EB1E07D3F12
S31502013BE0C223053EB2D37D3F6EB2063E8CC67D3FF1
S31502013BF00541083E40B97D3F86CF093ECCAB7D3FAC
S31502013C00F35D0B3E309E7D3F4AEC0C3E6E907D3F4E
S31502013C108B7A0E3E85827D3FB708103E74747D3FD6
S31502013C20CC96113E3D667D3FCA24133EDE577D3F4B
S31502013C30B2B2143E59497D3F8340163EAC3A7D3FAE
S31502013C403DCE173ED82B7D3FE05B193EDD1C7D3F05
S31502013C506BE91A3EBC0D7D3FDE761C3E73FE7C3F50
S31502013C6038041E3E03EF7C3F7B911F3E6CDF7C3F97
S31502013C70A51E213EAECF7C3FB6AB223EC9BF7C3FDD
S31502013C80AD38243EBDAF7C3F8CC5253E8A9F7C3F25
S31502013C905152273E318F7C3FFCDE283EB07E7C3F6F
S31502013CA08D6B2A3E086E7C3F04F82B3E3A5D7C3FC3
S31502013CB061842D3E444C7C3FA2102F3E283B7C3F23
S31502013CC0C99C303EE5297C3FD428323E7A187C3F96
S31502013CD0C4B4333EE9067C3F9840353E31F57B3F1D
S31502013CE050CC363E53E37B3FEC57383E4DD17B3FBA
S31502013CF06CE3393E20BF7B3FCF6E3B3ECDAC7B3F73
S31502013D0015FA3C3E539A7B3F3E853E3EB2877B3F48
S31502013D104910403EEA747B3F379B413EFC617B3F43
S31502013D200726433EE74E7B3FB9B0443EAB3B7B3F62
S31502013D304D3B463E48287B3FC2C5473EBE147B3FAC
S31502013D401850493E0E017B3F4FDA4A3E37ED7A3F24
S31502013D5067644C3E3AD97A3F60EE4D3E16C57A3FCC
S31502013D6038784F3ECBB07A3FF101513E599C7A3FAA
S31502013D70898B523EC1877A3F0115543E02737A3FBF
S31502013D80589E553E1C5E7A3F8F27573E10497A3F11
S31502013D90A4B0583EDD337A3F97395A3E841E7A3FA4
S31502013DA06AC25B3E04097A3F1A4B5D3E5EF3793F76
S31502013DB0A8D35E3E91DD793F135C603E9DC7793F94
S31502013DC05CE4613E83B1793F836C633E439B793FF9
S31502013DD086F4643EDC84793F667C663E4E6E793FAC
S31502013DE02204683E9A57793FBA8B693EC040793FB1
S31502013DF02F136B3EBF29793F7F9A6C3E9812793F0A
S31502013E00AB216E3E4AFB783FB2A86F3ED6E3783FBE
S31502013E10942F713E3BCC783F51B6723E7BB4783FCC
S31502013E20E83C743E939C783F5AC3753E8684783F3C
S31502013E30A649773E526C783FCCCF783EF853783F0D
S31502013E40CB557A3E773B783FA4DB7B3ED122783F46
S31502013E5056617D3E040A783FE1E67E3E10F1773FE8
S31502013E602236803EF7D7773FC0F8803EB7BE773F0E
S31502013E704ABB813E51A5773FC07D823EC58B773FC6
S31502013E802240833E1372773F7002843E3A58773F4F
S31502013E90AAC4843E3C3E773FCE86853E1724773FB1
S31502013EA0DF48863ECC09773FDA0A873E5BEF763FEB
S31502013EB0C1CC873EC4D4763F938E883E07BA763FFD
S31502013EC05050893E249F763FF8118A3E1B84763FE5
S31502013ED08AD38A3EEC68763F07958B3E974D763FAD
S31502013EE06E568C3E1B32763FC0178D3E7A16763F52
S31502013EF0FCD88D3EB3FA753F229A8E3EC6DE753FD9
S31502013F00325B8F3EB3C2753F2C1C903E7BA6753F3A
S31502013F1010DD903E1C8A753FDD9D913E976D753F82
S31502013F20945E923EED50753F351F933E1D34753FAB
S31502013F30BFDF933E2717753F31A0943E0BFA743FBC
S31502013F408D60953EC9DC743FD220963E62BF743FB6
S31502013F5000E1963ED5A1743F17A1973E2284743F94
S31502013F601661983E4966743FFE20993E4B48743F5E
S31502013F70CEE0993E272A743F86A09A3EDD0B743F16
S31502013F8027609B3E6EED733FAF1F9C3ED9CE733FBA
S31502013F9020DF9C3E1FB0733F789E9D3E3F91733F4B
S31502013FA0B85D9E3E3972733FDF1C9F3E0E53733FCF
S31502013FB0EEDB9F3EBE33733FE59AA03E4714733F45
S31502013FC0C259A13EACF4723F8718A23EEBD4723FAE
S31502013FD033D7A23E04B5723FC595A33EF894723F0C
S31502013FE03F54A43EC774723F9F12A53E7054723F5E
S31502013FF0E5D0A53EF433723F128FA63E5213723FAD
S31502014000254DA73E8CF2713F1F0BA83E9FD1713FF2
S31502014010FEC8A83E8EB0713FC486A93E578F713F36
S315020140206F44AA3EFB6D713F0102AB3E7A4C713F72
S3150201403077BFAB3ED42A713FD47CAC3E0809713FAF
S31502014040153AAD3E17E7703F3CF7AD3E02C5703FEC
S3150201405049B4AE3EC6A2703F3A71AF3E6680703F2A
S31502014060102EB03EE15D703FCBEAB03E373B703F6A
S315020140706BA7B13E6718703FEF63B23E73F56F3FB0
S315020140805820B33E5AD26F3FA5DCB33E1BAF6F3FFA
S31502014090D698B43EB88B6F3FEC54B53E30686F3F4D
S315020140A0E610B63E83446F3FC3CCB63EB0206F3FA7
S315020140B08488B73EBAFC6E3F2A44B83E9ED86E3F0C
S315020140C0B2FFB83E5DB46E3F1EBBB93EF88F6E3F7E
S315020140D06E76BA3E6D6B6E3FA031BB3EBE466E3FFB
S315020140E0B6ECBB3EEB216E3FAFA7BC3EF2FC6D3F89
S315020140F08B62BD3ED5D76D3F4A1DBE3E93B26D3F23
S31502014100EBD7BE3E2D8D6D3F6F92BF3EA1676D3FD0
S31502014110D54CC03EF2416D3F1E07C13E1D1C6D3F8F
S3150201412048C1C13E24F66C3F557BC23E07D06C3F67
S315020141304435C33EC5A96C3F15EFC33E5E836C3F52
S31502014140C8A8C43ED45C6C3F5C62C53E24366C3F53
S31502014150D21BC63E500F6C3F29D5C63E58E86B3F6F
S31502014160628EC73E3BC16B3F7C47C83EFB996B3FA4
S315020141707700C93E95726B3F53B9C93E0C4B6B3FF3
S315020141801072CA3E5E236B3FAE2ACB3E8CFB6A3F60
S315020141902CE3CB3E95D36A3F8B9BCC3E7BAB6A3FEE
S315020141A0CA53CD3E3C836A3FEA0BCE3ED95A6A3F99
S315020141B0EAC3CE3E52326A3FCA7BCF3EA7096A3F65
S315020141C08A33D03ED7E0693F2AEBD03EE4B7693F56
S315020141D0AAA2D13ECC8E693F095AD23E9165693F68
S315020141E04811D33E323C693F67C8D33EAE12693F9E
S315020141F0647FD43E07E9683F4136D53E3CBF683FFE
S31502014200FDECD53E4C95683F99A3D63E396B683F86
S31502014210135AD73E0341683F6B10D83EA816683F32
S31502014220A3C6D83E2AEC673FB97CD93E87C1673F10
S31502014230AD32DA3EC196673F80E8DA3ED86B673F18
S31502014240319EDB3ECA40673FC153DC3E9915673F4B
S315020142502E09DD3E45EA663F79BEDD3ECCBE663FAE
S31502014260A273DE3E3093663FA928DF3E7167663F41
S315020142708DDDDF3E8E3B663F4F92E03E880F663F05
S31502014280EE46E13E5EE3653F6AFBE13E10B7653FFE
S31502014290C4AFE23EA08A653FFA63E33E0B5E653F29
S315020142A00E18E43E5431653FFECBE43E7904653F88
S315020142B0CB7FE53E7BD7643F7533E63E59AA643F21
S315020142C0FBE6E63E147D643F5D9AE73EAC4F643FF2
S315020142D09C4DE83E2122643FB700E93E73F4633FF9
S315020142E0AEB3E93EA1C6633F8166EA3EAC98633F3F
S315020142F03019EB3E956A633FBBCBEB3E5A3C633FBB
S31502014300217EEC3EFC0D633F6330ED3E7BDF623F77
S3150201431080E2ED3ED7B0623F7994EE3E1082623F73
S315020143204C46EF3E2653623FFBF7EF3E1A24623FAD
S3150201433085A9F03EEAF4613FEA5AF13E98C5613F2A
S31502014340290CF23E2296613F43BDF23E8A66613FE7
S31502014350386EF33ED036613F071FF43EF206613FE7
S31502014360B1CFF43EF2D6603F3580F53ECFA6603F2F
S315020143709330F63E8976603FCBE0F63E2146603FBA
S31502014380DC90F73E9615603FC840F83EE9E45F3F90
S315020143908EF0F83E19B45F3F2DA0F93E27835F3FA9
S315020143A0A54FFA3E12525F3FF7FEFA3EDB205F3F10
S315020143B022AEFB3E81EF5E3F275DFC3E05BE5E3FC0
S315020143C0040CFD3E678C5E3FBBBAFD3EA65A5E3FBC
S315020143D04A69FE3EC3285E3FB217FF3EBEF65D3F07
S315020143E0F3C5FF3E97C45D3F063A003F4D925D3FDE
S315020143F0FF90003FE15F5D3FE4E7003F532D5D3FE4
S31502014400B53E013FA3FA5C3F7395013FD1C75C3FBD
S315020144101CEC013FDD945C3FB142023FC7615C3F48
S315020144203299023F8E2E5C3F9FEF023F34FB5B3F88
S31502014430F845033FB8C75B3F3D9C033F1A945B3F78
S315020144406DF2033F5A605B3F8948043F792C5B3F1B
S31502014450919E043F75F85A3F84F4043F50C45A3F73
S31502014460624A053F09905A3F2CA0053FA05B5A3F7D
S31502014470E2F5053F16275A3F824B063F6AF2593F3C
S315020144800EA1063F9CBD593F86F6063FAD88593FB0
S31502014490E84B073F9C53593F36A1073F6A1E593FD6
S315020144A06FF6073F17E9583F924B083FA1B3583FB2
S315020144B0A1A0083F0B7E583F9BF5083F5348583F42
S315020144C07F4A093F7912583F4E9F093F7FDC573F8A
S315020144D009F4093F63A6573FAD480A3F2670573F85
S315020144E03D9D0A3FC739573FB7F10A3F4803573F38
S315020144F01C460B3FA7CC563F6B9A0B3FE595563FA1
S31502014500A5EE0B3F025F563FC9420C3FFE27563FBF
S31502014510D7960C3FD9F0553FD0EA0C3F93B9553F98
S31502014520B33E0D3F2C82553F81920D3FA44A553F22
S3150201453038E60D3FFB12553FDA390E3F31DB543F68
S31502014540658D0E3F47A3543FDBE00E3F3B6B543F65
S315020145503B340F3F0F33543F84870F3FC3FA533F18
S31502014560B8DA0F3F55C2533FD52D103FC789533F86
S31502014570DC80103F1851533FCDD3103F4918533FAA
S31502014580A726113F59DF523F6B79113F49A6523F88
S3150201459019CC113F186D523FB01E123FC633523F1E
S315020145A03071123F54FA513F9AC3123FC2C0513F72
S315020145B0EE15133F1087513F2A68133F3D4D513F78
S315020145C050BA133F4A13513F5F0C143F37D9503F3C
S315020145D0585E143F039F503F39B0143FAF64503FBA
S315020145E00402153F3B2A503FB753153FA8EF4F3FF1
S315020145F054A5153FF4B44F3FD9F6153F1F7A4F3FE5
S315020146004748163F2B3F4F3F9F99163F17044F3F8F
S31502014610DFEA163FE4C84E3F073C173F908D4E3FF7
S31502014620188D173F1C524E3F12DE173F89164E3F19
S31502014630F52E183FD5DA4D3FC07F183F029F4D3FF9
S3150201464073D0183F10634D3F0F21193FFD264D3F91
S315020146509471193FCBEA4C3F00C2193F79AE4C3FE8
S3150201466055121A3F08724C3F93621A3F78354C3FF6
S31502014670B8B21A3FC7F84B3FC6021B3FF8BB4B3FC6
S31502014680BB521B3F097F4B3F99A21B3FFA414B3F4E
S315020146905FF21B3FCC044B3F0C421C3F7FC74A3F94
S315020146A0A2911C3F138A4A3F1FE11C3F874C4A3F96
S315020146B084301D3FDC0E4A3FD17F1D3F12D1493F57
S315020146C006CF1D3F2993493F221E1E3F2155493FD1
S315020146D0266D1E3FFA16493F12BC1E3FB3D8483F0C
S315020146E0E50A1F3F4E9A483F9F591F3FCA5B483F03
S315020146F041A81F3F271D483FCBF61F3F65DE473FB7
S315020147003B45203F849F473F9393203F8560473F28
S31502014710D2E1203F6721473FF92F213F2AE2463F57
S31502014720067E213FCEA2463FFBCB213F5463463F45
S31502014730D719223FBB23463F9967223F03E4453FF0
S3150201474043B5223F2DA4453FD302233F3964453F5A
S315020147504B50233F2624453FA99D233FF5E3443F82
S31502014760EEEA233FA5A3443F1A38243F3763443F69
S315020147702C85243FAB22443F25D2243F00E2433F0E
S31502014780041F253F38A1433FCB6B253F5160433F71
S3150201479077B8253F4C1F433F0A05263F29DE423F94
S315020147A08451263FE89C423FE39D263F895B423F77
S315020147B02AEA263F0B1A423F5636273F70D8413F17
S315020147C06882273FB796413F61CE273FE154413F79
S315020147D0401A283FEC12413F0566283FDAD0403F96
S315020147E0B0B1283FA98E403F41FD283F5C4C403F76
S315020147F0B848293FF009403F1594293F67C73F3F13
S3150201480057DF293FC0843F3F802A2A3FFC413F3F71
S315020148108E752A3F1BFF3E3F82C02A3F1BBC3E3F8D
S315020148205B0B2B3FFF783E3F1B562B3FC5353E3F69
S31502014830BFA02B3F6EF23D3F4AEB2B3FF9AE3D3F08
S31502014840B9352C3F676B3D3F0F802C3FB8273D3F63
S3150201485049CA2C3FECE33C3F69142D3F03A03C3F80
S315020148606F5E2D3FFC5B3C3F59A82D3FD9173C3F5C
S3150201487029F22D3F98D33B3FDE3B2E3F3B8F3B3FF9
S3150201488078852E3FC14A3B3FF7CE2E3F29063B3F55
S315020148905B182F3F75C13A3FA5612F3FA47C3A3F72
S315020148A0D3AA2F3FB7373A3FE6F32F3FACF2393F50
S315020148B0DE3C303F85AD393FBB85303F4268393FEB
S315020148C07CCE303FE122393F2217313F65DD383F49
S315020148D0AD5F313FCB97383F1DA8313F1652383F66
S315020148E071F0313F430C383FAA38323F55C6373F44
S315020148F0C780323F4A80373FC9C8323F233A373FE2
S31502014900AF10333FDFF3363F7A58333F7FAD363F41
S3150201491029A0333F0467363FBCE7333F6C20363F5D
S31502014920342F343FB8D9353F8F76343FE792353F3E
S31502014930CFBD343FFB4B353FF304353FF304353FDF
S31502014940FB4B353FCFBD343FE792353F8F76343F40
S31502014950B8D9353F342F343F6C20363FBCE7333F5D
S315020149600467363F29A0333F7FAD363F7A58333F3E
S31502014970DFF3363FAF10333F233A373FC9C8323FE1
S315020149804A80373FC780323F55C6373FAA38323F42
S31502014990430C383F71F0313F1652383F1DA8313F63
S315020149A0CB97383FAD5F313F65DD383F2217313F47
S315020149B0E122393F7CCE303F4268393FBB85303FE9
S315020149C085AD393FDE3C303FACF2393FE6F32F3F4E
S315020149D0B7373A3FD3AA2F3FA47C3A3FA5612F3F6F
S315020149E075C13A3F5B182F3F29063B3FF7CE2E3F53
S315020149F0C14A3B3F78852E3F3B8F3B3FDE3B2E3FF5
S31502014A0098D33B3F29F22D3FD9173C3F59A82D3F59
S31502014A10FC5B3C3F6F5E2D3F03A03C3F69142D3F7B
S31502014A20ECE33C3F49CA2C3FB8273D3F0F802C3F60
S31502014A30676B3D3FB9352C3FF9AE3D3F4AEB2B3F04
S31502014A406EF23D3FBFA02B3FC5353E3F1B562B3F66
S31502014A50FF783E3F5B0B2B3F1BBC3E3F82C02A3F8A
S31502014A601BFF3E3F8E752A3FFC413F3F802A2A3F6C
S31502014A70C0843F3F57DF293F67C73F3F1594293F10
S31502014A80F009403FB848293F5C4C403F41FD283F71
S31502014A90A98E403FB0B1283FDAD0403F0566283F94
S31502014AA0EC12413F401A283FE154413F61CE273F74
S31502014AB0B796413F6882273F70D8413F5636273F16
S31502014AC00B1A423F2AEA263F895B423FE39D263F74
S31502014AD0E89C423F8451263F29DE423F0A05263F92
S31502014AE04C1F433F77B8253F5160433FCB6B253F70
S31502014AF038A1433F041F253F00E2433F25D2243F0D
S31502014B00AB22443F2C85243F3763443F1A38243F66
S31502014B10A5A3443FEEEA233FF5E3443FA99D233F84
S31502014B202624453F4B50233F3964453FD302233F59
S31502014B302DA4453F43B5223F03E4453F9967223FF2
S31502014B40BB23463FD719223F5463463FFBCB213F46
S31502014B50CEA2463F067E213F2AE2463FF92F213F5A
S31502014B606721473FD2E1203F8560473F9393203F2C
S31502014B70849F473F3B45203F65DE473FCBF61F3FBC
S31502014B80271D483F41A81F3FCA5B483F9F591F3F08
S31502014B904E9A483FE50A1F3FB3D8483F12BC1E3F13
S31502014BA0FA16493F266D1E3F2155493F221E1E3FD9
S31502014BB02993493F06CF1D3F12D1493FD17F1D3F60
S31502014BC0DC0E4A3F84301D3F874C4A3F1FE11C3FA2
S31502014BD0138A4A3FA2911C3F7FC74A3F0C421C3FA0
S31502014BE0CC044B3F5FF21B3FFA414B3F99A21B3F5D
S31502014BF0097F4B3FBB521B3FF8BB4B3FC6021B3FD4
S31502014C00C7F84B3FB8B21A3F78354C3F93621A3F09
S31502014C1008724C3F55121A3F79AE4C3F00C2193FFA
S31502014C20CBEA4C3F9471193FFD264D3F0F21193FA7
S31502014C3010634D3F73D0183F029F4D3FC07F183F0F
S31502014C40D5DA4D3FF52E183F89164E3F12DE173F34
S31502014C501C524E3F188D173F908D4E3F073C173F12
S31502014C60E4C84E3FDFEA163F17044F3F9F99163FAE
S31502014C702B3F4F3F4748163F1F7A4F3FD9F6153F05
S31502014C80F4B44F3F54A5153FA8EF4F3FB753153F15
S31502014C903B2A503F0402153FAF64503F39B0143FDF
S31502014CA0039F503F585E143F37D9503F5F0C143F64
S31502014CB04A13513F50BA133F3D4D513F2A68133FA4
S31502014CC01087513FEE15133FC2C0513F9AC3123F9F
S31502014CD054FA513F3071123FC633523FB01E123F52
S31502014CE0186D523F19CC113F49A6523F6B79113FBC
S31502014CF059DF523FA726113F4918533FCDD3103FE3
S31502014D001851533FDC80103FC789533FD52D103FC1
S31502014D1055C2533FB8DA0F3FC3FA533F84870F3F59
S31502014D200F33543F3B340F3F3B6B543FDBE00E3FA7
S31502014D3047A3543F658D0E3F31DB543FDA390E3FAF
S31502014D40FB12553F38E60D3FA44A553F81920D3F6E
S31502014D502C82553FB33E0D3F93B9553FD0EA0C3FE6
S31502014D60D9F0553FD7960C3FFE27563FC9420C3F15
S31502014D70025F563FA5EE0B3FE595563F6B9A0B3FF9
S31502014D80A7CC563F1C460B3F4803573FB7F10A3F94
S31502014D90C739573F3D9D0A3F2670573FAD480A3FE7
S31502014DA063A6573F09F4093F7FDC573F4E9F093FF0
S31502014DB07912583F7F4A093F5348583F9BF5083FAE
S31502014DC00B7E583FA1A0083FA1B3583F924B083F23
S31502014DD017E9583F6FF6073F6A1E593F36A1073F4B
S31502014DE09C53593FE84B073FAD88593F86F6063F2C
S31502014DF09CBD593F0EA1063F6AF2593F824B063FBF
S31502014E0016275A3FE2F5053FA05B5A3F2CA0053F04
S31502014E1009905A3F624A053F50C45A3F84F4043FFF
S31502014E2075F85A3F919E043F792C5B3F8948043FAE
S31502014E305A605B3F6DF2033F1A945B3F3D9C033F11
S31502014E40B8C75B3FF845033F34FB5B3F9FEF023F29
S31502014E508E2E5C3F3299023FC7615C3FB142023FEF
S31502014E60DD945C3F1CEC013FD1C75C3F7395013F6A
S31502014E70A3FA5C3FB53E013F532D5D3FE4E7003F98
S31502014E80E15F5D3FFF90003F4D925D3F063A003F75
S31502014E9097C45D3FF3C5FF3EBEF65D3FB217FF3EC7
S31502014EA0C3285E3F4A69FE3EA65A5E3FBBBAFD3E35
S31502014EB0678C5E3F040CFD3E05BE5E3F275DFC3EF0
S31502014EC081EF5E3F22AEFB3EDB205F3FF7FEFA3EFD
S31502014ED012525F3FA54FFA3E27835F3F2DA0F93E4F
S31502014EE019B45F3F8EF0F83EE9E45F3FC840F83EF1
S31502014EF09615603FDC90F73E2146603FCBE0F63ED9
S31502014F008976603F9330F63ECFA6603F3580F53E07
S31502014F10F2D6603FB1CFF43EF206613F071FF43E7F
S31502014F20D036613F386EF33E8A66613F43BDF23E3B
S31502014F302296613F290CF23E98C5613FEA5AF13E3B
S31502014F40EAF4613F85A9F03E1A24623FFBF7EF3E80
S31502014F502653623F4C46EF3E1082623F7994EE3E03
S31502014F60D7B0623F80E2ED3E7BDF623F6330ED3ECA
S31502014F70FC0D633F217EEC3E5A3C633FBBCBEB3ECD
S31502014F80956A633F3019EB3EAC98633F8166EA3E10
S31502014F90A1C6633FAEB3E93E73F4633FB700E93E90
S31502014FA02122643F9C4DE83EAC4F643F5D9AE73E49
S31502014FB0147D643FFBE6E63E59AA643F7533E63E3D
S31502014FC07BD7643FCB7FE53E7904653FFECBE43E6A
S31502014FD05431653F0E18E43E0B5E653FFA63E33ECC
S31502014FE0A08A653FC4AFE23E10B7653F6AFBE13E68
S31502014FF05EE3653FEE46E13E880F663F4F92E03E35
S315020150008E3B663F8DDDDF3E7167663FA928DF3E37
S315020150103093663FA273DE3ECCBE663F79BEDD3E6D
S3150201502045EA663F2E09DD3E9915673FC153DC3ECF
S31502015030CA40673F319EDB3ED86B673F80E8DA3E66
S31502015040C196673FAD32DA3E87C1673FB97CD93E29
S315020150502AEC673FA3C6D83EA816683F6B10D83E16
S315020150600341683F135AD73E396B683F99A3D63E2F
S315020150704C95683FFDECD53E3CBF683F4136D53E77
S3150201508007E9683F647FD43EAE12693F67C8D33EE3
S31502015090323C693F4811D33E9165693F095AD23E76
S315020150A0CC8E693FAAA2D13EE4B7693F2AEBD03E34
S315020150B0D7E0693F8A33D03EA7096A3FCA7BCF3E12
S315020150C052326A3FEAC3CE3ED95A6A3FEA0BCE3E14
S315020150D03C836A3FCA53CD3E7BAB6A3F8B9BCC3E38
S315020150E095D36A3F2CE3CB3E8CFB6A3FAE2ACB3E7D
S315020150F05E236B3F1072CA3E0C4B6B3F53B9C93EDE
S3150201510095726B3F7700C93EFB996B3F7C47C83E60
S315020151103BC16B3F628EC73E58E86B3F29D5C63EFF
S31502015120500F6C3FD21BC63E24366C3F5C62C53EB5
S31502015130D45C6C3FC8A8C43E5E836C3F15EFC33E88
S31502015140C5A96C3F4435C33E07D06C3F557BC23E71
S3150201515024F66C3F48C1C13E1D1C6D3F1E07C13E70
S31502015160F2416D3FD54CC03EA1676D3F6F92BF3E86
S315020151702D8D6D3FEBD7BE3E93B26D3F4A1DBE3EAE
S31502015180D5D76D3F8B62BD3EF2FC6D3FAFA7BC3EEC
S31502015190EB216E3FB6ECBB3EBE466E3FA031BB3E37
S315020151A06D6B6E3F6E76BA3EF88F6E3F1EBBB93E91
S315020151B05DB46E3FB2FFB83E9ED86E3F2A44B83EFA
S315020151C0BAFC6E3F8488B73EB0206F3FC3CCB63E71
S315020151D083446F3FE610B63E30686F3FEC54B53EEE
S315020151E0B88B6F3FD698B43E1BAF6F3FA5DCB33E7B
S315020151F05AD26F3F5820B33E73F56F3FEF63B23E0B
S315020152006718703F6BA7B13E373B703FCBEAB03EA2
S31502015210E15D703F102EB03E6680703F3A71AF3E3F
S31502015220C6A2703F49B4AE3E02C5703F3CF7AD3EE1
S3150201523017E7703F153AAD3E0809713FD47CAC3E83
S31502015240D42A713F77BFAB3E7A4C713F0102AB3E26
S31502015250FB6D713F6F44AA3E578F713FC486A93ECB
S315020152608EB0713FFEC8A83E9FD1713F1F0BA83E6B
S315020152708CF2713F254DA73E5213723F128FA63E05
S31502015280F433723FE5D0A53E7054723F9F12A53E9C
S31502015290C774723F3F54A43EF894723FC595A33E2C
S315020152A004B5723F33D7A23EEBD4723F8718A23EB2
S315020152B0ACF4723FC259A13E4714733FE59AA03E30
S315020152C0BE33733FEEDB9F3E0E53733FDF1C9F3EA1
S315020152D03972733FB85D9E3E3F91733F789E9D3E04
S315020152E01FB0733F20DF9C3ED9CE733FAF1F9C3E5A
S315020152F06EED733F27609B3EDD0B743F86A09A3E9F
S31502015300272A743FCEE0993E4B48743FFE20993ED0
S315020153104966743F1661983E2284743F17A1973EEF
S31502015320D5A1743F00E1963E62BF743FD220963EFC
S31502015330C9DC743F8D60953E0BFA743F31A0943EF1
S315020153402717753FBFDF933E1D34753F351F933EC9
S31502015350ED50753F945E923E976D753FDD9D913E90
S315020153601C8A753F10DD903E7BA6753F2C1C903E34
S31502015370B3C2753F325B8F3EC6DE753F229A8E3EC1
S31502015380B3FA753FFCD88D3E7A16763FC0178D3E2D
S315020153901B32763F6E568C3E974D763F07958B3E76
S315020153A0EC68763F8AD38A3E1B84763FF8118A3EA1
S315020153B0249F763F5050893E07BA763F938E883EA8
S315020153C0C4D4763FC1CC873E5BEF763FDA0A873E8D
S315020153D0CC09773FDF48863E1724773FCE86853E46
S315020153E03C3E773FAAC4843E3A58773F7002843ED8
S315020153F01372773F2240833EC58B773FC07D823E43
S3150201540051A5773F4ABB813EB7BE773FC0F8803E82
S31502015410F7D7773F2236803E10F1773FE1E67E3EAF
S31502015420040A783F56617D3ED122783FA4DB7B3E5A
S31502015430773B783FCB557A3EF853783FCCCF783ECF
S31502015440526C783FA649773E8684783F5AC3753EA9
S31502015450939C783FE83C743E7BB4783F51B6723EEA
S315020154603BCC783F942F713ED6E3783FB2A86F3E8C
S315020154704AFB783FAB216E3E9812793F7F9A6C3E8A
S31502015480BF29793F2F136B3EC040793FBA8B693EE4
S315020154909A57793F2204683E4E6E793F667C663E94
S315020154A0DC84793F86F4643E439B793F836C633E99
S315020154B083B1793F5CE4613E9DC7793F135C603EEF
S315020154C091DD793FA8D35E3E5EF3793F1A4B5D3E8D
S315020154D004097A3F6AC25B3E841E7A3F97395A3E75
S315020154E0DD337A3FA4B0583E10497A3F8F27573EA3
S315020154F01C5E7A3F589E553E02737A3F0115543E11
S31502015500C1877A3F898B523E599C7A3FF101513EBE
S31502015510CBB07A3F38784F3E16C57A3F60EE4D3EA4
S315020155203AD97A3F67644C3E37ED7A3F4FDA4A3EC3
S315020155300E017B3F1850493EBE147B3FC2C5473E12
S3150201554048287B3F4D3B463EAB3B7B3FB9B0443E91
S31502015550E74E7B3F0726433EFC617B3F379B413E3D
S31502015560EA747B3F4910403EB2877B3F3E853E3E11
S31502015570539A7B3F15FA3C3ECDAC7B3FCF6E3B3E09
S3150201558020BF7B3F6CE3393E4DD17B3FEC57383E22
S3150201559053E37B3F50CC363E31F57B3F9840353E57
S315020155A0E9067C3FC4B4333E7A187C3FD428323EA6
S315020155B0E5297C3FC99C303E283B7C3FA2102F3E09
S315020155C0444C7C3F61842D3E3A5D7C3F04F82B3E80
S315020155D0086E7C3F8D6B2A3EB07E7C3FFCDE283E08
S315020155E0318F7C3F5152273E8A9F7C3F8CC5253E97
S315020155F0BDAF7C3FAD38243EC9BF7C3FB6AB223E30
S31502015600AECF7C3FA51E213E6CDF7C3F7B911F3EC8
S3150201561003EF7C3F38041E3E73FE7C3FDE761C3E62
S31502015620BC0D7D3F6BE91A3EDD1C7D3FE05B193EF9
S31502015630D82B7D3F3DCE173EAC3A7D3F8340163E89
S3150201564059497D3FB2B2143EDE577D3FCA24133E0D
S315020156503D667D3FCC96113E74747D3FB708103E80
S3150201566085827D3F8B7A0E3E6E907D3F4AEC0C3EE3
S31502015670309E7D3FF35D0B3ECCAB7D3F86CF093E2F
S3150201568040B97D3F0541083E8CC67D3F6EB2063E5E
S31502015690B2D37D3FC223053EB1E07D3F0295033E73
S315020156A088ED7D3F2E06023E38FA7D3F4577003E64
S315020156B0C2067E3F92D0FD3D24137E3F73B2FA3D70
S315020156C05E1F7E3F2C94F73D722B7E3FC075F43DE3
S315020156D05E377E3F2E57F13D23437E3F7638EE3DC0
S315020156E0C14E7E3F9A19EB3D385A7E3F9AFAE73D03
S315020156F088657E3F76DBE43DB0707E3F2EBCE13DA0
S31502015700B17B7E3FC49CDE3D8B867E3F377DDB3D92
S315020157103D917E3F895DD83DC99B7E3FB93DD53DD1
S315020157202DA67E3FC81DD23D69B07E3FB7FDCE3D57
S315020157307FBA7E3F86DDCB3D6DC47E3F36BDC83D19
S3150201574034CE7E3FC69CC53DD4D77E3F397CC23D11
S315020157504CE17E3F8D5BBF3D9DEA7E3FC33ABC3D38
S31502015760C7F37E3FDD19B93DC9FC7E3FDAF8B53D87
S31502015770A4057F3FBBD7B23D580E7F3F80B6AF3DF2
S31502015780E4167F3F2B95AC3D491F7F3FBA73A93D76
S3150201579087277F3F3052A63D9D2F7F3F8C30A33D09
S315020157A08D377F3FCF0EA03D543F7F3FF9EC9C3DA5
S315020157B0F4467F3F0ACB993D6D4E7F3F05A9963D43
S315020157C0BF557F3FE786933DE95C7F3FB464903DD9
S315020157D0EC637F3F6A428D3DC76A7F3F0A208A3D5D
S315020157E07B717F3F94FD863D08787F3F0ADB833DCF
S315020157F06D7E7F3F6CB8803DAB847F3F742B7B3DD2
S31502015800C28A7F3FE9E5743DB1907F3F38A06E3D84
S3150201581078967F3F625A683D189C7F3F6814623DC5
S3150201582091A17F3F4CCE5B3DE3A67F3F0E88553D5E
S315020158300DAC7F3FAF414F3D0FB17F3F2FFB483D3F
S31502015840EAB57F3F91B4423D9EBA7F3FD56D3C3D5D
S315020158502ABF7F3FFC26363D8FC37F3F07E02F3DA0
S31502015860CCC77F3FF698293DE2CB7F3FCC51233D02
S31502015870D1CF7F3F880A1D3D98D37F3F2CC3163D6A
S3150201588037D77F3FB87B103DAFDA7F3F2F340A3DD2
S3150201589000DE7F3F90EC033D29E17F3FB949FB3CA6
S315020158A02BE47F3F2DBAEE3C05E77F3F7B2AE23CA4
S315020158B0B8E97F3FA69AD53C43EC7F3FB00AC93C83
S315020158C0A7EE7F3F9B7ABC3CE3F07F3F69EAAF3CA0
S315020158D0F8F27F3F1C5AA33CE6F47F3FB6C9963CD9
S315020158E0ACF67F3F38398A3C4AF87F3F4B517B3CC5
S315020158F0C1F97F3F0030623C11FB7F3F900E493C6C
S3150201590039FC7F3F02ED2F3C39FD7F3F59CB163CD7
S3150201591013FE7F3F3053FB3BC4FE7F3F890FC93BDA
S315020159204EFF7F3FC1CB963BB1FF7F3FC70F493B3E
S31502015930ECFF7F3FD40FC93A0000803F0000000010
S31502015940ECFF7F3FD40FC9BAB1FF7F3FC70F49BBF7
S315020159504EFF7F3FC1CB96BBC4FE7F3F890FC9BBBA
S3150201596013FE7F3F3053FBBB39FD7F3F59CB16BC3C
S3150201597039FC7F3F02ED2FBC11FB7F3F900E49BCE4
S31502015980C1F97F3F003062BC4AF87F3F4B517BBC75
S31502015990ACF67F3F38398ABCE6F47F3FB6C996BC7E
S315020159A0F8F27F3F1C5AA3BCE3F07F3F69EAAFBC22
S315020159B0A7EE7F3F9B7ABCBC43EC7F3FB00AC9BCD2
S315020159C0B8E97F3FA69AD5BC05E77F3F7B2AE2BCB1
S315020159D02BE47F3F2DBAEEBC29E17F3FB949FBBCDF
S315020159E000DE7F3F90EC03BDAFDA7F3F2F340ABD65
S315020159F037D77F3FB87B10BD98D37F3F2CC316BDE7
S31502015A00D1CF7F3F880A1DBDE2CB7F3FCC5123BD5B
S31502015A10CCC77F3FF69829BD8FC37F3F07E02FBDD5
S31502015A202ABF7F3FFC2636BD9EBA7F3FD56D3CBD60
S31502015A30EAB57F3F91B442BD0FB17F3F2FFB48BD0F
S31502015A400DAC7F3FAF414FBDE3A67F3F0E8855BDEB
S31502015A5091A17F3F4CCE5BBD189C7F3F681462BD0E
S31502015A6078967F3F625A68BDB1907F3F38A06EBD7E
S31502015A70C28A7F3FE9E574BDAB847F3F742B7BBD50
S31502015A806D7E7F3F6CB880BD08787F3F0ADB83BDA0
S31502015A907B717F3F94FD86BDC76A7F3F0A208ABD1F
S31502015AA0EC637F3F6A428DBDE95C7F3FB46490BD82
S31502015AB0BF557F3FE78693BD6D4E7F3F05A996BDD4
S31502015AC0F4467F3F0ACB99BD543F7F3FF9EC9CBD1B
S31502015AD08D377F3FCF0EA0BD9D2F7F3F8C30A3BD5B
S31502015AE087277F3F3052A6BD491F7F3FBA73A9BDA3
S31502015AF0E4167F3F2B95ACBD580E7F3F80B6AFBDF6
S31502015B00A4057F3FBBD7B2BDC9FC7E3FDAF8B5BD5E
S31502015B10C7F37E3FDD19B9BD9DEA7E3FC33ABCBDDF
S31502015B204CE17E3F8D5BBFBDD4D77E3F397CC2BD82
S31502015B3034CE7E3FC69CC5BD6DC47E3F36BDC8BD53
S31502015B407FBA7E3F86DDCBBD69B07E3FB7FDCEBD56
S31502015B502DA67E3FC81DD2BDC99B7E3FB93DD5BD8F
S31502015B603D917E3F895DD8BD8B867E3F377DDBBD0C
S31502015B70B17B7E3FC49CDEBDB0707E3F2EBCE1BDD3
S31502015B8088657E3F76DBE4BD385A7E3F9AFAE7BDE9
S31502015B90C14E7E3F9A19EBBD23437E3F7638EEBD59
S31502015BA05E377E3F2E57F1BD722B7E3FC075F4BD27
S31502015BB05E1F7E3F2C94F7BD24137E3F73B2FABD5E
S31502015BC0C2067E3F92D0FDBD38FA7D3F457700BEC3
S31502015BD088ED7D3F2E0602BEB1E07D3F029503BEF2
S31502015BE0B2D37D3FC22305BE8CC67D3F6EB206BED1
S31502015BF040B97D3F054108BECCAB7D3F86CF09BE8C
S31502015C00309E7D3FF35D0BBE6E907D3F4AEC0CBE2E
S31502015C1085827D3F8B7A0EBE74747D3FB70810BEB6
S31502015C203D667D3FCC9611BEDE577D3FCA2413BE2B
S31502015C3059497D3FB2B214BEAC3A7D3F834016BE8E
S31502015C40D82B7D3F3DCE17BEDD1C7D3FE05B19BEE5
S31502015C50BC0D7D3F6BE91ABE73FE7C3FDE761CBE30
S31502015C6003EF7C3F38041EBE6CDF7C3F7B911FBE77
S31502015C70AECF7C3FA51E21BEC9BF7C3FB6AB22BEBD
S31502015C80BDAF7C3FAD3824BE8A9F7C3F8CC525BE05
S31502015C90318F7C3F515227BEB07E7C3FFCDE28BE4F
S31502015CA0086E7C3F8D6B2ABE3A5D7C3F04F82BBEA3
S31502015CB0444C7C3F61842DBE283B7C3FA2102FBE03
S31502015CC0E5297C3FC99C30BE7A187C3FD42832BE76
S31502015CD0E9067C3FC4B433BE31F57B3F984035BEFD
S31502015CE053E37B3F50CC36BE4DD17B3FEC5738BE9A
S31502015CF020BF7B3F6CE339BECDAC7B3FCF6E3BBE53
S31502015D00539A7B3F15FA3CBEB2877B3F3E853EBE28
S31502015D10EA747B3F491040BEFC617B3F379B41BE23
S31502015D20E74E7B3F072643BEAB3B7B3FB9B044BE42
S31502015D3048287B3F4D3B46BEBE147B3FC2C547BE8C
S31502015D400E017B3F185049BE37ED7A3F4FDA4ABE04
S31502015D503AD97A3F67644CBE16C57A3F60EE4DBEAC
S31502015D60CBB07A3F38784FBE599C7A3FF10151BE8A
S31502015D70C1877A3F898B52BE02737A3F011554BE9F
S31502015D801C5E7A3F589E55BE10497A3F8F2757BEF1
S31502015D90DD337A3FA4B058BE841E7A3F97395ABE84
S31502015DA004097A3F6AC25BBE5EF3793F1A4B5DBE56
S31502015DB091DD793FA8D35EBE9DC7793F135C60BE74
S31502015DC083B1793F5CE461BE439B793F836C63BED9
S31502015DD0DC84793F86F464BE4E6E793F667C66BE8C
S31502015DE09A57793F220468BEC040793FBA8B69BE91
S31502015DF0BF29793F2F136BBE9812793F7F9A6CBEEA
S31502015E004AFB783FAB216EBED6E3783FB2A86FBE9E
S31502015E103BCC783F942F71BE7BB4783F51B672BEAC
S31502015E20939C783FE83C74BE8684783F5AC375BE1C
S31502015E30526C783FA64977BEF853783FCCCF78BEED
S31502015E40773B783FCB557ABED122783FA4DB7BBE26
S31502015E50040A783F56617DBE10F1773FE1E67EBEC8
S31502015E60F7D7773F223680BEB7BE773FC0F880BEEE
S31502015E7051A5773F4ABB81BEC58B773FC07D82BEA6
S31502015E801372773F224083BE3A58773F700284BE2F
S31502015E903C3E773FAAC484BE1724773FCE8685BE91
S31502015EA0CC09773FDF4886BE5BEF763FDA0A87BECB
S31502015EB0C4D4763FC1CC87BE07BA763F938E88BEDD
S31502015EC0249F763F505089BE1B84763FF8118ABEC5
S31502015ED0EC68763F8AD38ABE974D763F07958BBE8D
S31502015EE01B32763F6E568CBE7A16763FC0178DBE32
S31502015EF0B3FA753FFCD88DBEC6DE753F229A8EBEB9
S31502015F00B3C2753F325B8FBE7BA6753F2C1C90BE1A
S31502015F101C8A753F10DD90BE976D753FDD9D91BE62
S31502015F20ED50753F945E92BE1D34753F351F93BE8B
S31502015F302717753FBFDF93BE0BFA743F31A094BE9C
S31502015F40C9DC743F8D6095BE62BF743FD22096BE96
S31502015F50D5A1743F00E196BE2284743F17A197BE74
S31502015F604966743F166198BE4B48743FFE2099BE3E
S31502015F70272A743FCEE099BEDD0B743F86A09ABEF6
S31502015F806EED733F27609BBED9CE733FAF1F9CBE9A
S31502015F901FB0733F20DF9CBE3F91733F789E9DBE2B
S31502015FA03972733FB85D9EBE0E53733FDF1C9FBEAF
S31502015FB0BE33733FEEDB9FBE4714733FE59AA0BE25
S31502015FC0ACF4723FC259A1BEEBD4723F8718A2BE8E
S31502015FD004B5723F33D7A2BEF894723FC595A3BEEC
S31502015FE0C774723F3F54A4BE7054723F9F12A5BE3E
S31502015FF0F433723FE5D0A5BE5213723F128FA6BE8D
S315020160008CF2713F254DA7BE9FD1713F1F0BA8BED2
S315020160108EB0713FFEC8A8BE578F713FC486A9BE16
S31502016020FB6D713F6F44AABE7A4C713F0102ABBE52
S31502016030D42A713F77BFABBE0809713FD47CACBE8F
S3150201604017E7703F153AADBE02C5703F3CF7ADBECC
S31502016050C6A2703F49B4AEBE6680703F3A71AFBE0A
S31502016060E15D703F102EB0BE373B703FCBEAB0BE4A
S315020160706718703F6BA7B1BE73F56F3FEF63B2BE90
S315020160805AD26F3F5820B3BE1BAF6F3FA5DCB3BEDA
S31502016090B88B6F3FD698B4BE30686F3FEC54B5BE2D
S315020160A083446F3FE610B6BEB0206F3FC3CCB6BE87
S315020160B0BAFC6E3F8488B7BE9ED86E3F2A44B8BEEC
S315020160C05DB46E3FB2FFB8BEF88F6E3F1EBBB9BE5E
S315020160D06D6B6E3F6E76BABEBE466E3FA031BBBEDB
S315020160E0EB216E3FB6ECBBBEF2FC6D3FAFA7BCBE69
S315020160F0D5D76D3F8B62BDBE93B26D3F4A1DBEBE03
S315020161002D8D6D3FEBD7BEBEA1676D3F6F92BFBEB0
S31502016110F2416D3FD54CC0BE1D1C6D3F1E07C1BE6F
S3150201612024F66C3F48C1C1BE07D06C3F557BC2BE47
S31502016130C5A96C3F4435C3BE5E836C3F15EFC3BE32
S31502016140D45C6C3FC8A8C4BE24366C3F5C62C5BE33
S31502016150500F6C3FD21BC6BE58E86B3F29D5C6BE4F
S315020161603BC16B3F628EC7BEFB996B3F7C47C8BE84
S3150201617095726B3F7700C9BE0C4B6B3F53B9C9BED3
S315020161805E236B3F1072CABE8CFB6A3FAE2ACBBE40
S3150201619095D36A3F2CE3CBBE7BAB6A3F8B9BCCBECE
S315020161A03C836A3FCA53CDBED95A6A3FEA0BCEBE79
S315020161B052326A3FEAC3CEBEA7096A3FCA7BCFBE45
S315020161C0D7E0693F8A33D0BEE4B7693F2AEBD0BE36
S315020161D0CC8E693FAAA2D1BE9165693F095AD2BE48
S315020161E0323C693F4811D3BEAE12693F67C8D3BE7E
S315020161F007E9683F647FD4BE3CBF683F4136D5BEDE
S315020162004C95683FFDECD5BE396B683F99A3D6BE66
S315020162100341683F135AD7BEA816683F6B10D8BE12
S315020162202AEC673FA3C6D8BE87C1673FB97CD9BEF0
S31502016230C196673FAD32DABED86B673F80E8DABEF8
S31502016240CA40673F319EDBBE9915673FC153DCBE2B
S3150201625045EA663F2E09DDBECCBE663F79BEDDBE8E
S315020162603093663FA273DEBE7167663FA928DFBE21
S315020162708E3B663F8DDDDFBE880F663F4F92E0BEE5
S315020162805EE3653FEE46E1BE10B7653F6AFBE1BEDE
S31502016290A08A653FC4AFE2BE0B5E653FFA63E3BE09
S315020162A05431653F0E18E4BE7904653FFECBE4BE68
S315020162B07BD7643FCB7FE5BE59AA643F7533E6BE01
S315020162C0147D643FFBE6E6BEAC4F643F5D9AE7BED2
S315020162D02122643F9C4DE8BE73F4633FB700E9BED9
S315020162E0A1C6633FAEB3E9BEAC98633F8166EABE1F
S315020162F0956A633F3019EBBE5A3C633FBBCBEBBE9B
S31502016300FC0D633F217EECBE7BDF623F6330EDBE57
S31502016310D7B0623F80E2EDBE1082623F7994EEBE53
S315020163202653623F4C46EFBE1A24623FFBF7EFBE8D
S31502016330EAF4613F85A9F0BE98C5613FEA5AF1BE0A
S315020163402296613F290CF2BE8A66613F43BDF2BEC7
S31502016350D036613F386EF3BEF206613F071FF4BEC7
S31502016360F2D6603FB1CFF4BECFA6603F3580F5BE0F
S315020163708976603F9330F6BE2146603FCBE0F6BE9A
S315020163809615603FDC90F7BEE9E45F3FC840F8BE70
S3150201639019B45F3F8EF0F8BE27835F3F2DA0F9BE89
S315020163A012525F3FA54FFABEDB205F3FF7FEFABEF0
S315020163B081EF5E3F22AEFBBE05BE5E3F275DFCBEA0
S315020163C0678C5E3F040CFDBEA65A5E3FBBBAFDBE9C
S315020163D0C3285E3F4A69FEBEBEF65D3FB217FFBEE7
S315020163E097C45D3FF3C5FFBE4D925D3F063A00BFBE
S315020163F0E15F5D3FFF9000BF532D5D3FE4E700BFC4
S31502016400A3FA5C3FB53E01BFD1C75C3F739501BF9D
S31502016410DD945C3F1CEC01BFC7615C3FB14202BF28
S315020164208E2E5C3F329902BF34FB5B3F9FEF02BF68
S31502016430B8C75B3FF84503BF1A945B3F3D9C03BF58
S315020164405A605B3F6DF203BF792C5B3F894804BFFB
S3150201645075F85A3F919E04BF50C45A3F84F404BF53
S3150201646009905A3F624A05BFA05B5A3F2CA005BF5D
S3150201647016275A3FE2F505BF6AF2593F824B06BF1C
S315020164809CBD593F0EA106BFAD88593F86F606BF90
S315020164909C53593FE84B07BF6A1E593F36A107BFB6
S315020164A017E9583F6FF607BFA1B3583F924B08BF92
S315020164B00B7E583FA1A008BF5348583F9BF508BF22
S315020164C07912583F7F4A09BF7FDC573F4E9F09BF6A
S315020164D063A6573F09F409BF2670573FAD480ABF65
S315020164E0C739573F3D9D0ABF4803573FB7F10ABF18
S315020164F0A7CC563F1C460BBFE595563F6B9A0BBF81
S31502016500025F563FA5EE0BBFFE27563FC9420CBF9F
S31502016510D9F0553FD7960CBF93B9553FD0EA0CBF78
S315020165202C82553FB33E0DBFA44A553F81920DBF02
S31502016530FB12553F38E60DBF31DB543FDA390EBF48
S3150201654047A3543F658D0EBF3B6B543FDBE00EBF45
S315020165500F33543F3B340FBFC3FA533F84870FBFF8
S3150201656055C2533FB8DA0FBFC789533FD52D10BF66
S315020165701851533FDC8010BF4918533FCDD310BF8A
S3150201658059DF523FA72611BF49A6523F6B7911BF68
S31502016590186D523F19CC11BFC633523FB01E12BFFE
S315020165A054FA513F307112BFC2C0513F9AC312BF52
S315020165B01087513FEE1513BF3D4D513F2A6813BF58
S315020165C04A13513F50BA13BF37D9503F5F0C14BF1C
S315020165D0039F503F585E14BFAF64503F39B014BF9A
S315020165E03B2A503F040215BFA8EF4F3FB75315BFD1
S315020165F0F4B44F3F54A515BF1F7A4F3FD9F615BFC5
S315020166002B3F4F3F474816BF17044F3F9F9916BF6F
S31502016610E4C84E3FDFEA16BF908D4E3F073C17BFD7
S315020166201C524E3F188D17BF89164E3F12DE17BFF9
S31502016630D5DA4D3FF52E18BF029F4D3FC07F18BFD9
S3150201664010634D3F73D018BFFD264D3F0F2119BF71
S31502016650CBEA4C3F947119BF79AE4C3F00C219BFC8
S3150201666008724C3F55121ABF78354C3F93621ABFD6
S31502016670C7F84B3FB8B21ABFF8BB4B3FC6021BBFA6
S31502016680097F4B3FBB521BBFFA414B3F99A21BBF2E
S31502016690CC044B3F5FF21BBF7FC74A3F0C421CBF74
S315020166A0138A4A3FA2911CBF874C4A3F1FE11CBF76
S315020166B0DC0E4A3F84301DBF12D1493FD17F1DBF37
S315020166C02993493F06CF1DBF2155493F221E1EBFB1
S315020166D0FA16493F266D1EBFB3D8483F12BC1EBFEC
S315020166E04E9A483FE50A1FBFCA5B483F9F591FBFE3
S315020166F0271D483F41A81FBF65DE473FCBF61FBF97
S31502016700849F473F3B4520BF8560473F939320BF08
S315020167106721473FD2E120BF2AE2463FF92F21BF37
S31502016720CEA2463F067E21BF5463463FFBCB21BF25
S31502016730BB23463FD71922BF03E4453F996722BFD0
S315020167402DA4453F43B522BF3964453FD30223BF3A
S315020167502624453F4B5023BFF5E3443FA99D23BF62
S31502016760A5A3443FEEEA23BF3763443F1A3824BF49
S31502016770AB22443F2C8524BF00E2433F25D224BFEE
S3150201678038A1433F041F25BF5160433FCB6B25BF51
S315020167904C1F433F77B825BF29DE423F0A0526BF74
S315020167A0E89C423F845126BF895B423FE39D26BF57
S315020167B00B1A423F2AEA26BF70D8413F563627BFF7
S315020167C0B796413F688227BFE154413F61CE27BF59
S315020167D0EC12413F401A28BFDAD0403F056628BF76
S315020167E0A98E403FB0B128BF5C4C403F41FD28BF56
S315020167F0F009403FB84829BF67C73F3F159429BFF3
S31502016800C0843F3F57DF29BFFC413F3F802A2ABF51
S315020168101BFF3E3F8E752ABF1BBC3E3F82C02ABF6D
S31502016820FF783E3F5B0B2BBFC5353E3F1B562BBF49
S315020168306EF23D3FBFA02BBFF9AE3D3F4AEB2BBFE8
S31502016840676B3D3FB9352CBFB8273D3F0F802CBF43
S31502016850ECE33C3F49CA2CBF03A03C3F69142DBF60
S31502016860FC5B3C3F6F5E2DBFD9173C3F59A82DBF3C
S3150201687098D33B3F29F22DBF3B8F3B3FDE3B2EBFD9
S31502016880C14A3B3F78852EBF29063B3FF7CE2EBF35
S3150201689075C13A3F5B182FBFA47C3A3FA5612FBF52
S315020168A0B7373A3FD3AA2FBFACF2393FE6F32FBF30
S315020168B085AD393FDE3C30BF4268393FBB8530BFCB
S315020168C0E122393F7CCE30BF65DD383F221731BF29
S315020168D0CB97383FAD5F31BF1652383F1DA831BF46
S315020168E0430C383F71F031BF55C6373FAA3832BF24
S315020168F04A80373FC78032BF233A373FC9C832BFC2
S31502016900DFF3363FAF1033BF7FAD363F7A5833BF21
S315020169100467363F29A033BF6C20363FBCE733BF3D
S31502016920B8D9353F342F34BFE792353F8F7634BF1E
S31502016930FB4B353FCFBD34BFF304353FF30435BFBF
S31502016940CFBD343FFB4B35BF8F76343FE79235BF20
S31502016950342F343FB8D935BFBCE7333F6C2036BF3D
S3150201696029A0333F046736BF7A58333F7FAD36BF1E
S31502016970AF10333FDFF336BFC9C8323F233A37BFC1
S31502016980C780323F4A8037BFAA38323F55C637BF22
S3150201699071F0313F430C38BF1DA8313F165238BF43
S315020169A0AD5F313FCB9738BF2217313F65DD38BF27
S315020169B07CCE303FE12239BFBB85303F426839BFC9
S315020169C0DE3C303F85AD39BFE6F32F3FACF239BF2E
S315020169D0D3AA2F3FB7373ABFA5612F3FA47C3ABF4F
S315020169E05B182F3F75C13ABFF7CE2E3F29063BBF33
S315020169F078852E3FC14A3BBFDE3B2E3F3B8F3BBFD5
S31502016A0029F22D3F98D33BBF59A82D3FD9173CBF39
S31502016A106F5E2D3FFC5B3CBF69142D3F03A03CBF5B
S31502016A2049CA2C3FECE33CBF0F802C3FB8273DBF40
S31502016A30B9352C3F676B3DBF4AEB2B3FF9AE3DBFE4
S31502016A40BFA02B3F6EF23DBF1B562B3FC5353EBF46
S31502016A505B0B2B3FFF783EBF82C02A3F1BBC3EBF6A
S31502016A608E752A3F1BFF3EBF802A2A3FFC413FBF4C
S31502016A7057DF293FC0843FBF1594293F67C73FBFF0
S31502016A80B848293FF00940BF41FD283F5C4C40BF51
S31502016A90B0B1283FA98E40BF0566283FDAD040BF74
S31502016AA0401A283FEC1241BF61CE273FE15441BF54
S31502016AB06882273FB79641BF5636273F70D841BFF6
S31502016AC02AEA263F0B1A42BFE39D263F895B42BF54
S31502016AD08451263FE89C42BF0A05263F29DE42BF72
S31502016AE077B8253F4C1F43BFCB6B253F516043BF50
S31502016AF0041F253F38A143BF25D2243F00E243BFED
S31502016B002C85243FAB2244BF1A38243F376344BF46
S31502016B10EEEA233FA5A344BFA99D233FF5E344BF64
S31502016B204B50233F262445BFD302233F396445BF39
S31502016B3043B5223F2DA445BF9967223F03E445BFD2
S31502016B40D719223FBB2346BFFBCB213F546346BF26
S31502016B50067E213FCEA246BFF92F213F2AE246BF3A
S31502016B60D2E1203F672147BF9393203F856047BF0C
S31502016B703B45203F849F47BFCBF61F3F65DE47BF9C
S31502016B8041A81F3F271D48BF9F591F3FCA5B48BFE8
S31502016B90E50A1F3F4E9A48BF12BC1E3FB3D848BFF3
S31502016BA0266D1E3FFA1649BF221E1E3F215549BFB9
S31502016BB006CF1D3F299349BFD17F1D3F12D149BF40
S31502016BC084301D3FDC0E4ABF1FE11C3F874C4ABF82
S31502016BD0A2911C3F138A4ABF0C421C3F7FC74ABF80
S31502016BE05FF21B3FCC044BBF99A21B3FFA414BBF3D
S31502016BF0BB521B3F097F4BBFC6021B3FF8BB4BBFB4
S31502016C00B8B21A3FC7F84BBF93621A3F78354CBFE9
S31502016C1055121A3F08724CBF00C2193F79AE4CBFDA
S31502016C209471193FCBEA4CBF0F21193FFD264DBF87
S31502016C3073D0183F10634DBFC07F183F029F4DBFEF
S31502016C40F52E183FD5DA4DBF12DE173F89164EBF14
S31502016C50188D173F1C524EBF073C173F908D4EBFF2
S31502016C60DFEA163FE4C84EBF9F99163F17044FBF8E
S31502016C704748163F2B3F4FBFD9F6153F1F7A4FBFE5
S31502016C8054A5153FF4B44FBFB753153FA8EF4FBFF5
S31502016C900402153F3B2A50BF39B0143FAF6450BFBF
S31502016CA0585E143F039F50BF5F0C143F37D950BF44
S31502016CB050BA133F4A1351BF2A68133F3D4D51BF84
S31502016CC0EE15133F108751BF9AC3123FC2C051BF7F
S31502016CD03071123F54FA51BFB01E123FC63352BF32
S31502016CE019CC113F186D52BF6B79113F49A652BF9C
S31502016CF0A726113F59DF52BFCDD3103F491853BFC3
S31502016D00DC80103F185153BFD52D103FC78953BFA1
S31502016D10B8DA0F3F55C253BF84870F3FC3FA53BF39
S31502016D203B340F3F0F3354BFDBE00E3F3B6B54BF87
S31502016D30658D0E3F47A354BFDA390E3F31DB54BF8F
S31502016D4038E60D3FFB1255BF81920D3FA44A55BF4E
S31502016D50B33E0D3F2C8255BFD0EA0C3F93B955BFC6
S31502016D60D7960C3FD9F055BFC9420C3FFE2756BFF5
S31502016D70A5EE0B3F025F56BF6B9A0B3FE59556BFD9
S31502016D801C460B3FA7CC56BFB7F10A3F480357BF74
S31502016D903D9D0A3FC73957BFAD480A3F267057BFC7
S31502016DA009F4093F63A657BF4E9F093F7FDC57BFD0
S31502016DB07F4A093F791258BF9BF5083F534858BF8E
S31502016DC0A1A0083F0B7E58BF924B083FA1B358BF03
S31502016DD06FF6073F17E958BF36A1073F6A1E59BF2B
S31502016DE0E84B073F9C5359BF86F6063FAD8859BF0C
S31502016DF00EA1063F9CBD59BF824B063F6AF259BF9F
S31502016E00E2F5053F16275ABF2CA0053FA05B5ABFE4
S31502016E10624A053F09905ABF84F4043F50C45ABFDF
S31502016E20919E043F75F85ABF8948043F792C5BBF8E
S31502016E306DF2033F5A605BBF3D9C033F1A945BBFF1
S31502016E40F845033FB8C75BBF9FEF023F34FB5BBF09
S31502016E503299023F8E2E5CBFB142023FC7615CBFCF
S31502016E601CEC013FDD945CBF7395013FD1C75CBF4A
S31502016E70B53E013FA3FA5CBFE4E7003F532D5DBF78
S31502016E80FF90003FE15F5DBF063A003F4D925DBF55
S31502016E90F3C5FF3E97C45DBFB217FF3EBEF65DBFA7
S31502016EA04A69FE3EC3285EBFBBBAFD3EA65A5EBF15
S31502016EB0040CFD3E678C5EBF275DFC3E05BE5EBFD0
S31502016EC022AEFB3E81EF5EBFF7FEFA3EDB205FBFDD
S31502016ED0A54FFA3E12525FBF2DA0F93E27835FBF2F
S31502016EE08EF0F83E19B45FBFC840F83EE9E45FBFD1
S31502016EF0DC90F73E961560BFCBE0F63E214660BFB9
S31502016F009330F63E897660BF3580F53ECFA660BFE7
S31502016F10B1CFF43EF2D660BF071FF43EF20661BF5F
S31502016F20386EF33ED03661BF43BDF23E8A6661BF1B
S31502016F30290CF23E229661BFEA5AF13E98C561BF1B
S31502016F4085A9F03EEAF461BFFBF7EF3E1A2462BF60
S31502016F504C46EF3E265362BF7994EE3E108262BFE3
S31502016F6080E2ED3ED7B062BF6330ED3E7BDF62BFAA
S31502016F70217EEC3EFC0D63BFBBCBEB3E5A3C63BFAD
S31502016F803019EB3E956A63BF8166EA3EAC9863BFF0
S31502016F90AEB3E93EA1C663BFB700E93E73F463BF70
S31502016FA09C4DE83E212264BF5D9AE73EAC4F64BF29
S31502016FB0FBE6E63E147D64BF7533E63E59AA64BF1D
S31502016FC0CB7FE53E7BD764BFFECBE43E790465BF4A
S31502016FD00E18E43E543165BFFA63E33E0B5E65BFAC
S31502016FE0C4AFE23EA08A65BF6AFBE13E10B765BF48
S31502016FF0EE46E13E5EE365BF4F92E03E880F66BF15
S315020170008DDDDF3E8E3B66BFA928DF3E716766BF17
S31502017010A273DE3E309366BF79BEDD3ECCBE66BF4D
S315020170202E09DD3E45EA66BFC153DC3E991567BFAF
S31502017030319EDB3ECA4067BF80E8DA3ED86B67BF46
S31502017040AD32DA3EC19667BFB97CD93E87C167BF09
S31502017050A3C6D83E2AEC67BF6B10D83EA81668BFF6
S31502017060135AD73E034168BF99A3D63E396B68BF0F
S31502017070FDECD53E4C9568BF4136D53E3CBF68BF57
S31502017080647FD43E07E968BF67C8D33EAE1269BFC3
S315020170904811D33E323C69BF095AD23E916569BF56
S315020170A0AAA2D13ECC8E69BF2AEBD03EE4B769BF14
S315020170B08A33D03ED7E069BFCA7BCF3EA7096ABFF2
S315020170C0EAC3CE3E52326ABFEA0BCE3ED95A6ABFF4
S315020170D0CA53CD3E3C836ABF8B9BCC3E7BAB6ABF18
S315020170E02CE3CB3E95D36ABFAE2ACB3E8CFB6ABF5D
S315020170F01072CA3E5E236BBF53B9C93E0C4B6BBFBE
S315020171007700C93E95726BBF7C47C83EFB996BBF40
S31502017110628EC73E3BC16BBF29D5C63E58E86BBFDF
S31502017120D21BC63E500F6CBF5C62C53E24366CBF95
S31502017130C8A8C43ED45C6CBF15EFC33E5E836CBF68
S315020171404435C33EC5A96CBF557BC23E07D06CBF51
S3150201715048C1C13E24F66CBF1E07C13E1D1C6DBF50
S31502017160D54CC03EF2416DBF6F92BF3EA1676DBF66
S31502017170EBD7BE3E2D8D6DBF4A1DBE3E93B26DBF8E
S315020171808B62BD3ED5D76DBFAFA7BC3EF2FC6DBFCC
S31502017190B6ECBB3EEB216EBFA031BB3EBE466EBF17
S315020171A06E76BA3E6D6B6EBF1EBBB93EF88F6EBF71
S315020171B0B2FFB83E5DB46EBF2A44B83E9ED86EBFDA
S315020171C08488B73EBAFC6EBFC3CCB63EB0206FBF51
S315020171D0E610B63E83446FBFEC54B53E30686FBFCE
S315020171E0D698B43EB88B6FBFA5DCB33E1BAF6FBF5B
S315020171F05820B33E5AD26FBFEF63B23E73F56FBFEB
S315020172006BA7B13E671870BFCBEAB03E373B70BF82
S31502017210102EB03EE15D70BF3A71AF3E668070BF1F
S3150201722049B4AE3EC6A270BF3CF7AD3E02C570BFC1
S31502017230153AAD3E17E770BFD47CAC3E080971BF63
S3150201724077BFAB3ED42A71BF0102AB3E7A4C71BF06
S315020172506F44AA3EFB6D71BFC486A93E578F71BFAB
S31502017260FEC8A83E8EB071BF1F0BA83E9FD171BF4B
S31502017270254DA73E8CF271BF128FA63E521372BFE5
S31502017280E5D0A53EF43372BF9F12A53E705472BF7C
S315020172903F54A43EC77472BFC595A33EF89472BF0C
S315020172A033D7A23E04B572BF8718A23EEBD472BF92
S315020172B0C259A13EACF472BFE59AA03E471473BF10
S315020172C0EEDB9F3EBE3373BFDF1C9F3E0E5373BF81
S315020172D0B85D9E3E397273BF789E9D3E3F9173BFE4
S315020172E020DF9C3E1FB073BFAF1F9C3ED9CE73BF3A
S315020172F027609B3E6EED73BF86A09A3EDD0B74BF7F
S31502017300CEE0993E272A74BFFE20993E4B4874BFB0
S315020173101661983E496674BF17A1973E228474BFCF
S3150201732000E1963ED5A174BFD220963E62BF74BFDC
S315020173308D60953EC9DC74BF31A0943E0BFA74BFD1
S31502017340BFDF933E271775BF351F933E1D3475BFA9
S31502017350945E923EED5075BFDD9D913E976D75BF70
S3150201736010DD903E1C8A75BF2C1C903E7BA675BF14
S31502017370325B8F3EB3C275BF229A8E3EC6DE75BFA1
S31502017380FCD88D3EB3FA75BFC0178D3E7A1676BF0D
S315020173906E568C3E1B3276BF07958B3E974D76BF56
S315020173A08AD38A3EEC6876BFF8118A3E1B8476BF81
S315020173B05050893E249F76BF938E883E07BA76BF88
S315020173C0C1CC873EC4D476BFDA0A873E5BEF76BF6D
S315020173D0DF48863ECC0977BFCE86853E172477BF26
S315020173E0AAC4843E3C3E77BF7002843E3A5877BFB8
S315020173F02240833E137277BFC07D823EC58B77BF23
S315020174004ABB813E51A577BFC0F8803EB7BE77BF62
S315020174102236803EF7D777BFE1E67E3E10F177BF8F
S3150201742056617D3E040A78BFA4DB7B3ED12278BF3A
S31502017430CB557A3E773B78BFCCCF783EF85378BFAF
S31502017440A649773E526C78BF5AC3753E868478BF89
S31502017450E83C743E939C78BF51B6723E7BB478BFCA
S31502017460942F713E3BCC78BFB2A86F3ED6E378BF6C
S31502017470AB216E3E4AFB78BF7F9A6C3E981279BF6A
S315020174802F136B3EBF2979BFBA8B693EC04079BFC4
S315020174902204683E9A5779BF667C663E4E6E79BF74
S315020174A086F4643EDC8479BF836C633E439B79BF79
S315020174B05CE4613E83B179BF135C603E9DC779BFCF
S315020174C0A8D35E3E91DD79BF1A4B5D3E5EF379BF6D
S315020174D06AC25B3E04097ABF97395A3E841E7ABF55
S315020174E0A4B0583EDD337ABF8F27573E10497ABF83
S315020174F0589E553E1C5E7ABF0115543E02737ABFF1
S31502017500898B523EC1877ABFF101513E599C7ABF9E
S3150201751038784F3ECBB07ABF60EE4D3E16C57ABF84
S3150201752067644C3E3AD97ABF4FDA4A3E37ED7ABFA3
S315020175301850493E0E017BBFC2C5473EBE147BBFF2
S315020175404D3B463E48287BBFB9B0443EAB3B7BBF71
S315020175500726433EE74E7BBF379B413EFC617BBF1D
S315020175604910403EEA747BBF3E853E3EB2877BBFF1
S3150201757015FA3C3E539A7BBFCF6E3B3ECDAC7BBFE9
S315020175806CE3393E20BF7BBFEC57383E4DD17BBF02
S3150201759050CC363E53E37BBF9840353E31F57BBF37
S315020175A0C4B4333EE9067CBFD428323E7A187CBF86
S315020175B0C99C303EE5297CBFA2102F3E283B7CBFE9
S315020175C061842D3E444C7CBF04F82B3E3A5D7CBF60
S315020175D08D6B2A3E086E7CBFFCDE283EB07E7CBFE8
S315020175E05152273E318F7CBF8CC5253E8A9F7CBF77
S315020175F0AD38243EBDAF7CBFB6AB223EC9BF7CBF10
S31502017600A51E213EAECF7CBF7B911F3E6CDF7CBFA8
S3150201761038041E3E03EF7CBFDE761C3E73FE7CBF42
S315020176206BE91A3EBC0D7DBFE05B193EDD1C7DBFD9
S315020176303DCE173ED82B7DBF8340163EAC3A7DBF69
S31502017640B2B2143E59497DBFCA24133EDE577DBFED
S31502017650CC96113E3D667DBFB708103E74747DBF60
S315020176608B7A0E3E85827DBF4AEC0C3E6E907DBFC3
S31502017670F35D0B3E309E7DBF86CF093ECCAB7DBF0F
S315020176800541083E40B97DBF6EB2063E8CC67DBF3E
S31502017690C223053EB2D37DBF0295033EB1E07DBF53
S315020176A02E06023E88ED7DBF4577003E38FA7DBF44
S315020176B092D0FD3DC2067EBF73B2FA3D24137EBF50
S315020176C02C94F73D5E1F7EBFC075F43D722B7EBFC3
S315020176D02E57F13D5E377EBF7638EE3D23437EBFA0
S315020176E09A19EB3DC14E7EBF9AFAE73D385A7EBFE3
S315020176F076DBE43D88657EBF2EBCE13DB0707EBF80
S31502017700C49CDE3DB17B7EBF377DDB3D8B867EBF72
S31502017710895DD83D3D917EBFB93DD53DC99B7EBFB1
S31502017720C81DD23D2DA67EBFB7FDCE3D69B07EBF37
S3150201773086DDCB3D7FBA7EBF36BDC83D6DC47EBFF9
S31502017740C69CC53D34CE7EBF397CC23DD4D77EBFF1
S315020177508D5BBF3D4CE17EBFC33ABC3D9DEA7EBF18
S31502017760DD19B93DC7F37EBFDAF8B53DC9FC7EBF67
S31502017770BBD7B23DA4057FBF80B6AF3D580E7FBFD2
S315020177802B95AC3DE4167FBFBA73A93D491F7FBF56
S315020177903052A63D87277FBF8C30A33D9D2F7FBFE9
S315020177A0CF0EA03D8D377FBFF9EC9C3D543F7FBF85
S315020177B00ACB993DF4467FBF05A9963D6D4E7FBF23
S315020177C0E786933DBF557FBFB464903DE95C7FBFB9
S315020177D06A428D3DEC637FBF0A208A3DC76A7FBF3D
S315020177E094FD863D7B717FBF0ADB833D08787FBFAF
S315020177F06CB8803D6D7E7FBF742B7B3DAB847FBFB2
S31502017800E9E5743DC28A7FBF38A06E3DB1907FBF64
S31502017810625A683D78967FBF6814623D189C7FBFA5
S315020178204CCE5B3D91A17FBF0E88553DE3A67FBF3E
S31502017830AF414F3D0DAC7FBF2FFB483D0FB17FBF1F
S3150201784091B4423DEAB57FBFD56D3C3D9EBA7FBF3D
S31502017850FC26363D2ABF7FBF07E02F3D8FC37FBF80
S31502017860F698293DCCC77FBFCC51233DE2CB7FBFE2
S31502017870880A1D3DD1CF7FBF2CC3163D98D37FBF4A
S31502017880B87B103D37D77FBF2F340A3DAFDA7FBFB2
S3150201789090EC033D00DE7FBFB949FB3C29E17FBF86
S315020178A02DBAEE3C2BE47FBF7B2AE23C05E77FBF84
S315020178B0A69AD53CB8E97FBFB00AC93C43EC7FBF63
S315020178C09B7ABC3CA7EE7FBF69EAAF3CE3F07FBF80
S315020178D01C5AA33CF8F27FBFB6C9963CE6F47FBFB9
S315020178E038398A3CACF67FBF4B517B3C4AF87FBFA5
S315020178F00030623CC1F97FBF900E493C11FB7FBF4C
S3150201790002ED2F3C39FC7FBF59CB163C39FD7FBFB7
S315020179103053FB3B13FE7FBF890FC93BC4FE7FBFBA
S31502017920C1CB963B4EFF7FBFC70F493BB1FF7FBF1E
S31502017930D40FC93AECFF7FBF000000000000803F70
S31502017940C70F493BB1FF7F3F890FC93BC4FE7F3F4A
S3150201795059CB163C39FD7F3F900E493C11FB7F3FC7
S315020179604B517B3C4AF87F3FB6C9963CE6F47F3FD2
S3150201797069EAAF3CE3F07F3FB00AC93C43EC7F3F83
S315020179807B2AE23C05E77F3FB949FB3C29E17F3F80
S315020179902F340A3DAFDA7F3F2CC3163D98D37F3F82
S315020179A0CC51233DE2CB7F3F07E02F3D8FC37F3F83
S315020179B0D56D3C3D9EBA7F3F2FFB483D0FB17F3FC0
S315020179C00E88553DE3A67F3F6814623D189C7F3FB2
S315020179D038A06E3DB1907F3F742B7B3DAB847F3FD8
S315020179E00ADB833D08787F3F0A208A3DC76A7F3FCB
S315020179F0B464903DE95C7F3F05A9963D6D4E7F3F9C
S31502017A00F9EC9C3D543F7F3F8C30A33D9D2F7F3F38
S31502017A10BA73A93D491F7F3F80B6AF3D580E7F3FDE
S31502017A20DAF8B53DC9FC7E3FC33ABC3D9DEA7E3FCD
S31502017A30397CC23DD4D77E3F36BDC83D6DC47E3F3B
S31502017A40B7FDCE3D69B07E3FB93DD53DC99B7E3F6F
S31502017A50377DDB3D8B867E3F2EBCE13DB0707E3F9E
S31502017A609AFAE73D385A7E3F7638EE3D23437E3F0A
S31502017A70C075F43D722B7E3F73B2FA3D24137E3FED
S31502017A804577003E38FA7D3F0295033EB1E07D3FE0
S31502017A906EB2063E8CC67D3F86CF093ECCAB7D3F9C
S31502017AA04AEC0C3E6E907D3FB708103E74747D3FE2
S31502017AB0CA24133EDE577D3F8340163EAC3A7D3FD4
S31502017AC0E05B193EDD1C7D3FDE761C3E73FE7C3F8C
S31502017AD07B911F3E6CDF7C3FB6AB223EC9BF7C3F2A
S31502017AE08CC5253E8A9F7C3FFCDE283EB07E7C3FCC
S31502017AF004F82B3E3A5D7C3FA2102F3E283B7C3F89
S31502017B00D428323E7A187C3F9840353E31F57B3F88
S31502017B10EC57383E4DD17B3FCF6E3B3ECDAC7B3FE2
S31502017B203E853E3EB2877B3F379B413EFC617B3FB2
S31502017B30B9B0443EAB3B7B3FC2C5473EBE147B3F19
S31502017B404FDA4A3E37ED7A3F60EE4D3E16C57A3F31
S31502017B50F101513E599C7A3F0115543E02737A3F17
S31502017B608F27573E10497A3F97395A3E841E7A3FEC
S31502017B701A4B5D3E5EF3793F135C603E9DC7793FCA
S31502017B80836C633E439B793F667C663E4E6E793FCC
S31502017B90BA8B693EC040793F7F9A6C3E9812793F13
S31502017BA0B2A86F3ED6E3783F51B6723E7BB4783FB8
S31502017BB05AC3753E8684783FCCCF783EF853783FD8
S31502017BC0A4DB7B3ED122783FE1E67E3E10F1773F90
S31502017BD0C0F8803EB7BE773FC07D823EC58B773FF8
S31502017BE07002843E3A58773FCE86853E1724773F08
S31502017BF0DA0A873E5BEF763F938E883E07BA763F77
S31502017C00F8118A3E1B84763F07958B3E974D763F48
S31502017C10C0178D3E7A16763F229A8E3EC6DE753F94
S31502017C202C1C903E7BA6753FDD9D913E976D753F5F
S31502017C30351F933E1D34753F31A0943E0BFA743FB6
S31502017C40D220963E62BF743F17A1973E2284743FAB
S31502017C50FE20993E4B48743F86A09A3EDD0B743F47
S31502017C60AF1F9C3ED9CE733F789E9D3E3F91733F97
S31502017C70DF1C9F3E0E53733FE59AA03E4714733FA6
S31502017C808718A23EEBD4723FC595A33EF894723F84
S31502017C909F12A53E7054723F128FA63E5213723F37
S31502017CA01F0BA83E9FD1713FC486A93E578F713FD4
S31502017CB00102AB3E7A4C713FD47CAC3E0809713F5E
S31502017CC03CF7AD3E02C5703F3A71AF3E6680703FEA
S31502017CD0CBEAB03E373B703FEF63B23E73F56F3F7F
S31502017CE0A5DCB33E1BAF6F3FEC54B53E30686F3F28
S31502017CF0C3CCB63EB0206F3F2A44B83E9ED86E3FF3
S31502017D001EBBB93EF88F6E3FA031BB3EBE466E3FEB
S31502017D10AFA7BC3EF2FC6D3F4A1DBE3E93B26D3F1C
S31502017D206F92BF3EA1676D3F1E07C13E1D1C6D3F8F
S31502017D30557BC23E07D06C3F15EFC33E5E836C3F57
S31502017D405C62C53E24366C3F29D5C63E58E86B3F78
S31502017D507C47C83EFB996B3F53B9C93E0C4B6B3FFF
S31502017D60AE2ACB3E8CFB6A3F8B9BCC3E7BAB6A3FFA
S31502017D70EA0BCE3ED95A6A3FCA7BCF3EA7096A3F72
S31502017D802AEBD03EE4B7693F095AD23E9165693F73
S31502017D9067C8D33EAE12693F4136D53E3CBF683F06
S31502017DA099A3D63E396B683F6B10D83EA816683F39
S31502017DB0B97CD93E87C1673F80E8DA3ED86B673F17
S31502017DC0C153DC3E9915673F79BEDD3ECCBE663FA7
S31502017DD0A928DF3E7167663F4F92E03E880F663FF4
S31502017DE06AFBE13E10B7653FFA63E33E0B5E653F10
S31502017DF0FECBE43E7904653F7533E63E59AA643FFC
S31502017E005D9AE73EAC4F643FB700E93E73F4633FC8
S31502017E108166EA3EAC98633FBBCBEB3E5A3C633F7D
S31502017E206330ED3E7BDF623F7994EE3E1082623F24
S31502017E30FBF7EF3E1A24623FEA5AF13E98C5613FCB
S31502017E4043BDF23E8A66613F071FF43EF206613F79
S31502017E503580F53ECFA6603FCBE0F63E2146603F38
S31502017E60C840F83EE9E45F3F2DA0F93E27835F3F14
S31502017E70F7FEFA3EDB205F3F275DFC3E05BE5E3F15
S31502017E80BBBAFD3EA65A5E3FB217FF3EBEF65D3F46
S31502017E90063A003F4D925D3FE4E7003F532D5D3FB9
S31502017EA07395013FD1C75C3FB142023FC7615C3F57
S31502017EB09FEF023F34FB5B3F3D9C033F1A945B3FBE
S31502017EC08948043F792C5B3F84F4043F50C45A3FEE
S31502017ED02CA0053FA05B5A3F824B063F6AF2593FEF
S31502017EE086F6063FAD88593F36A1073F6A1E593FBE
S31502017EF0924B083FA1B3583F9BF5083F5348583F61
S31502017F004E9F093F7FDC573FAD480A3F2670573FD8
S31502017F10B7F10A3F4803573F6B9A0B3FE595563F28
S31502017F20C9420C3FFE27563FD0EA0C3F93B9553F53
S31502017F3081920D3FA44A553FDA390E3F31DB543F58
S31502017F40DBE00E3F3B6B543F84870F3FC3FA533F3F
S31502017F50D52D103FC789533FCDD3103F4918533F03
S31502017F606B79113F49A6523FB01E123FC633523FAB
S31502017F709AC3123FC2C0513F2A68133F3D4D513F3A
S31502017F805F0C143F37D9503F39B0143FAF64503FAD
S31502017F90B753153FA8EF4F3FD9F6153F1F7A4F3F0B
S31502017FA09F99163F17044F3F073C173F908D4E3F4F
S31502017FB012DE173F89164E3FC07F183F029F4D3F83
S31502017FC00F21193FFD264D3F00C2193F79AE4C3FA5
S31502017FD093621A3F78354C3FC6021B3FF8BB4B3FB3
S31502017FE099A21B3FFA414B3F0C421C3F7FC74A3FB6
S31502017FF01FE11C3F874C4A3FD17F1D3F12D1493FAA
S31502018000221E1E3F2155493F12BC1E3FB3D8483F8F
S315020180109F591F3FCA5B483FCBF61F3F65DE473F6D
S315020180209393203F8560473FF92F213F2AE2463F3E
S31502018030FBCB213F5463463F9967223F03E4453F09
S31502018040D302233F3964453FA99D233FF5E3443FCC
S315020180501A38243F3763443F25D2243F00E2433F87
S31502018060CB6B253F5160433F0A05263F29DE423F3E
S31502018070E39D263F895B423F5636273F70D8413FF3
S3150201808061CE273FE154413F0566283FDAD0403FA2
S3150201809041FD283F5C4C403F1594293F67C73F3F4E
S315020180A0802A2A3FFC413F3F82C02A3F1BBC3E3FFA
S315020180B01B562B3FC5353E3F4AEB2B3FF9AE3D3FA3
S315020180C00F802C3FB8273D3F69142D3F03A03C3F4B
S315020180D059A82D3FD9173C3FDE3B2E3F3B8F3B3FF5
S315020180E0F7CE2E3F29063B3FA5612F3FA47C3A3F9F
S315020180F0E6F32F3FACF2393FBB85303F4268393F49
S315020181002217313F65DD383F1DA8313F1652383FF0
S31502018110AA38323F55C6373FC9C8323F233A373F9D
S315020181207A58333F7FAD363FBCE7333F6C20363F4B
S315020181308F76343FE792353FF304353FF304353FFB
S31502018140E792353F8F76343F6C20363FBCE7333FAB
S315020181507FAD363F7A58333F233A373FC9C8323F5C
S3150201816055C6373FAA38323F1652383F1DA8313F0E
S3150201817065DD383F2217313F4268393FBB85303FC3
S31502018180ACF2393FE6F32F3FA47C3A3FA5612F3F7C
S3150201819029063B3FF7CE2E3F3B8F3B3FDE3B2E3F31
S315020181A0D9173C3F59A82D3F03A03C3F69142D3FE7
S315020181B0B8273D3F0F802C3FF9AE3D3F4AEB2B3F9F
S315020181C0C5353E3F1B562B3F1BBC3E3F82C02A3F55
S315020181D0FC413F3F802A2A3F67C73F3F1594293F0B
S315020181E05C4C403F41FD283FDAD0403F0566283FBF
S315020181F0E154413F61CE273F70D8413F5636273F72
S31502018200895B423FE39D263F29DE423F0A05263F1F
S315020182105160433FCB6B253F00E2433F25D2243FCA
S315020182203763443F1A38243FF5E3443FA99D233F70
S315020182303964453FD302233F03E4453F9967223F11
S315020182405463463FFBCB213F2AE2463FF92F213FAA
S315020182508560473F9393203F65DE473FCBF61F3F3D
S31502018260CA5B483F9F591F3FB3D8483F12BC1E3FC6
S315020182702155493F221E1E3F12D1493FD17F1D3F43
S31502018280874C4A3F1FE11C3F7FC74A3F0C421C3FB6
S31502018290FA414B3F99A21B3FF8BB4B3FC6021B3F1C
S315020182A078354C3F93621A3F79AE4C3F00C2193F73
S315020182B0FD264D3F0F21193F029F4D3FC07F183FBB
S315020182C089164E3F12DE173F908D4E3F073C173FF0
S315020182D017044F3F9F99163F1F7A4F3FD9F6153F15
S315020182E0A8EF4F3FB753153FAF64503F39B0143F24
S315020182F037D9503F5F0C143F3D4D513F2A68133F1A
S31502018300C2C0513F9AC3123FC633523FB01E123FFB
S3150201831049A6523F6B79113F4918533FCDD3103FBE
S31502018320C789533FD52D103FC3FA533F84870F3F69
S315020183303B6B543FDBE00E3F31DB543FDA390E3FF4
S31502018340A44A553F81920D3F93B9553FD0EA0C3F5E
S31502018350FE27563FC9420C3FE595563F6B9A0B3FA6
S315020183604803573FB7F10A3F2670573FAD480A3FC8
S315020183707FDC573F4E9F093F5348583F9BF5083FC5
S31502018380A1B3583F924B083F6A1E593F36A1073F98
S31502018390AD88593F86F6063F6AF2593F824B063F40
S315020183A0A05B5A3F2CA0053F50C45A3F84F4043FB8
S315020183B0792C5B3F8948043F1A945B3F3D9C033FFE
S315020183C034FB5B3F9FEF023FC7615C3FB142023F15
S315020183D0D1C75C3F7395013F532D5D3FE4E7003FF3
S315020183E04D925D3F063A003FBEF65D3FB217FF3E34
S315020183F0A65A5E3FBBBAFD3E05BE5E3F275DFC3E09
S31502018400DB205F3FF7FEFA3E27835F3F2DA0F93E51
S31502018410E9E45F3FC840F83E2146603FCBE0F63EC5
S31502018420CFA6603F3580F53EF206613F071FF43E57
S315020184308A66613F43BDF23E98C5613FEA5AF13E03
S315020184401A24623FFBF7EF3E1082623F7994EE3EB9
S315020184507BDF623F6330ED3E5A3C633FBBCBEB3E73
S31502018460AC98633F8166EA3E73F4633FB700E93E27
S31502018470AC4F643F5D9AE73E59AA643F7533E63EC7
S315020184807904653FFECBE43E0B5E653FFA63E33E4C
S3150201849010B7653F6AFBE13E880F663F4F92E03EA9
S315020184A07167663FA928DF3ECCBE663F79BEDD3ED7
S315020184B09915673FC153DC3ED86B673F80E8DA3EC8
S315020184C087C1673FB97CD93EA816683F6B10D83E73
S315020184D0396B683F99A3D63E3CBF683F4136D53ECC
S315020184E0AE12693F67C8D33E9165693F095AD23ECA
S315020184F0E4B7693F2AEBD03EA7096A3FCA7BCF3E62
S31502018500D95A6A3FEA0BCE3E7BAB6A3F8B9BCC3E86
S315020185108CFB6A3FAE2ACB3E0C4B6B3F53B9C93E2D
S31502018520FB996B3F7C47C83E58E86B3F29D5C63E4F
S3150201853024366C3F5C62C53E5E836C3F15EFC33EDB
S3150201854007D06C3F557BC23E1D1C6D3F1E07C13EC7
S31502018550A1676D3F6F92BF3E93B26D3F4A1DBE3E0C
S31502018560F2FC6D3FAFA7BC3EBE466E3FA031BB3E9D
S31502018570F88F6E3F1EBBB93E9ED86E3F2A44B83E67
S31502018580B0206F3FC3CCB63E30686F3FEC54B53E68
S315020185901BAF6F3FA5DCB33E73F56F3FEF63B23E90
S315020185A0373B703FCBEAB03E6680703F3A71AF3ED1
S315020185B002C5703F3CF7AD3E0809713FD47CAC3E23
S315020185C07A4C713F0102AB3E578F713FC486A93E79
S315020185D09FD1713F1F0BA83E5213723F128FA63EC7
S315020185E07054723F9F12A53EF894723FC595A33E01
S315020185F0EBD4723F8718A23E4714733FE59AA03E19
S315020186000E53733FDF1C9F3E3F91733F789E9D3E03
S31502018610D9CE733FAF1F9C3EDD0B743F86A09A3EB7
S315020186204B48743FFE20993E2284743F17A1973E20
S3150201863062BF743FD220963E0BFA743F31A0943E3C
S315020186401D34753F351F933E976D753FDD9D913EF6
S315020186507BA6753F2C1C903EC6DE753F229A8E3E46
S315020186607A16763FC0178D3E974D763F07958B3E1C
S315020186701B84763FF8118A3E07BA763F938E883E6F
S315020186805BEF763FDA0A873E1724773FCE86853E31
S315020186903A58773F7002843EC58B773FC07D823E52
S315020186A0B7BE773FC0F8803E10F1773FE1E67E3EE6
S315020186B0D122783FA4DB7B3EF853783FCCCF783E7C
S315020186C08684783F5AC3753E7BB4783F51B6723E73
S315020186D0D6E3783FB2A86F3E9812793F7F9A6C3EF5
S315020186E0C040793FBA8B693E4E6E793F667C663EE3
S315020186F0439B793F836C633E9DC7793F135C603E22
S315020187005EF3793F1A4B5D3E841E7A3F97395A3E94
S3150201871010497A3F8F27573E02737A3F0115543E1D
S31502018720599C7A3FF101513E16C57A3F60EE4D3EA4
S3150201873037ED7A3F4FDA4A3EBE147B3FC2C5473E0A
S31502018740AB3B7B3FB9B0443EFC617B3F379B413E2D
S31502018750B2877B3F3E853E3ECDAC7B3FCF6E3B3EF5
S315020187604DD17B3FEC57383E31F57B3F9840353E44
S315020187707A187C3FD428323E283B7C3FA2102F3EFA
S315020187803A5D7C3F04F82B3EB07E7C3FFCDE283E00
S315020187908A9F7C3F8CC5253EC9BF7C3FB6AB223E34
S315020187A06CDF7C3F7B911F3E73FE7C3FDE761C3E77
S315020187B0DD1C7D3FE05B193EAC3A7D3F8340163EB0
S315020187C0DE577D3FCA24133E74747D3FB708103EBF
S315020187D06E907D3F4AEC0C3ECCAB7D3F86CF093E87
S315020187E08CC67D3F6EB2063EB1E07D3F0295033EE9
S315020187F038FA7D3F4577003E24137E3F73B2FA3D38
S31502018800722B7E3FC075F43D23437E3F7638EE3DA3
S31502018810385A7E3F9AFAE73DB0707E3F2EBCE13D63
S315020188208B867E3F377DDB3DC99B7E3FB93DD53D7C
S3150201883069B07E3FB7FDCE3D6DC47E3F36BDC83DB4
S31502018840D4D77E3F397CC23D9DEA7E3FC33ABC3DC9
S31502018850C9FC7E3FDAF8B53D580E7F3F80B6AF3D83
S31502018860491F7F3FBA73A93D9D2F7F3F8C30A33DA0
S31502018870543F7F3FF9EC9C3D6D4E7F3F05A9963DE6
S31502018880E95C7F3FB464903DC76A7F3F0A208A3D17
S3150201889008787F3F0ADB833DAB847F3F742B7B3DA8
S315020188A0B1907F3F38A06E3D189C7F3F6814623DB0
S315020188B0E3A67F3F0E88553D0FB17F3F2FFB483D13
S315020188C09EBA7F3FD56D3C3D8FC37F3F07E02F3D6B
S315020188D0E2CB7F3FCC51233D98D37F3F2CC3163D3C
S315020188E0AFDA7F3F2F340A3D29E17F3FB949FB3C8D
S315020188F005E77F3F7B2AE23C43EC7F3FB00AC93C56
S31502018900E3F07F3F69EAAF3CE6F47F3FB6C9963CA6
S315020189104AF87F3F4B517B3C11FB7F3F900E493C0E
S3150201892039FD7F3F59CB163CC4FE7F3F890FC93BB8
S31502018930B1FF7F3FC70F493B0000803F00000000A7
S31502018940B1FF7F3FC70F49BBC4FE7F3F890FC9BB3A
S3150201895039FD7F3F59CB16BC11FB7F3F900E49BCB7
S315020189604AF87F3F4B517BBCE6F47F3FB6C996BCC2
S31502018970E3F07F3F69EAAFBC43EC7F3FB00AC9BC73
S3150201898005E77F3F7B2AE2BC29E17F3FB949FBBC70
S31502018990AFDA7F3F2F340ABD98D37F3F2CC316BD72
S315020189A0E2CB7F3FCC5123BD8FC37F3F07E02FBD73
S315020189B09EBA7F3FD56D3CBD0FB17F3F2FFB48BDB0
S315020189C0E3A67F3F0E8855BD189C7F3F681462BDA2
S315020189D0B1907F3F38A06EBDAB847F3F742B7BBDC8
S315020189E008787F3F0ADB83BDC76A7F3F0A208ABDBB
S315020189F0E95C7F3FB46490BD6D4E7F3F05A996BD8C
S31502018A00543F7F3FF9EC9CBD9D2F7F3F8C30A3BD28
S31502018A10491F7F3FBA73A9BD580E7F3F80B6AFBDCE
S31502018A20C9FC7E3FDAF8B5BD9DEA7E3FC33ABCBDBD
S31502018A30D4D77E3F397CC2BD6DC47E3F36BDC8BD2B
S31502018A4069B07E3FB7FDCEBDC99B7E3FB93DD5BD5F
S31502018A508B867E3F377DDBBDB0707E3F2EBCE1BD8E
S31502018A60385A7E3F9AFAE7BD23437E3F7638EEBDFA
S31502018A70722B7E3FC075F4BD24137E3F73B2FABDDD
S31502018A8038FA7D3F457700BEB1E07D3F029503BED0
S31502018A908CC67D3F6EB206BECCAB7D3F86CF09BE8C
S31502018AA06E907D3F4AEC0CBE74747D3FB70810BED2
S31502018AB0DE577D3FCA2413BEAC3A7D3F834016BEC4
S31502018AC0DD1C7D3FE05B19BE73FE7C3FDE761CBE7C
S31502018AD06CDF7C3F7B911FBEC9BF7C3FB6AB22BE1A
S31502018AE08A9F7C3F8CC525BEB07E7C3FFCDE28BEBC
S31502018AF03A5D7C3F04F82BBE283B7C3FA2102FBE79
S31502018B007A187C3FD42832BE31F57B3F984035BE78
S31502018B104DD17B3FEC5738BECDAC7B3FCF6E3BBED2
S31502018B20B2877B3F3E853EBEFC617B3F379B41BEA2
S31502018B30AB3B7B3FB9B044BEBE147B3FC2C547BE09
S31502018B4037ED7A3F4FDA4ABE16C57A3F60EE4DBE21
S31502018B50599C7A3FF10151BE02737A3F011554BE07
S31502018B6010497A3F8F2757BE841E7A3F97395ABEDC
S31502018B705EF3793F1A4B5DBE9DC7793F135C60BEBA
S31502018B80439B793F836C63BE4E6E793F667C66BEBC
S31502018B90C040793FBA8B69BE9812793F7F9A6CBE03
S31502018BA0D6E3783FB2A86FBE7BB4783F51B672BEA8
S31502018BB08684783F5AC375BEF853783FCCCF78BEC8
S31502018BC0D122783FA4DB7BBE10F1773FE1E67EBE80
S31502018BD0B7BE773FC0F880BEC58B773FC07D82BEE8
S31502018BE03A58773F700284BE1724773FCE8685BEF8
S31502018BF05BEF763FDA0A87BE07BA763F938E88BE67
S31502018C001B84763FF8118ABE974D763F07958BBE38
S31502018C107A16763FC0178DBEC6DE753F229A8EBE84
S31502018C207BA6753F2C1C90BE976D753FDD9D91BE4F
S31502018C301D34753F351F93BE0BFA743F31A094BEA6
S31502018C4062BF743FD22096BE2284743F17A197BE9B
S31502018C504B48743FFE2099BEDD0B743F86A09ABE37
S31502018C60D9CE733FAF1F9CBE3F91733F789E9DBE87
S31502018C700E53733FDF1C9FBE4714733FE59AA0BE96
S31502018C80EBD4723F8718A2BEF894723FC595A3BE74
S31502018C907054723F9F12A5BE5213723F128FA6BE27
S31502018CA09FD1713F1F0BA8BE578F713FC486A9BEC4
S31502018CB07A4C713F0102ABBE0809713FD47CACBE4E
S31502018CC002C5703F3CF7ADBE6680703F3A71AFBEDA
S31502018CD0373B703FCBEAB0BE73F56F3FEF63B2BE6F
S31502018CE01BAF6F3FA5DCB3BE30686F3FEC54B5BE18
S31502018CF0B0206F3FC3CCB6BE9ED86E3F2A44B8BEE3
S31502018D00F88F6E3F1EBBB9BEBE466E3FA031BBBEDB
S31502018D10F2FC6D3FAFA7BCBE93B26D3F4A1DBEBE0C
S31502018D20A1676D3F6F92BFBE1D1C6D3F1E07C1BE7F
S31502018D3007D06C3F557BC2BE5E836C3F15EFC3BE47
S31502018D4024366C3F5C62C5BE58E86B3F29D5C6BE68
S31502018D50FB996B3F7C47C8BE0C4B6B3F53B9C9BEEF
S31502018D608CFB6A3FAE2ACBBE7BAB6A3F8B9BCCBEEA
S31502018D70D95A6A3FEA0BCEBEA7096A3FCA7BCFBE62
S31502018D80E4B7693F2AEBD0BE9165693F095AD2BE63
S31502018D90AE12693F67C8D3BE3CBF683F4136D5BEF6
S31502018DA0396B683F99A3D6BEA816683F6B10D8BE29
S31502018DB087C1673FB97CD9BED86B673F80E8DABE07
S31502018DC09915673FC153DCBECCBE663F79BEDDBE97
S31502018DD07167663FA928DFBE880F663F4F92E0BEE4
S31502018DE010B7653F6AFBE1BE0B5E653FFA63E3BE00
S31502018DF07904653FFECBE4BE59AA643F7533E6BEEC
S31502018E00AC4F643F5D9AE7BE73F4633FB700E9BEB8
S31502018E10AC98633F8166EABE5A3C633FBBCBEBBE6D
S31502018E207BDF623F6330EDBE1082623F7994EEBE14
S31502018E301A24623FFBF7EFBE98C5613FEA5AF1BEBB
S31502018E408A66613F43BDF2BEF206613F071FF4BE69
S31502018E50CFA6603F3580F5BE2146603FCBE0F6BE28
S31502018E60E9E45F3FC840F8BE27835F3F2DA0F9BE04
S31502018E70DB205F3FF7FEFABE05BE5E3F275DFCBE05
S31502018E80A65A5E3FBBBAFDBEBEF65D3FB217FFBE36
S31502018E904D925D3F063A00BF532D5D3FE4E700BFA9
S31502018EA0D1C75C3F739501BFC7615C3FB14202BF47
S31502018EB034FB5B3F9FEF02BF1A945B3F3D9C03BFAE
S31502018EC0792C5B3F894804BF50C45A3F84F404BFDE
S31502018ED0A05B5A3F2CA005BF6AF2593F824B06BFDF
S31502018EE0AD88593F86F606BF6A1E593F36A107BFAE
S31502018EF0A1B3583F924B08BF5348583F9BF508BF51
S31502018F007FDC573F4E9F09BF2670573FAD480ABFC8
S31502018F104803573FB7F10ABFE595563F6B9A0BBF18
S31502018F20FE27563FC9420CBF93B9553FD0EA0CBF43
S31502018F30A44A553F81920DBF31DB543FDA390EBF48
S31502018F403B6B543FDBE00EBFC3FA533F84870FBF2F
S31502018F50C789533FD52D10BF4918533FCDD310BFF3
S31502018F6049A6523F6B7911BFC633523FB01E12BF9B
S31502018F70C2C0513F9AC312BF3D4D513F2A6813BF2A
S31502018F8037D9503F5F0C14BFAF64503F39B014BF9D
S31502018F90A8EF4F3FB75315BF1F7A4F3FD9F615BFFB
S31502018FA017044F3F9F9916BF908D4E3F073C17BF3F
S31502018FB089164E3F12DE17BF029F4D3FC07F18BF73
S31502018FC0FD264D3F0F2119BF79AE4C3F00C219BF95
S31502018FD078354C3F93621ABFF8BB4B3FC6021BBFA3
S31502018FE0FA414B3F99A21BBF7FC74A3F0C421CBFA6
S31502018FF0874C4A3F1FE11CBF12D1493FD17F1DBF9A
S315020190002155493F221E1EBFB3D8483F12BC1EBF7F
S31502019010CA5B483F9F591FBF65DE473FCBF61FBF5D
S315020190208560473F939320BF2AE2463FF92F21BF2E
S315020190305463463FFBCB21BF03E4453F996722BFF9
S315020190403964453FD30223BFF5E3443FA99D23BFBC
S315020190503763443F1A3824BF00E2433F25D224BF77
S315020190605160433FCB6B25BF29DE423F0A0526BF2E
S31502019070895B423FE39D26BF70D8413F563627BFE3
S31502019080E154413F61CE27BFDAD0403F056628BF92
S315020190905C4C403F41FD28BF67C73F3F159429BF3E
S315020190A0FC413F3F802A2ABF1BBC3E3F82C02ABFEA
S315020190B0C5353E3F1B562BBFF9AE3D3F4AEB2BBF93
S315020190C0B8273D3F0F802CBF03A03C3F69142DBF3B
S315020190D0D9173C3F59A82DBF3B8F3B3FDE3B2EBFE5
S315020190E029063B3FF7CE2EBFA47C3A3FA5612FBF8F
S315020190F0ACF2393FE6F32FBF4268393FBB8530BF39
S3150201910065DD383F221731BF1652383F1DA831BFE0
S3150201911055C6373FAA3832BF233A373FC9C832BF8D
S315020191207FAD363F7A5833BF6C20363FBCE733BF3B
S31502019130E792353F8F7634BFF304353FF30435BFEB
S315020191408F76343FE79235BFBCE7333F6C2036BF9B
S315020191507A58333F7FAD36BFC9C8323F233A37BF4C
S31502019160AA38323F55C637BF1DA8313F165238BFFE
S315020191702217313F65DD38BFBB85303F426839BFB3
S31502019180E6F32F3FACF239BFA5612F3FA47C3ABF6C
S31502019190F7CE2E3F29063BBFDE3B2E3F3B8F3BBF21
S315020191A059A82D3FD9173CBF69142D3F03A03CBFD7
S315020191B00F802C3FB8273DBF4AEB2B3FF9AE3DBF8F
S315020191C01B562B3FC5353EBF82C02A3F1BBC3EBF45
S315020191D0802A2A3FFC413FBF1594293F67C73FBFFB
S315020191E041FD283F5C4C40BF0566283FDAD040BFAF
S315020191F061CE273FE15441BF5636273F70D841BF62
S31502019200E39D263F895B42BF0A05263F29DE42BF0F
S31502019210CB6B253F516043BF25D2243F00E243BFBA
S315020192201A38243F376344BFA99D233FF5E344BF60
S31502019230D302233F396445BF9967223F03E445BF01
S31502019240FBCB213F546346BFF92F213F2AE246BF9A
S315020192509393203F856047BFCBF61F3F65DE47BF2D
S315020192609F591F3FCA5B48BF12BC1E3FB3D848BFB6
S31502019270221E1E3F215549BFD17F1D3F12D149BF33
S315020192801FE11C3F874C4ABF0C421C3F7FC74ABFA6
S3150201929099A21B3FFA414BBFC6021B3FF8BB4BBF0C
S315020192A093621A3F78354CBF00C2193F79AE4CBF63
S315020192B00F21193FFD264DBFC07F183F029F4DBFAB
S315020192C012DE173F89164EBF073C173F908D4EBFE0
S315020192D09F99163F17044FBFD9F6153F1F7A4FBF05
S315020192E0B753153FA8EF4FBF39B0143FAF6450BF14
S315020192F05F0C143F37D950BF2A68133F3D4D51BF0A
S315020193009AC3123FC2C051BFB01E123FC63352BFEB
S315020193106B79113F49A652BFCDD3103F491853BFAE
S31502019320D52D103FC78953BF84870F3FC3FA53BF59
S31502019330DBE00E3F3B6B54BFDA390E3F31DB54BFE4
S3150201934081920D3FA44A55BFD0EA0C3F93B955BF4E
S31502019350C9420C3FFE2756BF6B9A0B3FE59556BF96
S31502019360B7F10A3F480357BFAD480A3F267057BFB8
S315020193704E9F093F7FDC57BF9BF5083F534858BFB5
S31502019380924B083FA1B358BF36A1073F6A1E59BF88
S3150201939086F6063FAD8859BF824B063F6AF259BF30
S315020193A02CA0053FA05B5ABF84F4043F50C45ABFA8
S315020193B08948043F792C5BBF3D9C033F1A945BBFEE
S315020193C09FEF023F34FB5BBFB142023FC7615CBF05
S315020193D07395013FD1C75CBFE4E7003F532D5DBFE3
S315020193E0063A003F4D925DBFB217FF3EBEF65DBF24
S315020193F0BBBAFD3EA65A5EBF275DFC3E05BE5EBFF9
S31502019400F7FEFA3EDB205FBF2DA0F93E27835FBF41
S31502019410C840F83EE9E45FBFCBE0F63E214660BFB5
S315020194203580F53ECFA660BF071FF43EF20661BF47
S3150201943043BDF23E8A6661BFEA5AF13E98C561BFF3
S31502019440FBF7EF3E1A2462BF7994EE3E108262BFA9
S315020194506330ED3E7BDF62BFBBCBEB3E5A3C63BF63
S315020194608166EA3EAC9863BFB700E93E73F463BF17
S315020194705D9AE73EAC4F64BF7533E63E59AA64BFB7
S31502019480FECBE43E790465BFFA63E33E0B5E65BF3C
S315020194906AFBE13E10B765BF4F92E03E880F66BF99
S315020194A0A928DF3E716766BF79BEDD3ECCBE66BFC7
S315020194B0C153DC3E991567BF80E8DA3ED86B67BFB8
S315020194C0B97CD93E87C167BF6B10D83EA81668BF63
S315020194D099A3D63E396B68BF4136D53E3CBF68BFBC
S315020194E067C8D33EAE1269BF095AD23E916569BFBA
S315020194F02AEBD03EE4B769BFCA7BCF3EA7096ABF52
S31502019500EA0BCE3ED95A6ABF8B9BCC3E7BAB6ABF76
S31502019510AE2ACB3E8CFB6ABF53B9C93E0C4B6BBF1D
S315020195207C47C83EFB996BBF29D5C63E58E86BBF3F
S315020195305C62C53E24366CBF15EFC33E5E836CBFCB
S31502019540557BC23E07D06CBF1E07C13E1D1C6DBFB7
S315020195506F92BF3EA1676DBF4A1DBE3E93B26DBFFC
S31502019560AFA7BC3EF2FC6DBFA031BB3EBE466EBF8D
S315020195701EBBB93EF88F6EBF2A44B83E9ED86EBF57
S31502019580C3CCB63EB0206FBFEC54B53E30686FBF58
S31502019590A5DCB33E1BAF6FBFEF63B23E73F56FBF80
S315020195A0CBEAB03E373B70BF3A71AF3E668070BFC1
S315020195B03CF7AD3E02C570BFD47CAC3E080971BF13
S315020195C00102AB3E7A4C71BFC486A93E578F71BF69
S315020195D01F0BA83E9FD171BF128FA63E521372BFB7
S315020195E09F12A53E705472BFC595A33EF89472BFF1
S315020195F08718A23EEBD472BFE59AA03E471473BF09
S31502019600DF1C9F3E0E5373BF789E9D3E3F9173BFF3
S31502019610AF1F9C3ED9CE73BF86A09A3EDD0B74BFA7
S31502019620FE20993E4B4874BF17A1973E228474BF10
S31502019630D220963E62BF74BF31A0943E0BFA74BF2C
S31502019640351F933E1D3475BFDD9D913E976D75BFE6
S315020196502C1C903E7BA675BF229A8E3EC6DE75BF36
S31502019660C0178D3E7A1676BF07958B3E974D76BF0C
S31502019670F8118A3E1B8476BF938E883E07BA76BF5F
S31502019680DA0A873E5BEF76BFCE86853E172477BF21
S315020196907002843E3A5877BFC07D823EC58B77BF42
S315020196A0C0F8803EB7BE77BFE1E67E3E10F177BFD6
S315020196B0A4DB7B3ED12278BFCCCF783EF85378BF6C
S315020196C05AC3753E868478BF51B6723E7BB478BF63
S315020196D0B2A86F3ED6E378BF7F9A6C3E981279BFE5
S315020196E0BA8B693EC04079BF667C663E4E6E79BFD3
S315020196F0836C633E439B79BF135C603E9DC779BF12
S315020197001A4B5D3E5EF379BF97395A3E841E7ABF84
S315020197108F27573E10497ABF0115543E02737ABF0D
S31502019720F101513E599C7ABF60EE4D3E16C57ABF94
S315020197304FDA4A3E37ED7ABFC2C5473EBE147BBFFA
S31502019740B9B0443EAB3B7BBF379B413EFC617BBF1D
S315020197503E853E3EB2877BBFCF6E3B3ECDAC7BBFE5
S31502019760EC57383E4DD17BBF9840353E31F57BBF34
S31502019770D428323E7A187CBFA2102F3E283B7CBFEA
S3150201978004F82B3E3A5D7CBFFCDE283EB07E7CBFF0
S315020197908CC5253E8A9F7CBFB6AB223EC9BF7CBF24
S315020197A07B911F3E6CDF7CBFDE761C3E73FE7CBF67
S315020197B0E05B193EDD1C7DBF8340163EAC3A7DBFA0
S315020197C0CA24133EDE577DBFB708103E74747DBFAF
S315020197D04AEC0C3E6E907DBF86CF093ECCAB7DBF77
S315020197E06EB2063E8CC67DBF0295033EB1E07DBFD9
S315020197F04577003E38FA7DBF73B2FA3D24137EBF28
S31502019800C075F43D722B7EBF7638EE3D23437EBF93
S315020198109AFAE73D385A7EBF2EBCE13DB0707EBF53
S31502019820377DDB3D8B867EBFB93DD53DC99B7EBF6C
S31502019830B7FDCE3D69B07EBF36BDC83D6DC47EBFA4
S31502019840397CC23DD4D77EBFC33ABC3D9DEA7EBFB9
S31502019850DAF8B53DC9FC7EBF80B6AF3D580E7FBF73
S31502019860BA73A93D491F7FBF8C30A33D9D2F7FBF90
S31502019870F9EC9C3D543F7FBF05A9963D6D4E7FBFD6
S31502019880B464903DE95C7FBF0A208A3DC76A7FBF07
S315020198900ADB833D08787FBF742B7B3DAB847FBF98
S315020198A038A06E3DB1907FBF6814623D189C7FBFA0
S315020198B00E88553DE3A67FBF2FFB483D0FB17FBF03
S315020198C0D56D3C3D9EBA7FBF07E02F3D8FC37FBF5B
S315020198D0CC51233DE2CB7FBF2CC3163D98D37FBF2C
S315020198E02F340A3DAFDA7FBFB949FB3C29E17FBF7D
S315020198F07B2AE23C05E77FBFB00AC93C43EC7FBF46
S3150201990069EAAF3CE3F07FBFB6C9963CE6F47FBF96
S315020199104B517B3C4AF87FBF900E493C11FB7FBFFE
S3150201992059CB163C39FD7FBF890FC93BC4FE7FBFA8
S31502019930C70F493BB1FF7FBF000000000000803F17
S31502019940890FC93BC4FE7F3F900E493C11FB7F3F05
S31502019950B6C9963CE6F47F3FB00AC93C43EC7F3F69
S31502019960B949FB3C29E17F3F2CC3163D98D37F3F82
S3150201997007E02F3D8FC37F3F2FFB483D0FB17F3F4E
S315020199806814623D189C7F3F742B7B3DAB847F3FFD
S315020199900A208A3DC76A7F3F05A9963D6D4E7F3FE4
S315020199A08C30A33D9D2F7F3F80B6AF3D580E7F3F42
S315020199B0C33ABC3D9DEA7E3F36BDC83D6DC47E3F7E
S315020199C0B93DD53DC99B7E3F2EBCE13DB0707E3F80
S315020199D07638EE3D23437E3F73B2FA3D24137E3F32
S315020199E00295033EB1E07D3F86CF093ECCAB7D3F7A
S315020199F0B708103E74747D3F8340163EAC3A7D3FF4
S31502019A00DE761C3E73FE7C3FB6AB223EC9BF7C3F6F
S31502019A10FCDE283EB07E7C3FA2102F3E283B7C3FD7
S31502019A209840353E31F57B3FCF6E3B3ECDAC7B3F19
S31502019A30379B413EFC617B3FC2C5473EBE147B3F1D
S31502019A4060EE4D3E16C57A3F0115543E02737A3FCA
S31502019A5097395A3E841E7A3F135C603E9DC7793F11
S31502019A60667C663E4E6E793F7F9A6C3E9812793FCE
S31502019A7051B6723E7BB4783FCCCF783EF853783FED
S31502019A80E1E67E3E10F1773FC07D823EC58B773F90
S31502019A90CE86853E1724773F938E883E07BA763F58
S31502019AA007958B3E974D763F229A8E3EC6DE753FCF
S31502019AB0DD9D913E976D753F31A0943E0BFA743F41
S31502019AC017A1973E2284743F86A09A3EDD0B743F0E
S31502019AD0789E9D3E3F91733FE59AA03E4714733FA0
S31502019AE0C595A33EF894723F128FA63E5213723F5A
S31502019AF0C486A93E578F713FD47CAC3E0809713F9B
S31502019B003A71AF3E6680703FEF63B23E73F56F3FC7
S31502019B10EC54B53E30686F3F2A44B83E9ED86E3F3C
S31502019B20A031BB3EBE466E3F4A1DBE3E93B26D3F5D
S31502019B301E07C13E1D1C6D3F15EFC33E5E836C3F82
S31502019B4029D5C63E58E86B3F53B9C93E0C4B6B3F0C
S31502019B508B9BCC3E7BAB6A3FCA7BCF3EA7096A3F52
S31502019B60095AD23E9165693F4136D53E3CBF683FAF
S31502019B706B10D83EA816683F80E8DA3ED86B673F7D
S31502019B8079BEDD3ECCBE663F4F92E03E880F663F10
S31502019B90FA63E33E0B5E653F7533E63E59AA643FBF
S31502019BA0B700E93E73F4633FBBCBEB3E5A3C633FDE
S31502019BB07994EE3E1082623FEA5AF13E98C5613FC0
S31502019BC0071FF43EF206613FCBE0F63E2146603FB7
S31502019BD02DA0F93E27835F3F275DFC3E05BE5E3F12
S31502019BE0B217FF3EBEF65D3FE4E7003F532D5D3FF0
S31502019BF0B142023FC7615C3F3D9C033F1A945B3F02
S31502019C0084F4043F50C45A3F824B063F6AF2593FDD
S31502019C1036A1073F6A1E593F9BF5083F5348583FF5
S31502019C20AD480A3F2670573F6B9A0B3FE595563F63
S31502019C30D0EA0C3F93B9553FDA390E3F31DB543F37
S31502019C4084870F3FC3FA533FCDD3103F4918533F81
S31502019C50B01E123FC633523F2A68133F3D4D513F54
S31502019C6039B0143FAF64503FD9F6153F1F7A4F3FC3
S31502019C70073C173F908D4E3FC07F183F029F4D3FD5
S31502019C8000C2193F79AE4C3FC6021B3FF8BB4B3FA0
S31502019C900C421C3F7FC74A3FD17F1D3F12D1493F2C
S31502019CA012BC1E3FB3D8483FCBF61F3F65DE473F86
S31502019CB0F92F213F2AE2463F9967223F03E4453FB6
S31502019CC0A99D233FF5E3443F25D2243F00E2433FCA
S31502019CD00A05263F29DE423F5636273F70D8413FC5
S31502019CE00566283FDAD0403F1594293F67C73F3FB3
S31502019CF082C02A3F1BBC3E3F4AEB2B3FF9AE3D3F9A
S31502019D0069142D3F03A03C3FDE3B2E3F3B8F3B3F79
S31502019D10A5612F3FA47C3A3FBB85303F4268393F5C
S31502019D201DA8313F1652383FC9C8323F233A373F41
S31502019D30BCE7333F6C20363FF304353FF304353F2E
S31502019D406C20363FBCE7333F233A373FC9C8323F1F
S31502019D501652383F1DA8313F4268393FBB85303F15
S31502019D60A47C3A3FA5612F3F3B8F3B3FDE3B2E3F13
S31502019D7003A03C3F69142D3FF9AE3D3F4AEB2B3F11
S31502019D801BBC3E3F82C02A3F67C73F3F1594293F0E
S31502019D90DAD0403F0566283F70D8413F5636273F05
S31502019DA029DE423F0A05263F00E2433F25D2243FF0
S31502019DB0F5E3443FA99D233F03E4453F9967223FCB
S31502019DC02AE2463FF92F213F65DE473FCBF61F3F89
S31502019DD0B3D8483F12BC1E3F12D1493FD17F1D3F26
S31502019DE07FC74A3F0C421C3FF8BB4B3FC6021B3F93
S31502019DF079AE4C3F00C2193F029F4D3FC07F183FCB
S31502019E00908D4E3F073C173F1F7A4F3FD9F6153FBC
S31502019E10AF64503F39B0143F3D4D513F2A68133F5D
S31502019E20C633523FB01E123F4918533FCDD3103F9E
S31502019E30C3FA533F84870F3F31DB543FDA390E3F72
S31502019E4093B9553FD0EA0C3FE595563F6B9A0B3FC6
S31502019E502670573FAD480A3F5348583F9BF5083F86
S31502019E606A1E593F36A1073F6AF2593F824B063FA6
S31502019E7050C45A3F84F4043F1A945B3F3D9C033F0E
S31502019E80C7615C3FB142023F532D5D3FE4E7003FAC
S31502019E90BEF65D3FB217FF3E05BE5E3F275DFC3E45
S31502019EA027835F3F2DA0F93E2146603FCBE0F63E78
S31502019EB0F206613F071FF43E98C5613FEA5AF13E39
S31502019EC01082623F7994EE3E5A3C633FBBCBEB3E36
S31502019ED073F4633FB700E93E59AA643F7533E63E20
S31502019EE00B5E653FFA63E33E880F663F4F92E03EA3
S31502019EF0CCBE663F79BEDD3ED86B673F80E8DA3E6F
S31502019F00A816683F6B10D83E3CBF683F4136D53E26
S31502019F109165693F095AD23EA7096A3FCA7BCF3E7C
S31502019F207BAB6A3F8B9BCC3E0C4B6B3F53B9C93E15
S31502019F3058E86B3F29D5C63E5E836C3F15EFC33E9B
S31502019F401D1C6D3F1E07C13E93B26D3F4A1DBE3EAB
S31502019F50BE466E3FA031BB3E9ED86E3F2A44B83EF6
S31502019F6030686F3FEC54B53E73F56F3FEF63B23E17
S31502019F706680703F3A71AF3E0809713FD47CAC3EB0
S31502019F80578F713FC486A93E5213723F128FA63E66
S31502019F90F894723FC595A33E4714733FE59AA03ED6
S31502019FA03F91733F789E9D3EDD0B743F86A09A3E9C
S31502019FB02284743F17A1973E0BFA743F31A0943E57
S31502019FC0976D753FDD9D913EC6DE753F229A8E3EA7
S31502019FD0974D763F07958B3E07BA763F938E883E1D
S31502019FE01724773FCE86853EC58B773FC07D823E5D
S31502019FF010F1773FE1E67E3EF853783FCCCF783ECB
S3150201A0007BB4783F51B6723E9812793F7F9A6C3E85
S3150201A0104E6E793F667C663E9DC7793F135C603E14
S3150201A020841E7A3F97395A3E02737A3F0115543E8E
S3150201A03016C57A3F60EE4D3EBE147B3FC2C5473E12
S3150201A040FC617B3F379B413ECDAC7B3FCF6E3B3EB6
S3150201A05031F57B3F9840353E283B7C3FA2102F3E8F
S3150201A060B07E7C3FFCDE283EC9BF7C3FB6AB223EBA
S3150201A07073FE7C3FDE761C3EAC3A7D3F8340163E44
S3150201A08074747D3FB708103ECCAB7D3F86CF093E47
S3150201A090B1E07D3F0295033E24137E3F73B2FA3D42
S3150201A0A023437E3F7638EE3DB0707E3F2EBCE13DC6
S3150201A0B0C99B7E3FB93DD53D6DC47E3F36BDC83D88
S3150201A0C09DEA7E3FC33ABC3D580E7F3F80B6AF3D07
S3150201A0D09D2F7F3F8C30A33D6D4E7F3F05A9963D57
S3150201A0E0C76A7F3F0A208A3DAB847F3F742B7B3D43
S3150201A0F0189C7F3F6814623D0FB17F3F2FFB483D9D
S3150201A1008FC37F3F07E02F3D98D37F3F2CC3163D78
S3150201A11029E17F3FB949FB3C43EC7F3FB00AC93C89
S3150201A120E6F47F3FB6C9963C11FB7F3F900E493C50
S3150201A130C4FE7F3F890FC93B0000803F000000003B
S3150201A140C4FE7F3F890FC9BB11FB7F3F900E49BCFD
S3150201A150E6F47F3FB6C996BC43EC7F3FB00AC9BC61
S3150201A16029E17F3FB949FBBC98D37F3F2CC316BD7A
S3150201A1708FC37F3F07E02FBD0FB17F3F2FFB48BD46
S3150201A180189C7F3F681462BDAB847F3F742B7BBDF5
S3150201A190C76A7F3F0A208ABD6D4E7F3F05A996BDDC
S3150201A1A09D2F7F3F8C30A3BD580E7F3F80B6AFBD3A
S3150201A1B09DEA7E3FC33ABCBD6DC47E3F36BDC8BD76
S3150201A1C0C99B7E3FB93DD5BDB0707E3F2EBCE1BD78
S3150201A1D023437E3F7638EEBD24137E3F73B2FABD2A
S3150201A1E0B1E07D3F029503BECCAB7D3F86CF09BE72
S3150201A1F074747D3FB70810BEAC3A7D3F834016BEEC
S3150201A20073FE7C3FDE761CBEC9BF7C3FB6AB22BE67
S3150201A210B07E7C3FFCDE28BE283B7C3FA2102FBECF
S3150201A22031F57B3F984035BECDAC7B3FCF6E3BBE11
S3150201A230FC617B3F379B41BEBE147B3FC2C547BE15
S3150201A24016C57A3F60EE4DBE02737A3F011554BEC2
S3150201A250841E7A3F97395ABE9DC7793F135C60BE09
S3150201A2604E6E793F667C66BE9812793F7F9A6CBEC6
S3150201A2707BB4783F51B672BEF853783FCCCF78BEE5
S3150201A28010F1773FE1E67EBEC58B773FC07D82BE88
S3150201A2901724773FCE8685BE07BA763F938E88BE50
S3150201A2A0974D763F07958BBEC6DE753F229A8EBEC7
S3150201A2B0976D753FDD9D91BE0BFA743F31A094BE39
S3150201A2C02284743F17A197BEDD0B743F86A09ABE06
S3150201A2D03F91733F789E9DBE4714733FE59AA0BE98
S3150201A2E0F894723FC595A3BE5213723F128FA6BE52
S3150201A2F0578F713FC486A9BE0809713FD47CACBE93
S3150201A3006680703F3A71AFBE73F56F3FEF63B2BEBF
S3150201A31030686F3FEC54B5BE9ED86E3F2A44B8BE34
S3150201A320BE466E3FA031BBBE93B26D3F4A1DBEBE55
S3150201A3301D1C6D3F1E07C1BE5E836C3F15EFC3BE7A
S3150201A34058E86B3F29D5C6BE0C4B6B3F53B9C9BE04
S3150201A3507BAB6A3F8B9BCCBEA7096A3FCA7BCFBE4A
S3150201A3609165693F095AD2BE3CBF683F4136D5BEA7
S3150201A370A816683F6B10D8BED86B673F80E8DABE75
S3150201A380CCBE663F79BEDDBE880F663F4F92E0BE08
S3150201A3900B5E653FFA63E3BE59AA643F7533E6BEB7
S3150201A3A073F4633FB700E9BE5A3C633FBBCBEBBED6
S3150201A3B01082623F7994EEBE98C5613FEA5AF1BEB8
S3150201A3C0F206613F071FF4BE2146603FCBE0F6BEAF
S3150201A3D027835F3F2DA0F9BE05BE5E3F275DFCBE0A
S3150201A3E0BEF65D3FB217FFBE532D5D3FE4E700BFE8
S3150201A3F0C7615C3FB14202BF1A945B3F3D9C03BFFA
S3150201A40050C45A3F84F404BF6AF2593F824B06BFD5
S3150201A4106A1E593F36A107BF5348583F9BF508BFED
S3150201A4202670573FAD480ABFE595563F6B9A0BBF5B
S3150201A43093B9553FD0EA0CBF31DB543FDA390EBF2F
S3150201A440C3FA533F84870FBF4918533FCDD310BF79
S3150201A450C633523FB01E12BF3D4D513F2A6813BF4C
S3150201A460AF64503F39B014BF1F7A4F3FD9F615BFBB
S3150201A470908D4E3F073C17BF029F4D3FC07F18BFCD
S3150201A48079AE4C3F00C219BFF8BB4B3FC6021BBF98
S3150201A4907FC74A3F0C421CBF12D1493FD17F1DBF24
S3150201A4A0B3D8483F12BC1EBF65DE473FCBF61FBF7E
S3150201A4B02AE2463FF92F21BF03E4453F996722BFAE
S3150201A4C0F5E3443FA99D23BF00E2433F25D224BFC2
S3150201A4D029DE423F0A0526BF70D8413F563627BFBD
S3150201A4E0DAD0403F056628BF67C73F3F159429BFAB
S3150201A4F01BBC3E3F82C02ABFF9AE3D3F4AEB2BBF92
S3150201A50003A03C3F69142DBF3B8F3B3FDE3B2EBF71
S3150201A510A47C3A3FA5612FBF4268393FBB8530BF54
S3150201A5201652383F1DA831BF233A373FC9C832BF39
S3150201A5306C20363FBCE733BFF304353FF30435BF26
S3150201A540BCE7333F6C2036BFC9C8323F233A37BF17
S3150201A5501DA8313F165238BFBB85303F426839BF0D
S3150201A560A5612F3FA47C3ABFDE3B2E3F3B8F3BBF0B
S3150201A57069142D3F03A03CBF4AEB2B3FF9AE3DBF09
S3150201A58082C02A3F1BBC3EBF1594293F67C73FBF06
S3150201A5900566283FDAD040BF5636273F70D841BFFD
S3150201A5A00A05263F29DE42BF25D2243F00E243BFE8
S3150201A5B0A99D233FF5E344BF9967223F03E445BFC3
S3150201A5C0F92F213F2AE246BFCBF61F3F65DE47BF81
S3150201A5D012BC1E3FB3D848BFD17F1D3F12D149BF1E
S3150201A5E00C421C3F7FC74ABFC6021B3FF8BB4BBF8B
S3150201A5F000C2193F79AE4CBFC07F183F029F4DBFC3
S3150201A600073C173F908D4EBFD9F6153F1F7A4FBFB4
S3150201A61039B0143FAF6450BF2A68133F3D4D51BF55
S3150201A620B01E123FC63352BFCDD3103F491853BF96
S3150201A63084870F3FC3FA53BFDA390E3F31DB54BF6A
S3150201A640D0EA0C3F93B955BF6B9A0B3FE59556BFBE
S3150201A650AD480A3F267057BF9BF5083F534858BF7E
S3150201A66036A1073F6A1E59BF824B063F6AF259BF9E
S3150201A67084F4043F50C45ABF3D9C033F1A945BBF06
S3150201A680B142023FC7615CBFE4E7003F532D5DBFA4
S3150201A690B217FF3EBEF65DBF275DFC3E05BE5EBF3D
S3150201A6A02DA0F93E27835FBFCBE0F63E214660BF70
S3150201A6B0071FF43EF20661BFEA5AF13E98C561BF31
S3150201A6C07994EE3E108262BFBBCBEB3E5A3C63BF2E
S3150201A6D0B700E93E73F463BF7533E63E59AA64BF18
S3150201A6E0FA63E33E0B5E65BF4F92E03E880F66BF9B
S3150201A6F079BEDD3ECCBE66BF80E8DA3ED86B67BF67
S3150201A7006B10D83EA81668BF4136D53E3CBF68BF1E
S3150201A710095AD23E916569BFCA7BCF3EA7096ABF74
S3150201A7208B9BCC3E7BAB6ABF53B9C93E0C4B6BBF0D
S3150201A73029D5C63E58E86BBF15EFC33E5E836CBF93
S3150201A7401E07C13E1D1C6DBF4A1DBE3E93B26DBFA3
S3150201A750A031BB3EBE466EBF2A44B83E9ED86EBFEE
S3150201A760EC54B53E30686FBFEF63B23E73F56FBF0F
S3150201A7703A71AF3E668070BFD47CAC3E080971BFA8
S3150201A780C486A93E578F71BF128FA63E521372BF5E
S3150201A790C595A33EF89472BFE59AA03E471473BFCE
S3150201A7A0789E9D3E3F9173BF86A09A3EDD0B74BF94
S3150201A7B017A1973E228474BF31A0943E0BFA74BF4F
S3150201A7C0DD9D913E976D75BF229A8E3EC6DE75BF9F
S3150201A7D007958B3E974D76BF938E883E07BA76BF15
S3150201A7E0CE86853E172477BFC07D823EC58B77BF55
S3150201A7F0E1E67E3E10F177BFCCCF783EF85378BFC3
S3150201A80051B6723E7BB478BF7F9A6C3E981279BF7D
S3150201A810667C663E4E6E79BF135C603E9DC779BF0C
S3150201A82097395A3E841E7ABF0115543E02737ABF86
S3150201A83060EE4D3E16C57ABFC2C5473EBE147BBF0A
S3150201A840379B413EFC617BBFCF6E3B3ECDAC7BBFAE
S3150201A8509840353E31F57BBFA2102F3E283B7CBF87
S3150201A860FCDE283EB07E7CBFB6AB223EC9BF7CBFB2
S3150201A870DE761C3E73FE7CBF8340163EAC3A7DBF3C
S3150201A880B708103E74747DBF86CF093ECCAB7DBF3F
S3150201A8900295033EB1E07DBF73B2FA3D24137EBF3A
S3150201A8A07638EE3D23437EBF2EBCE13DB0707EBFBE
S3150201A8B0B93DD53DC99B7EBF36BDC83D6DC47EBF80
S3150201A8C0C33ABC3D9DEA7EBF80B6AF3D580E7FBFFF
S3150201A8D08C30A33D9D2F7FBF05A9963D6D4E7FBF4F
S3150201A8E00A208A3DC76A7FBF742B7B3DAB847FBF3B
S3150201A8F06814623D189C7FBF2FFB483D0FB17FBF95
S3150201A90007E02F3D8FC37FBF2CC3163D98D37FBF70
S3150201A910B949FB3C29E17FBFB00AC93C43EC7FBF81
S3150201A920B6C9963CE6F47FBF900E493C11FB7FBF48
S3150201A930890FC93BC4FE7FBF000000000000803FB3
S3150201A940900E493C11FB7F3FB00AC93C43EC7F3F65
S3150201A9502CC3163D98D37F3F2FFB483D0FB17F3F56
S3150201A960742B7B3DAB847F3F05A9963D6D4E7F3FA0
S3150201A97080B6AF3D580E7F3F36BDC83D6DC47E3FA2
S3150201A9802EBCE13DB0707E3F73B2FA3D24137E3F89
S3150201A99086CF093ECCAB7D3F8340163EAC3A7D3F26
S3150201A9A0B6AB223EC9BF7C3FA2102F3E283B7C3F5D
S3150201A9B0CF6E3B3ECDAC7B3FC2C5473EBE147B3F0D
S3150201A9C00115543E02737A3F135C603E9DC7793F7F
S3150201A9D07F9A6C3E9812793FCCCF783EF853783FF6
S3150201A9E0C07D823EC58B773F938E883E07BA763FFE
S3150201A9F0229A8E3EC6DE753F31A0943E0BFA743F13
S3150201AA0086A09A3EDD0B743FE59AA03E4714733F3A
S3150201AA10128FA63E5213723FD47CAC3E0809713F97
S3150201AA20EF63B23E73F56F3F2A44B83E9ED86E3F3E
S3150201AA304A1DBE3E93B26D3F15EFC33E5E836C3F28
S3150201AA4053B9C93E0C4B6B3FCA7BCF3EA7096A3F3E
S3150201AA504136D53E3CBF683F80E8DA3ED86B673F58
S3150201AA604F92E03E880F663F7533E63E59AA643F30
S3150201AA70BBCBEB3E5A3C633FEA5AF13E98C5613F76
S3150201AA80CBE0F63E2146603F275DFC3E05BE5E3FBA
S3150201AA90E4E7003F532D5D3F3D9C033F1A945B3F24
S3150201AAA0824B063F6AF2593F9BF5083F5348583F8E
S3150201AAB06B9A0B3FE595563FDA390E3F31DB543F30
S3150201AAC0CDD3103F4918533F2A68133F3D4D513F9D
S3150201AAD0D9F6153F1F7A4F3FC07F183F029F4D3F60
S3150201AAE0C6021B3FF8BB4B3FD17F1D3F12D1493FE7
S3150201AAF0CBF61F3F65DE473F9967223F03E4453F99
S3150201AB0025D2243F00E2433F5636273F70D8413FC4
S3150201AB101594293F67C73F3F4AEB2B3FF9AE3D3FAD
S3150201AB20DE3B2E3F3B8F3B3FBB85303F4268393F81
S3150201AB30C9C8323F233A373FF304353FF304353F61
S3150201AB40233A373FC9C8323F4268393FBB85303F56
S3150201AB503B8F3B3FDE3B2E3FF9AE3D3F4AEB2B3F60
S3150201AB6067C73F3F1594293F70D8413F5636273F65
S3150201AB7000E2433F25D2243F03E4453F9967223F42
S3150201AB8065DE473FCBF61F3F12D1493FD17F1D3FBD
S3150201AB90F8BB4B3FC6021B3F029F4D3FC07F183F8A
S3150201ABA01F7A4F3FD9F6153F3D4D513F2A68133F54
S3150201ABB04918533FCDD3103F31DB543FDA390E3FAB
S3150201ABC0E595563F6B9A0B3F5348583F9BF5083F15
S3150201ABD06AF2593F824B063F1A945B3F3D9C033F03
S3150201ABE0532D5D3FE4E7003F05BE5E3F275DFC3E18
S3150201ABF02146603FCBE0F63E98C5613FEA5AF13EF7
S3150201AC005A3C633FBBCBEB3E59AA643F7533E63EE2
S3150201AC10880F663F4F92E03ED86B673F80E8DA3E87
S3150201AC203CBF683F4136D53EA7096A3FCA7BCF3E44
S3150201AC300C4B6B3F53B9C93E5E836C3F15EFC33E66
S3150201AC4093B26D3F4A1DBE3E9ED86E3F2A44B83E20
S3150201AC5073F56F3FEF63B23E0809713FD47CAC3E98
S3150201AC605213723F128FA63E4714733FE59AA03ED6
S3150201AC70DD0B743F86A09A3E0BFA743F31A0943ED7
S3150201AC80C6DE753F229A8E3E07BA763F938E883E7E
S3150201AC90C58B773FC07D823EF853783FCCCF783E55
S3150201ACA09812793F7F9A6C3E9DC7793F135C603E4D
S3150201ACB002737A3F0115543EBE147B3FC2C5473E1D
S3150201ACC0CDAC7B3FCF6E3B3E283B7C3FA2102F3E55
S3150201ACD0C9BF7C3FB6AB223EAC3A7D3F8340163EAE
S3150201ACE0CCAB7D3F86CF093E24137E3F73B2FA3D3C
S3150201ACF0B0707E3F2EBCE13D6DC47E3F36BDC83D80
S3150201AD00580E7F3F80B6AF3D6D4E7F3F05A9963DFA
S3150201AD10AB847F3F742B7B3D0FB17F3F2FFB483DB9
S3150201AD2098D37F3F2CC3163D43EC7F3FB00AC93C03
S3150201AD3011FB7F3F900E493C0000803F000000005E
S3150201AD4011FB7F3F900E49BC43EC7F3FB00AC9BC61
S3150201AD5098D37F3F2CC316BD0FB17F3F2FFB48BD52
S3150201AD60AB847F3F742B7BBD6D4E7F3F05A996BD9C
S3150201AD70580E7F3F80B6AFBD6DC47E3F36BDC8BD9E
S3150201AD80B0707E3F2EBCE1BD24137E3F73B2FABD85
S3150201AD90CCAB7D3F86CF09BEAC3A7D3F834016BE22
S3150201ADA0C9BF7C3FB6AB22BE283B7C3FA2102FBE59
S3150201ADB0CDAC7B3FCF6E3BBEBE147B3FC2C547BE09
S3150201ADC002737A3F011554BE9DC7793F135C60BE7B
S3150201ADD09812793F7F9A6CBEF853783FCCCF78BEF2
S3150201ADE0C58B773FC07D82BE07BA763F938E88BEFA
S3150201ADF0C6DE753F229A8EBE0BFA743F31A094BE0F
S3150201AE00DD0B743F86A09ABE4714733FE59AA0BE36
S3150201AE105213723F128FA6BE0809713FD47CACBE93
S3150201AE2073F56F3FEF63B2BE9ED86E3F2A44B8BE3A
S3150201AE3093B26D3F4A1DBEBE5E836C3F15EFC3BE24
S3150201AE400C4B6B3F53B9C9BEA7096A3FCA7BCFBE3A
S3150201AE503CBF683F4136D5BED86B673F80E8DABE54
S3150201AE60880F663F4F92E0BE59AA643F7533E6BE2C
S3150201AE705A3C633FBBCBEBBE98C5613FEA5AF1BE72
S3150201AE802146603FCBE0F6BE05BE5E3F275DFCBEB6
S3150201AE90532D5D3FE4E700BF1A945B3F3D9C03BF20
S3150201AEA06AF2593F824B06BF5348583F9BF508BF8A
S3150201AEB0E595563F6B9A0BBF31DB543FDA390EBF2C
S3150201AEC04918533FCDD310BF3D4D513F2A6813BF99
S3150201AED01F7A4F3FD9F615BF029F4D3FC07F18BF5C
S3150201AEE0F8BB4B3FC6021BBF12D1493FD17F1DBFE3
S3150201AEF065DE473FCBF61FBF03E4453F996722BF95
S3150201AF0000E2433F25D224BF70D8413F563627BFC0
S3150201AF1067C73F3F159429BFF9AE3D3F4AEB2BBFA9
S3150201AF203B8F3B3FDE3B2EBF4268393FBB8530BF7D
S3150201AF30233A373FC9C832BFF304353FF30435BF5D
S3150201AF40C9C8323F233A37BFBB85303F426839BF52
S3150201AF50DE3B2E3F3B8F3BBF4AEB2B3FF9AE3DBF5C
S3150201AF601594293F67C73FBF5636273F70D841BF61
S3150201AF7025D2243F00E243BF9967223F03E445BF3E
S3150201AF80CBF61F3F65DE47BFD17F1D3F12D149BFB9
S3150201AF90C6021B3FF8BB4BBFC07F183F029F4DBF86
S3150201AFA0D9F6153F1F7A4FBF2A68133F3D4D51BF50
S3150201AFB0CDD3103F491853BFDA390E3F31DB54BFA7
S3150201AFC06B9A0B3FE59556BF9BF5083F534858BF11
S3150201AFD0824B063F6AF259BF3D9C033F1A945BBFFF
S3150201AFE0E4E7003F532D5DBF275DFC3E05BE5EBF14
S3150201AFF0CBE0F63E214660BFEA5AF13E98C561BFF3
S3150201B000BBCBEB3E5A3C63BF7533E63E59AA64BFDE
S3150201B0104F92E03E880F66BF80E8DA3ED86B67BF83
S3150201B0204136D53E3CBF68BFCA7BCF3EA7096ABF40
S3150201B03053B9C93E0C4B6BBF15EFC33E5E836CBF62
S3150201B0404A1DBE3E93B26DBF2A44B83E9ED86EBF1C
S3150201B050EF63B23E73F56FBFD47CAC3E080971BF94
S3150201B060128FA63E521372BFE59AA03E471473BFD2
S3150201B07086A09A3EDD0B74BF31A0943E0BFA74BFD3
S3150201B080229A8E3EC6DE75BF938E883E07BA76BF7A
S3150201B090C07D823EC58B77BFCCCF783EF85378BF51
S3150201B0A07F9A6C3E981279BF135C603E9DC779BF49
S3150201B0B00115543E02737ABFC2C5473EBE147BBF19
S3150201B0C0CF6E3B3ECDAC7BBFA2102F3E283B7CBF51
S3150201B0D0B6AB223EC9BF7CBF8340163EAC3A7DBFAA
S3150201B0E086CF093ECCAB7DBF73B2FA3D24137EBF38
S3150201B0F02EBCE13DB0707EBF36BDC83D6DC47EBF7C
S3150201B10080B6AF3D580E7FBF05A9963D6D4E7FBFF6
S3150201B110742B7B3DAB847FBF2FFB483D0FB17FBFB5
S3150201B1202CC3163D98D37FBFB00AC93C43EC7FBFFF
S3150201B130900E493C11FB7FBF000000000000803FDA
S3150201B140B00AC93C43EC7F3F2FFB483D0FB17F3F1D
S3150201B15005A9963D6D4E7F3F36BDC83D6DC47E3F06
S3150201B16073B2FA3D24137E3F8340163EAC3A7D3FCD
S3150201B170A2102F3E283B7C3FC2C5473EBE147B3FF1
S3150201B180135C603E9DC7793FCCCF783EF853783F3A
S3150201B190938E883E07BA763F31A0943E0BFA743FEE
S3150201B1A0E59AA03E4714733FD47CAC3E0809713F31
S3150201B1B02A44B83E9ED86E3F15EFC33E5E836C3F6E
S3150201B1C0CA7BCF3EA7096A3F80E8DA3ED86B673F62
S3150201B1D07533E63E59AA643FEA5AF13E98C5613F84
S3150201B1E0275DFC3E05BE5E3F3D9C033F1A945B3FD5
S3150201B1F09BF5083F5348583FDA390E3F31DB543F3E
S3150201B2002A68133F3D4D513FC07F183F029F4D3F74
S3150201B210D17F1D3F12D1493F9967223F03E4453F42
S3150201B2205636273F70D8413F4AEB2B3FF9AE3D3F99
S3150201B230BB85303F4268393FF304353FF304353F5E
S3150201B2404268393FBB85303FF9AE3D3F4AEB2B3F62
S3150201B25070D8413F5636273F03E4453F9967223F5F
S3150201B26012D1493FD17F1D3F029F4D3FC07F183FFB
S3150201B2703D4D513F2A68133F31DB543FDA390E3FC8
S3150201B2805348583F9BF5083F1A945B3F3D9C033F49
S3150201B29005BE5E3F275DFC3E98C5613FEA5AF13E17
S3150201B2A059AA643F7533E63ED86B673F80E8DA3EBA
S3150201B2B0A7096A3FCA7BCF3E5E836C3F15EFC33E49
S3150201B2C09ED86E3F2A44B83E0809713FD47CAC3EF3
S3150201B2D04714733FE59AA03E0BFA743F31A0943EA0
S3150201B2E007BA763F938E883EF853783FCCCF783EA5
S3150201B2F09DC7793F135C603EBE147B3FC2C5473E84
S3150201B300283B7C3FA2102F3EAC3A7D3F8340163E3E
S3150201B31024137E3F73B2FA3D6DC47E3F36BDC83DEE
S3150201B3206D4E7F3F05A9963D0FB17F3F2FFB483DED
S3150201B33043EC7F3FB00AC93C0000803F0000000099
S3150201B34043EC7F3FB00AC9BC0FB17F3F2FFB48BD1B
S3150201B3506D4E7F3F05A996BD6DC47E3F36BDC8BD04
S3150201B36024137E3F73B2FABDAC3A7D3F834016BECB
S3150201B370283B7C3FA2102FBEBE147B3FC2C547BEEF
S3150201B3809DC7793F135C60BEF853783FCCCF78BE38
S3150201B39007BA763F938E88BE0BFA743F31A094BEEC
S3150201B3A04714733FE59AA0BE0809713FD47CACBE2F
S3150201B3B09ED86E3F2A44B8BE5E836C3F15EFC3BE6C
S3150201B3C0A7096A3FCA7BCFBED86B673F80E8DABE60
S3150201B3D059AA643F7533E6BE98C5613FEA5AF1BE82
S3150201B3E005BE5E3F275DFCBE1A945B3F3D9C03BFD3
S3150201B3F05348583F9BF508BF31DB543FDA390EBF3C
S3150201B4003D4D513F2A6813BF029F4D3FC07F18BF72
S3150201B41012D1493FD17F1DBF03E4453F996722BF40
S3150201B42070D8413F563627BFF9AE3D3F4AEB2BBF97
S3150201B4304268393FBB8530BFF304353FF30435BF5C
S3150201B440BB85303F426839BF4AEB2B3FF9AE3DBF60
S3150201B4505636273F70D841BF9967223F03E445BF5D
S3150201B460D17F1D3F12D149BFC07F183F029F4DBFF9
S3150201B4702A68133F3D4D51BFDA390E3F31DB54BFC6
S3150201B4809BF5083F534858BF3D9C033F1A945BBF47
S3150201B490275DFC3E05BE5EBFEA5AF13E98C561BF15
S3150201B4A07533E63E59AA64BF80E8DA3ED86B67BFB8
S3150201B4B0CA7BCF3EA7096ABF15EFC33E5E836CBF47
S3150201B4C02A44B83E9ED86EBFD47CAC3E080971BFF1
S3150201B4D0E59AA03E471473BF31A0943E0BFA74BF9E
S3150201B4E0938E883E07BA76BFCCCF783EF85378BFA3
S3150201B4F0135C603E9DC779BFC2C5473EBE147BBF82
S3150201B500A2102F3E283B7CBF8340163EAC3A7DBF3C
S3150201B51073B2FA3D24137EBF36BDC83D6DC47EBFEC
S3150201B52005A9963D6D4E7FBF2FFB483D0FB17FBFEB
S3150201B530B00AC93C43EC7FBF000000000000803F17
S3150201B5402FFB483D0FB17F3F36BDC83D6DC47E3FDF
S3150201B5508340163EAC3A7D3FC2C5473EBE147B3F91
S3150201B560CCCF783EF853783F31A0943E0BFA743F24
S3150201B570D47CAC3E0809713F15EFC33E5E836C3F36
S3150201B58080E8DA3ED86B673FEA5AF13E98C5613FD9
S3150201B5903D9C033F1A945B3FDA390E3F31DB543F40
S3150201B5A0C07F183F029F4D3F9967223F03E4453F03
S3150201B5B04AEB2B3FF9AE3D3FF304353FF304353FEA
S3150201B5C0F9AE3D3F4AEB2B3F03E4453F9967223FE4
S3150201B5D0029F4D3FC07F183F31DB543FDA390E3FA0
S3150201B5E01A945B3F3D9C033F98C5613FEA5AF13E7F
S3150201B5F0D86B673F80E8DA3E5E836C3F15EFC33E48
S3150201B6000809713FD47CAC3E0BFA743F31A0943EDB
S3150201B610F853783FCCCF783EBE147B3FC2C5473E36
S3150201B620AC3A7D3F8340163E6DC47E3F36BDC83D72
S3150201B6300FB17F3F2FFB483D0000803F0000000015
S3150201B6400FB17F3F2FFB48BD6DC47E3F36BDC8BDDE
S3150201B650AC3A7D3F834016BEBE147B3FC2C547BE90
S3150201B660F853783FCCCF78BE0BFA743F31A094BE23
S3150201B6700809713FD47CACBE5E836C3F15EFC3BE35
S3150201B680D86B673F80E8DABE98C5613FEA5AF1BED8
S3150201B6901A945B3F3D9C03BF31DB543FDA390EBF3F
S3150201B6A0029F4D3FC07F18BF03E4453F996722BF02
S3150201B6B0F9AE3D3F4AEB2BBFF304353FF30435BFE9
S3150201B6C04AEB2B3FF9AE3DBF9967223F03E445BFE3
S3150201B6D0C07F183F029F4DBFDA390E3F31DB54BF9F
S3150201B6E03D9C033F1A945BBFEA5AF13E98C561BF7E
S3150201B6F080E8DA3ED86B67BF15EFC33E5E836CBF47
S3150201B700D47CAC3E080971BF31A0943E0BFA74BFDA
S3150201B710CCCF783EF85378BFC2C5473EBE147BBF35
S3150201B7208340163EAC3A7DBF36BDC83D6DC47EBF71
S3150201B7302FFB483D0FB17FBF000000000000803F94
S3150201B74036BDC83D6DC47E3FC2C5473EBE147B3F72
S3150201B75031A0943E0BFA743F15EFC33E5E836C3FF4
S3150201B760EA5AF13E98C5613FDA390E3F31DB543F61
S3150201B7709967223F03E4453FF304353FF304353F1E
S3150201B78003E4453F9967223F31DB543FDA390E3FE5
S3150201B79098C5613FEA5AF13E5E836C3F15EFC33E9F
S3150201B7A00BFA743F31A0943EBE147B3FC2C5473E9D
S3150201B7B06DC47E3F36BDC83D0000803F00000000DB
S3150201B7C06DC47E3F36BDC8BDBE147B3FC2C547BEF2
S3150201B7D00BFA743F31A094BE5E836C3F15EFC3BE74
S3150201B7E098C5613FEA5AF1BE31DB543FDA390EBFE1
S3150201B7F003E4453F996722BFF304353FF30435BF9E
S3150201B8009967223F03E445BFDA390E3F31DB54BF64
S3150201B810EA5AF13E98C561BF15EFC33E5E836CBF1E
S3150201B82031A0943E0BFA74BFC2C5473EBE147BBF1C
S3150201B83036BDC83D6DC47EBF000000000000803FDA
S3150201B840C2C5473EBE147B3F15EFC33E5E836C3FC6
S3150201B850DA390E3F31DB543FF304353FF304353F0A
S3150201B86031DB543FDA390E3F5E836C3F15EFC33E3F
S3150201B870BE147B3FC2C5473E0000803F0000000068
S3150201B880BE147B3FC2C547BE5E836C3F15EFC3BE86
S3150201B89031DB543FDA390EBFF304353FF30435BFCA
S3150201B8A0DA390E3F31DB54BF15EFC33E5E836CBFFF
S3150201B8B0C2C5473EBE147BBF08000020100000101F
S3150201B8C01800003020000008280000283000001867
S3150201B8D038000038400000044800002450000014DB
S3150201B8E0580000346000000C6800002C7000001C37
S3150201B8F07800003C800000028800002290000012BD
S3150201B90098000032A000000AA800002AB000001A1E
S3150201B910B800003AC0000006C8000026D000001692
S3150201B920D8000036E000000EE800002EF000001EEE
S3150201B930F800003E08010021100100111801003132
S3150201B94020010009280100293001001938010039B6
S3150201B9504001000548010025500100155801003536
S3150201B9606001000D6801002D7001001D7801003D86
S3150201B970800100038801002390010013980100331E
S3150201B980A001000BA801002BB001001BB801003B6E
S3150201B990C0010007C8010027D0010017D8010037EE
S3150201B9A0E001000FE801002FF001001FF801003F3E
S3150201B9B008028020100280101802803020028008BE
S3150201B9C0280280283002801838028038400280041A
S3150201B9D04802802450028014580280346002800C8E
S3150201B9E06802802C7002801C7802803C88028022C8
S3150201B9F09002801298028032A002800AA802802A4E
S3150201BA00B002801AB802803AC0028006C8028026B5
S3150201BA10D0028016D8028036E002800EE802802E1D
S3150201BA20F002801EF802803E080380211003801175
S3150201BA3018038031200380092803802930038019E5
S3150201BA403803803940038005480380255003801559
S3150201BA50580380356003800D6803802D7003801DB5
S3150201BA607803803D880380239003801398038033F3
S3150201BA70A003800BA803802BB003801BB803803B75
S3150201BA80C0038007C8038027D0038017D8038037F5
S3150201BA90E003800FE803802FF003801FF803803F45
S3150201BAA008044020100440101804403020044008C5
S3150201BAB028044028300440183804403848044024F9
S3150201BAC050044014580440346004400C6804402C6D
S3150201BAD07004401C7804403C8804402290044012C1
S3150201BAE098044032A004400AA804402AB004401A2D
S3150201BAF0B804403AC0044006C8044026D0044016A1
S3150201BB00D8044036E004400EE804402EF004401EFC
S3150201BB10F804403E08054021100540111805403140
S3150201BB2020054009280540293005401938054039C4
S3150201BB304805402550054015580540356005400D1C
S3150201BB406805402D7005401D7805403D8805402356
S3150201BB509005401398054033A005400BA805402BDC
S3150201BB60B005401BB805403BC0054007C805402744
S3150201BB70D0054017D8054037E005400FE805402FAC
S3150201BB80F005401FF805403F0806C0201006C01008
S3150201BB901806C0302006C0082806C0283006C0187C
S3150201BBA03806C0384806C0245006C0145806C034A8
S3150201BBB06006C00C6806C02C7006C01C7806C03C24
S3150201BBC08806C0229006C0129806C032A006C00A94
S3150201BBD0A806C02AB006C01AB806C03AC806C026C8
S3150201BBE0D006C016D806C036E006C00EE806C02E3C
S3150201BBF0F006C01EF806C03E0807C0211007C01194
S3150201BC001807C0312007C0092807C0293007C01903
S3150201BC103807C0394807C0255007C0155807C0352F
S3150201BC206007C00D6807C02D7007C01D7807C03DAB
S3150201BC308807C0239007C0139807C033A007C00B1B
S3150201BC40A807C02BB007C01BB807C03BC807C0274F
S3150201BC50D007C017D807C037E007C00FE807C02FC3
S3150201BC60F007C01FF807C03F08082020100820105F
S3150201BC7018082030280820283008201838082038CB
S3150201BC804808202450082014580820346008200C43
S3150201BC906808202C7008201C7808203C880820227D
S3150201BCA09008201298082032A008200AA808202A03
S3150201BCB0B008201AB808203AC8082026D00820164B
S3150201BCC0D8082036E008200EE808202EF008201EAB
S3150201BCD0F808203E080920211009201118092031EF
S3150201BCE0280920293009201938092039480920252F
S3150201BCF050092015580920356009200D6809202DA3
S3150201BD007009201D7809203D8809202390092013F6
S3150201BD1098092033A009200BA809202BB009201B62
S3150201BD20B809203BC8092027D0092017D80920378E
S3150201BD30E009200FE809202FF009201FF809203F0A
S3150201BD40080AA020100AA010180AA030280AA02862
S3150201BD50300AA018380AA038480AA024500AA014AA
S3150201BD60580AA034600AA00C680AA02C700AA01C0A
S3150201BD70780AA03C880AA022900AA012980AA03248
S3150201BD80A80AA02AB00AA01AB80AA03AC80AA02686
S3150201BD90D00AA016D80AA036E00AA00EE80AA02EFA
S3150201BDA0F00AA01EF80AA03E080BA021100BA01152
S3150201BDB0180BA031280BA029300BA019380BA0397A
S3150201BDC0480BA025500BA015580BA035600BA00DF2
S3150201BDD0680BA02D700BA01D780BA03D880BA0232C
S3150201BDE0900BA013980BA033A80BA02BB00BA01B92
S3150201BDF0B80BA03BC80BA027D00BA017D80BA037B6
S3150201BE00E00BA00FE80BA02FF00BA01FF80BA03F31
S3150201BE10080C6020100C6010180C6030280C602889
S3150201BE20300C6018380C6038480C6024500C6014D1
S3150201BE30580C6034680C602C700C601C780C603CE9
S3150201BE40880C6022900C6012980C6032A80C602A51
S3150201BE50B00C601AB80C603AC80C6026D00C601699
S3150201BE60D80C6036E00C600EE80C602EF00C601EF9
S3150201BE70F80C603E080D6021100D6011180D60313D
S3150201BE80280D6029300D6019380D6039480D60257D
S3150201BE90500D6015580D6035680D602D700D601DD1
S3150201BEA0780D603D880D6023900D6013980D603307
S3150201BEB0A80D602BB00D601BB80D603BC80D602745
S3150201BEC0D00D6017D80D6037E00D600FE80D602FB9
S3150201BED0F00D601FF80D603F080EE020100EE01015
S3150201BEE0180EE030280EE028300EE018380EE03841
S3150201BEF0480EE024500EE014580EE034680EE02C91
S3150201BF00700EE01C780EE03C880EE022900EE012E4
S3150201BF10980EE032A80EE02AB00EE01AB80EE03A08
S3150201BF20C80EE026D00EE016D80EE036E80EE02E58
S3150201BF30F00EE01EF80EE03E080FE021100FE011B0
S3150201BF40180FE031280FE029300FE019380FE039D8
S3150201BF50480FE025500FE015580FE035680FE02D28
S3150201BF60700FE01D780FE03D880FE023900FE0137C
S3150201BF70980FE033A80FE02BB00FE01BB80FE03BA0
S3150201BF80C80FE027D00FE017D80FE037E80FE02FF0
S3150201BF90F00FE01FF80FE03F0810102018101030C4
S3150201BFA02810102830101018381010384810102494
S3150201BFB050101014581010346810102C7010101CE8
S3150201BFC07810103C8810102290101012981010321E
S3150201BFD0A810102AB010101AB810103AC81010265C
S3150201BFE0D0101016D8101036E810102EF010101EB0
S3150201BFF0F810103E081110211811103128111029BC
S3150201C0003011101938111039481110255011101517
S3150201C010581110356811102D7011101D7811103D2F
S3150201C020881110239011101398111033A811102B97
S3150201C030B011101BB811103BC8111027D0111017DF
S3150201C040D8111037E811102FF011101FF811103FF7
S3150201C0500812902018129030281290283012901847
S3150201C0603812903848129024501290145812903473
S3150201C0706812902C7012901C7812903C88129022B1
S3150201C08098129032A812902AB012901AB812903AC7
S3150201C090C8129026D0129016D8129036E812902E17
S3150201C0A0F012901EF812903E081390211813903147
S3150201C0B02813902930139019381390394813902573
S3150201C0C050139015581390356813902D7013901DC7
S3150201C0D07813903D8813902398139033A813902BCD
S3150201C0E0B013901BB813903BC8139027D013901727
S3150201C0F0D8139037E813902FF013901FF813903F3F
S3150201C100081450201814503028145028301450188E
S3150201C1103814503848145024581450346814502C8A
S3150201C1207014501C7814503C8814502298145032C2
S3150201C130A814502AB014501AB814503AC8145026EA
S3150201C140D0145016D8145036E814502EF014501E3E
S3150201C150F814503E0815502118155031281550294A
S3150201C160301550193815503948155025581550357E
S3150201C1706815502D7015501D7815503D88155023A0
S3150201C18098155033A815502BB015501BB815503BB6
S3150201C190C8155027D0155017D8155037E815502F06
S3150201C1A0F015501FF815503F0816D0201816D0303A
S3150201C1B02816D0283016D0183816D0384816D0246A
S3150201C1C05816D0346816D02C7016D01C7816D03C6E
S3150201C1D08816D0229816D032A816D02AB016D01AAE
S3150201C1E0B816D03AC816D026D816D036E816D02EAA
S3150201C1F0F016D01EF816D03E0817D0211817D031E6
S3150201C2002817D0293017D0193817D0394817D02511
S3150201C2105817D0356817D02D7017D01D7817D03D15
S3150201C2208817D0239817D033A817D02BB017D01B55
S3150201C230B817D03BC817D027D817D037E817D02F51
S3150201C240F017D01FF817D03F0818302018183030D1
S3150201C25028183028381830384818302458183034FD
S3150201C2606818302C7018301C7818303C8818302227
S3150201C27098183032A818302AB018301AB818303A3D
S3150201C280C8183026D8183036E818302EF018301E65
S3150201C290F818303E08193021181930312819302979
S3150201C2A03819303948193025581930356819302D61
S3150201C2B07019301D7819303D881930239819303399
S3150201C2C0A819302BB019301BB819303BC8193027C1
S3150201C2D0D8193037E819302FF019301FF819303FC5
S3150201C2E0081AB020181AB030281AB028381AB038ED
S3150201C2F0481AB024581AB034681AB02C701AB01CF5
S3150201C300781AB03C881AB022981AB032A81AB02A02
S3150201C310B81AB03AC81AB026D81AB036E81AB02EE8
S3150201C320F01AB01EF81AB03E081BB021181BB03124
S3150201C330281BB029381BB039481BB025581BB0350C
S3150201C340681BB02D701BB01D781BB03D881BB02336
S3150201C350981BB033A81BB02BB81BB03BC81BB02728
S3150201C360D81BB037E81BB02FF01BB01FF81BB03F2C
S3150201C370081C7020181C7030281C7028381C703854
S3150201C380481C7024581C7034681C702C781C703C34
S3150201C390881C7022981C7032A81C702AB81C703A2C
S3150201C3A0C81C7026D81C7036E81C702EF01C701E34
S3150201C3B0F81C703E081D7021181D7031281D702948
S3150201C3C0381D7039481D7025581D7035681D702D30
S3150201C3D0781D703D881D7023981D7033A81D702B22
S3150201C3E0B81D703BC81D7027D81D7037E81D702F08
S3150201C3F0F01D701FF81D703F081EF020181EF03048
S3150201C400281EF028381EF038481EF024581EF03433
S3150201C410681EF02C781EF03C881EF022981EF0321F
S3150201C420A81EF02AB81EF03AC81EF026D81EF0360B
S3150201C430E81EF02EF81EF03E081FF021181FF031FB
S3150201C440281FF029381FF039481FF025581FF035EB
S3150201C450681FF02D781FF03D881FF023981FF033D7
S3150201C460A81FF02BB81FF03BC81FF027D81FF037C3
S3150201C470E81FF02FF81FF03F18200830282008285F
S3150201C4803820083848200824582008346820082C07
S3150201C4907820083C8820082298200832A820082AF9
S3150201C4A0B820083AC8200826D8200836E820082EDF
S3150201C4B0F820083E1821083128210829382108398F
S3150201C4C048210825582108356821082D7821083D7B
S3150201C4D08821082398210833A821082BB821083B73
S3150201C4E0C8210827D8210837E821082FF821083F53
S3150201C4F01822883028228828382288384822882417
S3150201C500582288346822882C7822883C98228832DC
S3150201C510A822882AB822883AC8228826D8228836AA
S3150201C520E822882EF822883E182388312823882972
S3150201C5303823883948238825582388356823882D46
S3150201C5407823883D98238833A823882BB823883BF0
S3150201C550C8238827D8238837E823882FF823883FDA
S3150201C560182448302824482838244838582448347E
S3150201C5706824482C7824483C98244832A824482A1E
S3150201C580B824483AC8244826D8244836E824482EEE
S3150201C590F824483E1825483128254829382548399E
S3150201C5A0582548356825482D7825483D982548332C
S3150201C5B0A825482BB825483BC8254827D8254837FA
S3150201C5C0E825482FF825483F1826C8302826C828C6
S3150201C5D03826C8385826C8346826C82C7826C83C56
S3150201C5E09826C832A826C82AB826C83AD826C836EE
S3150201C5F0E826C82EF826C83E1827C8312827C82992
S3150201C6003827C8395827C8356827C82D7827C83D1D
S3150201C6109827C833A827C82BB827C83BD827C837B5
S3150201C620E827C82FF827C83F18282830382828387D
S3150201C630582828346828282C7828283C9828283213
S3150201C640A828282AB828283AD8282836E828282EB9
S3150201C650F828283E18292831382928395829283511
S3150201C6606829282D7829283D98292833A829282B95
S3150201C670B829283BD8292837E829282FF829283F1D
S3150201C680182AA830382AA838582AA834682AA82C81
S3150201C690782AA83C982AA832B82AA83AD82AA836CB
S3150201C6A0E82AA82EF82AA83E182BA831382BA83931
S3150201C6B0582BA835682BA82D782BA83D982BA83383
S3150201C6C0B82BA83BD82BA837E82BA82FF82BA83FC5
S3150201C6D0182C6830382C6838582C6834782C683C09
S3150201C6E0982C6832B82C683AD82C6836E82C682E11
S3150201C6F0F82C683E182D6831382D6839582D683561
S3150201C700782D683D982D6833B82D683BD82D68374A
S3150201C710E82D682FF82D683F182EE830382EE838B4
S3150201C720582EE834782EE83C982EE832B82EE83AAC
S3150201C730D82EE836F82EE83E182FE831382FE83998
S3150201C740582FE835782FE83D982FE833B82FE83B84
S3150201C750D82FE837F82FE83F3830183858301834D0
S3150201C7607830183C98301832B830183AD830183622
S3150201C770F830183E38311839583118357831183DA4
S3150201C78098311833B831183BD8311837F831183F78
S3150201C79038329838583298347832983CB832983AC6
S3150201C7A0D8329836F832983E383398395833983514
S3150201C7B07833983DB833983BD8339837F833983F56
S3150201C7C0383458387834583CB834583AD83458360C
S3150201C7D0F834583E383558397835583DB835583BCE
S3150201C7E0D8355837F835583F3836D8387836D83CA0
S3150201C7F0B836D83AF836D83E3837D8397837D83DA8
S3150201C800B837D83BF837D83F7838383CB838383A51
S3150201C810F838383E7839383DB839383BF839383F37
S3150201C820783AB83CF83AB83E783BB83DF83BB83F5F
S3150201C830F83C783EF83D783F0800001010000008E9
S3150201C8401800001820000004280000143000000C13
S3150201C8503800001C40000002480000125000000A85
S3150201C8605800001A60000006680000167000000EEB
S3150201C8707800001E80000001880000119000000966
S3150201C88098000019A0000005A8000015B000000DCF
S3150201C890B800001DC0000003C8000013D000000B41
S3150201C8A0D800001BE0000007E8000017F000000FA7
S3150201C8B0F800001F08018010100180081801801875
S3150201C8C020018004280180143001800C3801801C6B
S3150201C8D040018002480180125001800A5801801AE3
S3150201C8E060018006680180167001800E7801801E43
S3150201C8F0880180119001800998018019A0018005A3
S3150201C900A8018015B001800DB801801DC001800308
S3150201C910C8018013D001800BD801801BE00180077A
S3150201C920E8018017F001800FF801801F080240100C
S3150201C930100240081802401820024004280240143E
S3150201C9403002400C3802401C480240125002400A92
S3150201C9505802401A60024006680240167002400EF2
S3150201C9607802401E8802401190024009980240193D
S3150201C970A0024005A8024015B002400DB802401DB2
S3150201C980C0024003C8024013D002400BD802401B2A
S3150201C990E0024007E8024017F002400FF802401F8A
S3150201C9A00803C0101003C0081803C0182003C004EE
S3150201C9B02803C0143003C00C3803C01C4803C0123C
S3150201C9C05003C00A5803C01A6003C0066803C016A2
S3150201C9D07003C00E7803C01E8803C0119003C009FC
S3150201C9E09803C019A003C005A803C015B003C00D62
S3150201C9F0B803C01DC803C013D003C00BD803C01BA4
S3150201CA00E003C007E803C017F003C00FF803C01F15
S3150201CA1008042010100420081804201828042014E1
S3150201CA203004200C3804201C480420125004200A29
S3150201CA305804201A60042006680420167004200E89
S3150201CA407804201E880420119004200998042019D4
S3150201CA50A0042005A8042015B004200DB804201D49
S3150201CA60C8042013D004200BD804201BE00420079D
S3150201CA70E8042017F004200FF804201F0805A0106F
S3150201CA801005A0081805A0182805A0143005A00C49
S3150201CA903805A01C4805A0125005A00A5805A01A7F
S3150201CAA06005A0066805A0167005A00E7805A01EF1
S3150201CAB08805A0119005A0099805A019A805A01539
S3150201CAC0B005A00DB805A01DC805A013D005A00B81
S3150201CAD0D805A01BE005A007E805A017F005A00FE1
S3150201CAE0F805A01F080660101006600818066018EF
S3150201CAF0280660143006600C3806601C480660126F
S3150201CB005006600A5806601A680660167006600EBC
S3150201CB107806601E880660119006600998066019FB
S3150201CB20A8066015B006600DB806601DC80660133A
S3150201CB30D006600BD806601BE0066007E8066017A0
S3150201CB40F006600FF806601F0807E0101007E008FC
S3150201CB501807E0182807E0143007E00C3807E01C34
S3150201CB604807E0125007E00A5807E01A6807E0167C
S3150201CB707007E00E7807E01E8807E0119007E009CA
S3150201CB809807E019A807E015B007E00DB807E01D00
S3150201CB90C807E013D007E00BD807E01BE807E01748
S3150201CBA0F007E00FF807E01F080810101808101820
S3150201CBB0280810143008100C3808101C48081012E6
S3150201CBC05008100A5808101A680810167008100E34
S3150201CBD07808101E88081011900810099808101973
S3150201CBE0A8081015B008100DB808101DC8081013B2
S3150201CBF0D008100BD808101BE8081017F008100F00
S3150201CC00F808101F0809901018099018280990149D
S3150201CC103009900C3809901C480990125009900A63
S3150201CC205809901A680990167009900E7809901E93
S3150201CC308809901198099019A8099015B009900DC3
S3150201CC40B809901DC8099013D009900BD809901BF9
S3150201CC50E8099017F009900FF809901F080A501079
S3150201CC60180A5018280A5014300A500C380A501C57
S3150201CC70480A5012580A501A680A5016700A500E7B
S3150201CC80780A501E880A5011980A5019A80A501596
S3150201CC90B00A500DB80A501DC80A5013D00A500BDB
S3150201CCA0D80A501BE80A5017F00A500FF80A501F0B
S3150201CCB0080BD010180BD018280BD014300BD00C3F
S3150201CCC0380BD01C480BD012580BD01A680BD01651
S3150201CCD0700BD00E780BD01E880BD011980BD01981
S3150201CCE0A80BD015B00BD00DB80BD01DC80BD013A5
S3150201CCF0D80BD01BE80BD017F00BD00FF80BD01FB7
S3150201CD00080C3010180C3018280C3014380C301C52
S3150201CD10480C3012580C301A680C3016700C300E52
S3150201CD20780C301E880C3011980C3019A80C30156D
S3150201CD30B00C300DB80C301DC80C3013D80C301B9A
S3150201CD40E80C3017F00C300FF80C301F080DB0103C
S3150201CD50180DB018280DB014380DB01C480DB012BC
S3150201CD60580DB01A680DB016700DB00E780DB01EC2
S3150201CD70880DB011980DB019A80DB015B80DB01DDA
S3150201CD80C80DB013D80DB01BE80DB017F00DB00FDA
S3150201CD90F80DB01F080E7010180E7018280E7014B8
S3150201CDA0380E701C480E7012580E701A680E7016E4
S3150201CDB0780E701E880E7011980E7019A80E7015D5
S3150201CDC0B80E701DC80E7013D80E701BE80E7017C0
S3150201CDD0F00E700FF80E701F080FF010180FF018F2
S3150201CDE0280FF014380FF01C480FF012580FF01AE2
S3150201CDF0680FF016780FF01E880FF011980FF019D0
S3150201CE00A80FF015B80FF01DC80FF013D80FF01BBD
S3150201CE10E80FF017F80FF01F181008182810081459
S3150201CE203810081C481008125810081A68100816FB
S3150201CE307810081E8810081198100819A8100815EC
S3150201CE40B810081DC8100813D810081BE8100817D7
S3150201CE50F810081F18118818281188143811881C0F
S3150201CE60481188125811881A681188167811881E75
S3150201CE7098118819A8118815B811881DC811881327
S3150201CE80D811881BE8118817F811881F181248183B
S3150201CE90281248143812481C5812481A68124816A1
S3150201CEA07812481E98124819A8124815B812481D38
S3150201CEB0C8124813D812481BE8124817F812481F1D
S3150201CEC01813C8182813C8143813C81C5813C81ABB
S3150201CED06813C8167813C81E9813C819A813C8155B
S3150201CEE0B813C81DD813C81BE813C817F813C81FEF
S3150201CEF0181428183814281C5814281A68142816C5
S3150201CF007814281E98142819A8142815B814281D4F
S3150201CF10D814281BE8142817F814281F1815A8185E
S3150201CF203815A81C5815A81A6815A8167815A81E2A
S3150201CF309815A819B815A81DD815A81BE815A8177C
S3150201CF40F815A81F181668183816681C5816681A94
S3150201CF507816681E98166819B816681DD816681BC1
S3150201CF60E8166817F816681F1817E8183817E81C24
S3150201CF705817E81A7817E81E9817E819B817E81D1E
S3150201CF80D817E81BF817E81F3818181C5818181A6A
S3150201CF907818181E98181819B818181DD818181BB9
S3150201CFA0F818181F3819981C5819981A7819981EC2
S3150201CFB0B819981DD819981BF819981F381A581CB0
S3150201CFC0781A581EB81A581DD81A581BF81A581F1B
S3150201CFD0381BD81C781BD81EB81BD81DF81BD81FA6
S3150201CFE0781C381EB81C381DF81C381F781DB81E4F
S3150201CFF0F81DB81FF81E781F08000008100000046B
S3150201D0001800000C200000022800000A3000000669
S3150201D0103800000E400000014800000950000005DA
S3150201D0205800000D600000036800000B7000000745
S3150201D0307800000F88008008900080049800800C18
S3150201D040A0008002A800800AB0008006B800800E07
S3150201D050C0008001C8008009D0008005D800800D7B
S3150201D060E0008003E800800BF0008007F800800FE3
S3150201D07008014008100140041801400C2001400239
S3150201D0802801400A300140063801400E4801400994
S3150201D090500140055801400D600140036801400BF3
S3150201D0A0700140077801400F8801C0089001C00451
S3150201D0B09801C00CA001C002A801C00AB001C006B5
S3150201D0C0B801C00EC801C009D001C005D801C00D02
S3150201D0D0E001C003E801C00BF001C007F801C00F6F
S3150201D0E008022008100220041802200C2802200A35
S3150201D0F0300220063802200E48022009500220057D
S3150201D1005802200D600220036802200B70022007DC
S3150201D1107802200F8802A0089002A0049802A00CAF
S3150201D120A802A00AB002A006B802A00EC802A0096F
S3150201D130D002A005D802A00DE002A003E802A00BCE
S3150201D140F002A007F802A00F0803600810036004AA
S3150201D1501803600C2803600A300360063803600E68
S3150201D16048036009500360055803600D6803600BAC
S3150201D170700360077803600F8803E0089003E004F8
S3150201D1809803E00CA803E00AB003E006B803E00E38
S3150201D190C803E009D003E005D803E00DE803E00B7C
S3150201D1A0F003E007F803E00F080410081804100C56
S3150201D1B02804100A300410063804100E4804100917
S3150201D1C0500410055804100D6804100B7004100762
S3150201D1D07804100F880490089804900CA804900A09
S3150201D1E0B0049006B804900EC8049009D0049005C4
S3150201D1F0D804900DE804900BF0049007F804900F00
S3150201D200080550081805500C2805500A3005500625
S3150201D2103805500E480550095805500D6805500B42
S3150201D220700550077805500F8805D0089805D00C6F
S3150201D230A805D00AB005D006B805D00EC805D00992
S3150201D240D805D00DE805D00BF005D007F805D00FAB
S3150201D250080630081806300C2806300A3806300E41
S3150201D260480630095806300D6806300B700630073D
S3150201D2707806300F8806B0089806B00CA806B00AE0
S3150201D280B806B00EC806B009D806B00DE806B00B4E
S3150201D290F006B007F806B00F080770081807700CF9
S3150201D2A02807700A3807700E480770095807700D6B
S3150201D2B06807700B7807700F8807F0089807F00C5B
S3150201D2C0A807F00AB807F00EC807F009D807F00D4B
S3150201D2D0E807F00BF807F00F1808080C2808080AE7
S3150201D2E03808080E480808095808080D6808080B86
S3150201D2F07808080F9808880CA808880AB808880EC2
S3150201D300C8088809D808880DE808880BF808880F24
S3150201D3101809480C2809480A3809480E5809480DBF
S3150201D3206809480B7809480F9809C80CA809C80A60
S3150201D330B809C80ED809C80DE809C80BF809C80FFB
S3150201D340180A280C380A280E580A280D680A280BCA
S3150201D350780A280F980AA80CB80AA80ED80AA80DA6
S3150201D360E80AA80BF80AA80F180B680C380B680E06
S3150201D370580B680D780B680F980BE80CB80BE80E82
S3150201D380D80BE80DF80BE80F380C180E580C180DCF
S3150201D390780C180FB80C980ED80C980DF80C980F3B
S3150201D3A0380D580E780D580FB80DD80EF80DD80F46
S3150201D3B0780E380FF80EB80F0800000410000002AC
S3150201D3C018000006200000012800000530000003B5
S3150201D3D038000007400080004800800450008002A7
S3150201D3E05800800660008001680080057000800395
S3150201D3F078008007880040049000400298004006A9
S3150201D400A0004001A8004005B0004003B800400753
S3150201D410C800C004D000C002D800C006E000C001A6
S3150201D420E800C005F000C003F800C00708012004A7
S3150201D43010012002180120062801200530012003CF
S3150201D440380120074801A0045001A0025801A00694
S3150201D4506001A0016801A0057001A0037801A0077F
S3150201D460880160049001600298016006A8016005C6
S3150201D470B0016003B8016007C801E004D001E0020F
S3150201D480D801E006E801E005F001E003F801E00752
S3150201D49008021004180210062802100530021003B1
S3150201D4A03802100748029004500290025802900670
S3150201D4B06802900570029003780290078802500470
S3150201D4C098025006A8025005B0025003B80250074E
S3150201D4D0C802D004D802D006E802D005F002D00371
S3150201D4E0F802D00708033004180330062803300572
S3150201D4F0380330074803B0045803B0066803B00581
S3150201D5007003B0037803B0078803700498037006AA
S3150201D510A8037005B8037007C803F004D803F00620
S3150201D520E803F005F803F0071804080628040805BD
S3150201D53038040807480488045804880668048805DC
S3150201D5407804880798044806A8044805B8044807D9
S3150201D550D804C806E804C805F804C8071805280649
S3150201D560380528075805A8066805A8057805A807F5
S3150201D57098056806B8056807D805E806F805E807B4
S3150201D580380618075806980678069807B8065807FF
S3150201D590F806D8077807B80708000002100000014C
S3150201D5A0180000032000800028008002300080015C
S3150201D5B038008003480040025000400158004003F1
S3150201D5C06000C0006800C0027000C0017800C0039C
S3150201D5D0880020029000200198002003A800A002E2
S3150201D5E0B000A001B800A003C8006002D00060012B
S3150201D5F0D8006003E800E002F000E001F800E00371
S3150201D600080110021801100328019002300190014D
S3150201D6103801900348015002580150036801D002B3
S3150201D6207001D0017801D0038801300298013003DC
S3150201D630A801B002B801B003C8017002D801700393
S3150201D640E801F002F801F003180208032802880231
S3150201D65038028803580248036802C8027802C803DE
S3150201D66098022803B802A803D8026803F802E8035D
S3150201D670380398037803D8030800000110008000DC
S3150201D6801800800120004000280040013000C0003F
S3150201D6903800C001480020015000A0005800A00136
S3150201D6A0680060017000E0007800E0018800100166
S3150201D6B098009001A8005001B000D000B800D00136
S3150201D6C0C8003001D800B001E8007001F800F0018D
S3150201D6D018018801280148013801C8015801A80129
S3150201D6E07801E801B801D801080080001000400065
S3150201D6F01800C0002800A000300060003800E000D9
S3150201D700480090005800D0006800B0007800F00090
S3150201D7109800C800B800E800080040001000200088
S3150201D7201800600028005000380070005800680098
S3150201D7300000803F00000000B1FF7F3FC70F493B59
S3150201D740C4FE7F3F890FC93B39FD7F3F59CB163C4A
S3150201D75011FB7F3F900E493C4AF87F3F4B517B3C80
S3150201D760E6F47F3FB6C9963CE3F07F3F69EAAF3CF8
S3150201D77043EC7F3FB00AC93C05E77F3F7B2AE23C87
S3150201D78029E17F3FB949FB3CAFDA7F3F2F340A3D9E
S3150201D79098D37F3F2CC3163DE2CB7F3FCC51233D2D
S3150201D7A08FC37F3F07E02F3D9EBA7F3FD56D3C3D3C
S3150201D7B00FB17F3F2FFB483DE3A67F3F0E88553DC4
S3150201D7C0189C7F3F6814623DB1907F3F38A06E3D41
S3150201D7D0AB847F3F742B7B3D08787F3F0ADB833D19
S3150201D7E0C76A7F3F0A208A3DE95C7F3FB464903D68
S3150201D7F06D4E7F3F05A9963D543F7F3FF9EC9C3D17
S3150201D8009D2F7F3F8C30A33D491F7F3FBA73A93DB0
S3150201D810580E7F3F80B6AF3DC9FC7E3FDAF8B53D73
S3150201D8209DEA7E3FC33ABC3DD4D77E3F397CC23D99
S3150201D8306DC47E3F36BDC83D69B07E3FB7FDCE3D64
S3150201D840C99B7E3FB93DD53D8B867E3F377DDB3D0C
S3150201D850B0707E3F2EBCE13D385A7E3F9AFAE73DD3
S3150201D86023437E3F7638EE3D722B7E3FC075F43DF3
S3150201D87024137E3F73B2FA3D38FA7D3F4577003E67
S3150201D880B1E07D3F0295033E8CC67D3F6EB2063EF8
S3150201D890CCAB7D3F86CF093E6E907D3F4AEC0C3E76
S3150201D8A074747D3FB708103EDE577D3FCA24133E8E
S3150201D8B0AC3A7D3F8340163EDD1C7D3FE05B193E5F
S3150201D8C073FE7C3FDE761C3E6CDF7C3F7B911F3E06
S3150201D8D0C9BF7C3FB6AB223E8A9F7C3F8CC5253EA3
S3150201D8E0B07E7C3FFCDE283E3A5D7C3F04F82B3E4F
S3150201D8F0283B7C3FA2102F3E7A187C3FD428323E29
S3150201D90031F57B3F9840353E4DD17B3FEC57383E52
S3150201D910CDAC7B3FCF6E3B3EB2877B3F3E853E3EE3
S3150201D920FC617B3F379B413EAB3B7B3FB9B0443EFB
S3150201D930BE147B3FC2C5473E37ED7A3F4FDA4A3EB8
S3150201D94016C57A3F60EE4D3E599C7A3FF101513E32
S3150201D95002737A3F0115543E10497A3F8F27573E8B
S3150201D960841E7A3F97395A3E5EF3793F1A4B5D3EE2
S3150201D9709DC7793F135C603E439B793F836C633E4F
S3150201D9804E6E793F667C663EC040793FBA8B693EF0
S3150201D9909812793F7F9A6C3ED6E3783FB2A86F3EE2
S3150201D9A07BB4783F51B6723E8684783F5AC3753E40
S3150201D9B0F853783FCCCF783ED122783FA4DB7B3E29
S3150201D9C010F1773FE1E67E3EB7BE773FC0F8803E73
S3150201D9D0C58B773FC07D823E3A58773F7002843EBF
S3150201D9E01724773FCE86853E5BEF763FDA0A873E7E
S3150201D9F007BA763F938E883E1B84763FF8118A3E9C
S3150201DA00974D763F07958B3E7A16763FC0178D3E28
S3150201DA10C6DE753F229A8E3E7BA6753F2C1C903E32
S3150201DA20976D753FDD9D913E1D34753F351F933EC2
S3150201DA300BFA743F31A0943E62BF743FD220963EE8
S3150201DA402284743F17A1973E4B48743FFE20993EAC
S3150201DA50DD0B743F86A09A3ED9CE733FAF1F9C3E23
S3150201DA603F91733F789E9D3E0E53733FDF1C9F3E4F
S3150201DA704714733FE59AA03EEBD4723F8718A23E44
S3150201DA80F894723FC595A33E7054723F9F12A53E0C
S3150201DA905213723F128FA63E9FD1713F1F0BA83EB2
S3150201DAA0578F713FC486A93E7A4C713F0102AB3E44
S3150201DAB00809713FD47CAC3E02C5703F3CF7AD3ECE
S3150201DAC06680703F3A71AF3E373B703FCBEAB03E5C
S3150201DAD073F56F3FEF63B23E1BAF6F3FA5DCB33EFB
S3150201DAE030686F3FEC54B53EB0206F3FC3CCB63EB3
S3150201DAF09ED86E3F2A44B83EF88F6E3F1EBBB93E92
S3150201DB00BE466E3FA031BB3EF2FC6D3FAFA7BC3EA7
S3150201DB1093B26D3F4A1DBE3EA1676D3F6F92BF3EF6
S3150201DB201D1C6D3F1E07C13E07D06C3F557BC23E91
S3150201DB305E836C3F15EFC33E24366C3F5C62C53E85
S3150201DB4058E86B3F29D5C63EFB996B3F7C47C83ED9
S3150201DB500C4B6B3F53B9C93E8CFB6A3FAE2ACB3E97
S3150201DB607BAB6A3F8B9BCC3ED95A6A3FEA0BCE3ED0
S3150201DB70A7096A3FCA7BCF3EE4B7693F2AEBD03E8B
S3150201DB809165693F095AD23EAE12693F67C8D33ED3
S3150201DB903CBF683F4136D53E396B683F99A3D63EB5
S3150201DBA0A816683F6B10D83E87C1673FB97CD93E3C
S3150201DBB0D86B673F80E8DA3E9915673FC153DC3E71
S3150201DBC0CCBE663F79BEDD3E7167663FA928DF3E60
S3150201DBD0880F663F4F92E03E10B7653F6AFBE13E12
S3150201DBE00B5E653FFA63E33E7904653FFECBE43E95
S3150201DBF059AA643F7533E63EAC4F643F5D9AE73EF0
S3150201DC0073F4633FB700E93EAC98633F8166EA3E2F
S3150201DC105A3C633FBBCBEB3E7BDF623F6330ED3E5B
S3150201DC201082623F7994EE3E1A24623FFBF7EF3E81
S3150201DC3098C5613FEA5AF13E8A66613F43BDF23EAB
S3150201DC40F206613F071FF43ECFA6603F3580F53EDF
S3150201DC502146603FCBE0F63EE9E45F3FC840F83E2D
S3150201DC6027835F3F2DA0F93EDB205F3FF7FEFA3E99
S3150201DC7005BE5E3F275DFC3EA65A5E3FBBBAFD3E30
S3150201DC80BEF65D3FB217FF3E4D925D3F063A003F3B
S3150201DC90532D5D3FE4E7003FD1C75C3F7395013FDA
S3150201DCA0C7615C3FB142023F34FB5B3F9FEF023FDC
S3150201DCB01A945B3F3D9C033F792C5B3F8948043FA5
S3150201DCC050C45A3F84F4043FA05B5A3F2CA0053F3F
S3150201DCD06AF2593F824B063FAD88593F86F6063FA7
S3150201DCE06A1E593F36A1073FA1B3583F924B083FDF
S3150201DCF05348583F9BF5083F7FDC573F4E9F093FEC
S3150201DD002670573FAD480A3F4803573FB7F10A3FCE
S3150201DD10E595563F6B9A0B3FFE27563FC9420C3F8C
S3150201DD2093B9553FD0EA0C3FA44A553F81920D3F24
S3150201DD3031DB543FDA390E3F3B6B543FDBE00E3F9A
S3150201DD40C3FA533F84870F3FC789533FD52D103FEF
S3150201DD504918533FCDD3103F49A6523F6B79113F24
S3150201DD60C633523FB01E123FC2C0513F9AC3123F41
S3150201DD703D4D513F2A68133F37D9503F5F0C143F3F
S3150201DD80AF64503F39B0143FA8EF4F3FB753153F29
S3150201DD901F7A4F3FD9F6153F17044F3F9F99163FFA
S3150201DDA0908D4E3F073C173F89164E3F12DE173FB5
S3150201DDB0029F4D3FC07F183FFD264D3F0F21193F60
S3150201DDC079AE4C3F00C2193F78354C3F93621A3FF8
S3150201DDD0F8BB4B3FC6021B3FFA414B3F99A21B3F81
S3150201DDE07FC74A3F0C421C3F874C4A3F1FE11C3FFB
S3150201DDF012D1493FD17F1D3F2155493F221E1E3F68
S3150201DE00B3D8483F12BC1E3FCA5B483F9F591F3FCA
S3150201DE1065DE473FCBF61F3F8560473F9393203F21
S3150201DE202AE2463FF92F213F5463463FFBCB213F6E
S3150201DE3003E4453F9967223F3964453FD302233FB5
S3150201DE40F5E3443FA99D233F3763443F1A38243FF4
S3150201DE5000E2433F25D2243F5160433FCB6B253F2E
S3150201DE6029DE423F0A05263F895B423FE39D263F63
S3150201DE7070D8413F5636273FE154413F61CE273F95
S3150201DE80DAD0403F0566283F5C4C403F41FD283FC2
S3150201DE9067C73F3F1594293FFC413F3F802A2A3FEE
S3150201DEA01BBC3E3F82C02A3FC5353E3F1B562B3F18
S3150201DEB0F9AE3D3F4AEB2B3FB8273D3F0F802C3F42
S3150201DEC003A03C3F69142D3FD9173C3F59A82D3F6A
S3150201DED03B8F3B3FDE3B2E3F29063B3FF7CE2E3F94
S3150201DEE0A47C3A3FA5612F3FACF2393FE6F32F3FBF
S3150201DEF04268393FBB85303F65DD383F2217313FE6
S3150201DF001652383F1DA8313F55C6373FAA38323F10
S3150201DF10233A373FC9C8323F7FAD363F7A58333F3E
S3150201DF206C20363FBCE7333FE792353F8F76343F6D
S3150201DF30F304353FF304353F8F76343FE792353F9D
S3150201DF40BCE7333F6C20363F7A58333F7FAD363FCD
S3150201DF50C9C8323F233A373FAA38323F55C6373FFF
S3150201DF601DA8313F1652383F2217313F65DD383F32
S3150201DF70BB85303F4268393FE6F32F3FACF2393F6A
S3150201DF80A5612F3FA47C3A3FF7CE2E3F29063B3FA0
S3150201DF90DE3B2E3F3B8F3B3F59A82D3FD9173C3FD6
S3150201DFA069142D3F03A03C3F0F802C3FB8273D3F0C
S3150201DFB04AEB2B3FF9AE3D3F1B562B3FC5353E3F44
S3150201DFC082C02A3F1BBC3E3F802A2A3FFC413F3F7B
S3150201DFD01594293F67C73F3F41FD283F5C4C403FAF
S3150201DFE00566283FDAD0403F61CE273FE154413FE3
S3150201DFF05636273F70D8413FE39D263F895B423F14
S3150201E0000A05263F29DE423FCB6B253F5160433F3E
S3150201E01025D2243F00E2433F1A38243F3763443F67
S3150201E020A99D233FF5E3443FD302233F3964453F8C
S3150201E0309967223F03E4453FFBCB213F5463463FA9
S3150201E040F92F213F2AE2463F9393203F8560473FBE
S3150201E050CBF61F3F65DE473F9F591F3FCA5B483FCD
S3150201E06012BC1E3FB3D8483F221E1E3F2155493FCF
S3150201E070D17F1D3F12D1493F1FE11C3F874C4A3FC9
S3150201E0800C421C3F7FC74A3F99A21B3FFA414B3FB5
S3150201E090C6021B3FF8BB4B3F93621A3F78354C3F92
S3150201E0A000C2193F79AE4C3F0F21193FFD264D3F64
S3150201E0B0C07F183F029F4D3F12DE173F89164E3F22
S3150201E0C0073C173F908D4E3F9F99163F17044F3FCE
S3150201E0D0D9F6153F1F7A4F3FB753153FA8EF4F3F6A
S3150201E0E039B0143FAF64503F5F0C143F37D9503FEC
S3150201E0F02A68133F3D4D513F9AC3123FC2C0513F59
S3150201E100B01E123FC633523F6B79113F49A6523FA9
S3150201E110CDD3103F4918533FD52D103FC789533FE1
S3150201E12084870F3FC3FA533FDBE00E3F3B6B543FFD
S3150201E130DA390E3F31DB543F81920D3FA44A553FF6
S3150201E140D0EA0C3F93B9553FC9420C3FFE27563FD1
S3150201E1506B9A0B3FE595563FB7F10A3F4803573F86
S3150201E160AD480A3F2670573F4E9F093F7FDC573F16
S3150201E1709BF5083F5348583F924B083FA1B3583F7E
S3150201E18036A1073F6A1E593F86F6063FAD88593FBB
S3150201E190824B063F6AF2593F2CA0053FA05B5A3FCC
S3150201E1A084F4043F50C45A3F8948043F792C5B3FAB
S3150201E1B03D9C033F1A945B3F9FEF023F34FB5B3F5B
S3150201E1C0B142023FC7615C3F7395013FD1C75C3FD4
S3150201E1D0E4E7003F532D5D3F063A003F4D925D3F16
S3150201E1E0B217FF3EBEF65D3FBBBAFD3EA65A5E3F83
S3150201E1F0275DFC3E05BE5E3FF7FEFA3EDB205F3F32
S3150201E2002DA0F93E27835F3FC840F83EE9E45F3F10
S3150201E210CBE0F63E2146603F3580F53ECFA6603F14
S3150201E220071FF43EF206613F43BDF23E8A66613F35
S3150201E230EA5AF13E98C5613FFBF7EF3E1A24623F67
S3150201E2407994EE3E1082623F6330ED3E7BDF623FA0
S3150201E250BBCBEB3E5A3C633F8166EA3EAC98633FD9
S3150201E260B700E93E73F4633F5D9AE73EAC4F643F04
S3150201E2707533E63E59AA643FFECBE43E7904653F17
S3150201E280FA63E33E0B5E653F6AFBE13E10B7653F0B
S3150201E2904F92E03E880F663FA928DF3E7167663FCF
S3150201E2A079BEDD3ECCBE663FC153DC3E9915673F62
S3150201E2B080E8DA3ED86B673FB97CD93E87C1673FB2
S3150201E2C06B10D83EA816683F99A3D63E396B683FB4
S3150201E2D04136D53E3CBF683F67C8D33EAE12693F61
S3150201E2E0095AD23E9165693F2AEBD03EE4B7693FAE
S3150201E2F0CA7BCF3EA7096A3FEA0BCE3ED95A6A3F8D
S3150201E3008B9BCC3E7BAB6A3FAE2ACB3E8CFB6A3FF4
S3150201E31053B9C93E0C4B6B3F7C47C83EFB996B3FD9
S3150201E32029D5C63E58E86B3F5C62C53E24366C3F32
S3150201E33015EFC33E5E836C3F557BC23E07D06C3FF1
S3150201E3401E07C13E1D1C6D3F6F92BF3EA1676D3F09
S3150201E3504A1DBE3E93B26D3FAFA7BC3EF2FC6D3F76
S3150201E360A031BB3EBE466E3F1EBBB93EF88F6E3F25
S3150201E3702A44B83E9ED86E3FC3CCB63EB0206F3F0C
S3150201E380EC54B53E30686F3FA5DCB33E1BAF6F3F21
S3150201E390EF63B23E73F56F3FCBEAB03E373B703F58
S3150201E3A03A71AF3E6680703F3CF7AD3E02C5703FA3
S3150201E3B0D47CAC3E0809713F0102AB3E7A4C713FF7
S3150201E3C0C486A93E578F713F1F0BA83E9FD1713F4D
S3150201E3D0128FA63E5213723F9F12A53E7054723F90
S3150201E3E0C595A33EF894723F8718A23EEBD4723FBD
S3150201E3F0E59AA03E4714733FDF1C9F3E0E53733FBF
S3150201E400789E9D3E3F91733FAF1F9C3ED9CE733F8F
S3150201E41086A09A3EDD0B743FFE20993E4B48743F1F
S3150201E42017A1973E2284743FD220963E62BF743F63
S3150201E43031A0943E0BFA743F351F933E1D34753F4E
S3150201E440DD9D913E976D753F2C1C903E7BA6753FD7
S3150201E450229A8E3EC6DE753FC0178D3E7A16763FEC
S3150201E46007958B3E974D763FF8118A3E1B84763F80
S3150201E470938E883E07BA763FDA0A873E5BEF763F8E
S3150201E480CE86853E1724773F7002843E3A58773FFF
S3150201E490C07D823EC58B773FC0F8803EB7BE773FCF
S3150201E4A0E1E67E3E10F1773FA4DB7B3ED122783F47
S3150201E4B0CCCF783EF853783F5AC3753E8684783F6F
S3150201E4C051B6723E7BB4783FB2A86F3ED6E3783F2F
S3150201E4D07F9A6C3E9812793FBA8B693EC040793F6A
S3150201E4E0667C663E4E6E793F836C633E439B793F03
S3150201E4F0135C603E9DC7793F1A4B5D3E5EF3793FE1
S3150201E50097395A3E841E7A3F8F27573E10497A3FE2
S3150201E5100115543E02737A3FF101513E599C7A3FED
S3150201E52060EE4D3E16C57A3F4FDA4A3E37ED7A3FE7
S3150201E530C2C5473EBE147B3FB9B0443EAB3B7B3FAF
S3150201E540379B413EFC617B3F3E853E3EB2877B3F28
S3150201E550CF6E3B3ECDAC7B3FEC57383E4DD17B3F38
S3150201E5609840353E31F57B3FD428323E7A187C3FBE
S3150201E570A2102F3E283B7C3F04F82B3E3A5D7C3F9E
S3150201E580FCDE283EB07E7C3F8CC5253E8A9F7C3FC1
S3150201E590B6AB223EC9BF7C3F7B911F3E6CDF7C3FFF
S3150201E5A0DE761C3E73FE7C3FE05B193EDD1C7D3F41
S3150201E5B08340163EAC3A7D3FCA24133EDE577D3F69
S3150201E5C0B708103E74747D3F4AEC0C3E6E907D3F57
S3150201E5D086CF093ECCAB7D3F6EB2063E8CC67D3FF1
S3150201E5E00295033EB1E07D3F4577003E38FA7D3F15
S3150201E5F073B2FA3D24137E3FC075F43D722B7E3F02
S3150201E6007638EE3D23437E3F9AFAE73D385A7E3FFE
S3150201E6102EBCE13DB0707E3F377DDB3D8B867E3F72
S3150201E620B93DD53DC99B7E3FB7FDCE3D69B07E3F23
S3150201E63036BDC83D6DC47E3F397CC23DD4D77E3FCF
S3150201E640C33ABC3D9DEA7E3FDAF8B53DC9FC7E3F41
S3150201E65080B6AF3D580E7F3FBA73A93D491F7F3F32
S3150201E6608C30A33D9D2F7F3FF9EC9C3D543F7F3F6C
S3150201E67005A9963D6D4E7F3FB464903DE95C7F3FAF
S3150201E6800A208A3DC76A7F3F0ADB833D08787F3FBE
S3150201E690742B7B3DAB847F3F38A06E3DB1907F3FAB
S3150201E6A06814623D189C7F3F0E88553DE3A67F3F65
S3150201E6B02FFB483D0FB17F3FD56D3C3D9EBA7F3F53
S3150201E6C007E02F3D8FC37F3FCC51233DE2CB7F3FF6
S3150201E6D02CC3163D98D37F3F2F340A3DAFDA7F3FD5
S3150201E6E0B949FB3C29E17F3F7B2AE23C05E77F3FB3
S3150201E6F0B00AC93C43EC7F3F69EAAF3CE3F07F3F96
S3150201E700B6C9963CE6F47F3F4B517B3C4AF87F3FC4
S3150201E710900E493C11FB7F3F59CB163C39FD7F3F99
S3150201E720890FC93BC4FE7F3FC70F493BB1FF7F3FFC
S3150201E730000000000000803FC70F49BBB1FF7F3FC9
S3150201E740890FC9BBC4FE7F3F59CB16BC39FD7F3F3A
S3150201E750900E49BC11FB7F3F4B517BBC4AF87F3F70
S3150201E760B6C996BCE6F47F3F69EAAFBCE3F07F3FE8
S3150201E770B00AC9BC43EC7F3F7B2AE2BC05E77F3F77
S3150201E780B949FBBC29E17F3F2F340ABDAFDA7F3F8E
S3150201E7902CC316BD98D37F3FCC5123BDE2CB7F3F1D
S3150201E7A007E02FBD8FC37F3FD56D3CBD9EBA7F3F2C
S3150201E7B02FFB48BD0FB17F3F0E8855BDE3A67F3FB4
S3150201E7C0681462BD189C7F3F38A06EBDB1907F3F31
S3150201E7D0742B7BBDAB847F3F0ADB83BD08787F3F09
S3150201E7E00A208ABDC76A7F3FB46490BDE95C7F3F58
S3150201E7F005A996BD6D4E7F3FF9EC9CBD543F7F3F07
S3150201E8008C30A3BD9D2F7F3FBA73A9BD491F7F3FA0
S3150201E81080B6AFBD580E7F3FDAF8B5BDC9FC7E3F63
S3150201E820C33ABCBD9DEA7E3F397CC2BDD4D77E3F89
S3150201E83036BDC8BD6DC47E3FB7FDCEBD69B07E3F54
S3150201E840B93DD5BDC99B7E3F377DDBBD8B867E3FFC
S3150201E8502EBCE1BDB0707E3F9AFAE7BD385A7E3FC3
S3150201E8607638EEBD23437E3FC075F4BD722B7E3FE3
S3150201E87073B2FABD24137E3F457700BE38FA7D3F57
S3150201E880029503BEB1E07D3F6EB206BE8CC67D3FE8
S3150201E89086CF09BECCAB7D3F4AEC0CBE6E907D3F66
S3150201E8A0B70810BE74747D3FCA2413BEDE577D3F7E
S3150201E8B0834016BEAC3A7D3FE05B19BEDD1C7D3F4F
S3150201E8C0DE761CBE73FE7C3F7B911FBE6CDF7C3FF6
S3150201E8D0B6AB22BEC9BF7C3F8CC525BE8A9F7C3F93
S3150201E8E0FCDE28BEB07E7C3F04F82BBE3A5D7C3F3F
S3150201E8F0A2102FBE283B7C3FD42832BE7A187C3F19
S3150201E900984035BE31F57B3FEC5738BE4DD17B3F42
S3150201E910CF6E3BBECDAC7B3F3E853EBEB2877B3FD3
S3150201E920379B41BEFC617B3FB9B044BEAB3B7B3FEB
S3150201E930C2C547BEBE147B3F4FDA4ABE37ED7A3FA8
S3150201E94060EE4DBE16C57A3FF10151BE599C7A3F22
S3150201E950011554BE02737A3F8F2757BE10497A3F7B
S3150201E96097395ABE841E7A3F1A4B5DBE5EF3793FD2
S3150201E970135C60BE9DC7793F836C63BE439B793F3F
S3150201E980667C66BE4E6E793FBA8B69BEC040793FE0
S3150201E9907F9A6CBE9812793FB2A86FBED6E3783FD2
S3150201E9A051B672BE7BB4783F5AC375BE8684783F30
S3150201E9B0CCCF78BEF853783FA4DB7BBED122783F19
S3150201E9C0E1E67EBE10F1773FC0F880BEB7BE773F63
S3150201E9D0C07D82BEC58B773F700284BE3A58773FAF
S3150201E9E0CE8685BE1724773FDA0A87BE5BEF763F6E
S3150201E9F0938E88BE07BA763FF8118ABE1B84763F8C
S3150201EA0007958BBE974D763FC0178DBE7A16763F18
S3150201EA10229A8EBEC6DE753F2C1C90BE7BA6753F22
S3150201EA20DD9D91BE976D753F351F93BE1D34753FB2
S3150201EA3031A094BE0BFA743FD22096BE62BF743FD8
S3150201EA4017A197BE2284743FFE2099BE4B48743F9C
S3150201EA5086A09ABEDD0B743FAF1F9CBED9CE733F13
S3150201EA60789E9DBE3F91733FDF1C9FBE0E53733F3F
S3150201EA70E59AA0BE4714733F8718A2BEEBD4723F34
S3150201EA80C595A3BEF894723F9F12A5BE7054723FFC
S3150201EA90128FA6BE5213723F1F0BA8BE9FD1713FA2
S3150201EAA0C486A9BE578F713F0102ABBE7A4C713F34
S3150201EAB0D47CACBE0809713F3CF7ADBE02C5703FBE
S3150201EAC03A71AFBE6680703FCBEAB0BE373B703F4C
S3150201EAD0EF63B2BE73F56F3FA5DCB3BE1BAF6F3FEB
S3150201EAE0EC54B5BE30686F3FC3CCB6BEB0206F3FA3
S3150201EAF02A44B8BE9ED86E3F1EBBB9BEF88F6E3F82
S3150201EB00A031BBBEBE466E3FAFA7BCBEF2FC6D3F97
S3150201EB104A1DBEBE93B26D3F6F92BFBEA1676D3FE6
S3150201EB201E07C1BE1D1C6D3F557BC2BE07D06C3F81
S3150201EB3015EFC3BE5E836C3F5C62C5BE24366C3F75
S3150201EB4029D5C6BE58E86B3F7C47C8BEFB996B3FC9
S3150201EB5053B9C9BE0C4B6B3FAE2ACBBE8CFB6A3F87
S3150201EB608B9BCCBE7BAB6A3FEA0BCEBED95A6A3FC0
S3150201EB70CA7BCFBEA7096A3F2AEBD0BEE4B7693F7B
S3150201EB80095AD2BE9165693F67C8D3BEAE12693FC3
S3150201EB904136D5BE3CBF683F99A3D6BE396B683FA5
S3150201EBA06B10D8BEA816683FB97CD9BE87C1673F2C
S3150201EBB080E8DABED86B673FC153DCBE9915673F61
S3150201EBC079BEDDBECCBE663FA928DFBE7167663F50
S3150201EBD04F92E0BE880F663F6AFBE1BE10B7653F02
S3150201EBE0FA63E3BE0B5E653FFECBE4BE7904653F85
S3150201EBF07533E6BE59AA643F5D9AE7BEAC4F643FE0
S3150201EC00B700E9BE73F4633F8166EABEAC98633F1F
S3150201EC10BBCBEBBE5A3C633F6330EDBE7BDF623F4B
S3150201EC207994EEBE1082623FFBF7EFBE1A24623F71
S3150201EC30EA5AF1BE98C5613F43BDF2BE8A66613F9B
S3150201EC40071FF4BEF206613F3580F5BECFA6603FCF
S3150201EC50CBE0F6BE2146603FC840F8BEE9E45F3F1D
S3150201EC602DA0F9BE27835F3FF7FEFABEDB205F3F89
S3150201EC70275DFCBE05BE5E3FBBBAFDBEA65A5E3F20
S3150201EC80B217FFBEBEF65D3F063A00BF4D925D3F2B
S3150201EC90E4E700BF532D5D3F739501BFD1C75C3FCA
S3150201ECA0B14202BFC7615C3F9FEF02BF34FB5B3FCC
S3150201ECB03D9C03BF1A945B3F894804BF792C5B3F95
S3150201ECC084F404BF50C45A3F2CA005BFA05B5A3F2F
S3150201ECD0824B06BF6AF2593F86F606BFAD88593F97
S3150201ECE036A107BF6A1E593F924B08BFA1B3583FCF
S3150201ECF09BF508BF5348583F4E9F09BF7FDC573FDC
S3150201ED00AD480ABF2670573FB7F10ABF4803573FBE
S3150201ED106B9A0BBFE595563FC9420CBFFE27563F7C
S3150201ED20D0EA0CBF93B9553F81920DBFA44A553F14
S3150201ED30DA390EBF31DB543FDBE00EBF3B6B543F8A
S3150201ED4084870FBFC3FA533FD52D10BFC789533FDF
S3150201ED50CDD310BF4918533F6B7911BF49A6523F14
S3150201ED60B01E12BFC633523F9AC312BFC2C0513F31
S3150201ED702A6813BF3D4D513F5F0C14BF37D9503F2F
S3150201ED8039B014BFAF64503FB75315BFA8EF4F3F19
S3150201ED90D9F615BF1F7A4F3F9F9916BF17044F3FEA
S3150201EDA0073C17BF908D4E3F12DE17BF89164E3FA5
S3150201EDB0C07F18BF029F4D3F0F2119BFFD264D3F50
S3150201EDC000C219BF79AE4C3F93621ABF78354C3FE8
S3150201EDD0C6021BBFF8BB4B3F99A21BBFFA414B3F71
S3150201EDE00C421CBF7FC74A3F1FE11CBF874C4A3FEB
S3150201EDF0D17F1DBF12D1493F221E1EBF2155493F58
S3150201EE0012BC1EBFB3D8483F9F591FBFCA5B483FBA
S3150201EE10CBF61FBF65DE473F939320BF8560473F11
S3150201EE20F92F21BF2AE2463FFBCB21BF5463463F5E
S3150201EE30996722BF03E4453FD30223BF3964453FA5
S3150201EE40A99D23BFF5E3443F1A3824BF3763443FE4
S3150201EE5025D224BF00E2433FCB6B25BF5160433F1E
S3150201EE600A0526BF29DE423FE39D26BF895B423F53
S3150201EE70563627BF70D8413F61CE27BFE154413F85
S3150201EE80056628BFDAD0403F41FD28BF5C4C403FB2
S3150201EE90159429BF67C73F3F802A2ABFFC413F3FDE
S3150201EEA082C02ABF1BBC3E3F1B562BBFC5353E3F08
S3150201EEB04AEB2BBFF9AE3D3F0F802CBFB8273D3F32
S3150201EEC069142DBF03A03C3F59A82DBFD9173C3F5A
S3150201EED0DE3B2EBF3B8F3B3FF7CE2EBF29063B3F84
S3150201EEE0A5612FBFA47C3A3FE6F32FBFACF2393FAF
S3150201EEF0BB8530BF4268393F221731BF65DD383FD6
S3150201EF001DA831BF1652383FAA3832BF55C6373F00
S3150201EF10C9C832BF233A373F7A5833BF7FAD363F2E
S3150201EF20BCE733BF6C20363F8F7634BFE792353F5D
S3150201EF30F30435BFF304353FE79235BF8F76343F8D
S3150201EF406C2036BFBCE7333F7FAD36BF7A58333FBD
S3150201EF50233A37BFC9C8323F55C637BFAA38323FEF
S3150201EF60165238BF1DA8313F65DD38BF2217313F22
S3150201EF70426839BFBB85303FACF239BFE6F32F3F5A
S3150201EF80A47C3ABFA5612F3F29063BBFF7CE2E3F90
S3150201EF903B8F3BBFDE3B2E3FD9173CBF59A82D3FC6
S3150201EFA003A03CBF69142D3FB8273DBF0F802C3FFC
S3150201EFB0F9AE3DBF4AEB2B3FC5353EBF1B562B3F34
S3150201EFC01BBC3EBF82C02A3FFC413FBF802A2A3F6B
S3150201EFD067C73FBF1594293F5C4C40BF41FD283F9F
S3150201EFE0DAD040BF0566283FE15441BF61CE273FD3
S3150201EFF070D841BF5636273F895B42BFE39D263F04
S3150201F00029DE42BF0A05263F516043BFCB6B253F2E
S3150201F01000E243BF25D2243F376344BF1A38243F57
S3150201F020F5E344BFA99D233F396445BFD302233F7C
S3150201F03003E445BF9967223F546346BFFBCB213F99
S3150201F0402AE246BFF92F213F856047BF9393203FAE
S3150201F05065DE47BFCBF61F3FCA5B48BF9F591F3FBD
S3150201F060B3D848BF12BC1E3F215549BF221E1E3FBF
S3150201F07012D149BFD17F1D3F874C4ABF1FE11C3FB9
S3150201F0807FC74ABF0C421C3FFA414BBF99A21B3FA5
S3150201F090F8BB4BBFC6021B3F78354CBF93621A3F82
S3150201F0A079AE4CBF00C2193FFD264DBF0F21193F54
S3150201F0B0029F4DBFC07F183F89164EBF12DE173F12
S3150201F0C0908D4EBF073C173F17044FBF9F99163FBE
S3150201F0D01F7A4FBFD9F6153FA8EF4FBFB753153F5A
S3150201F0E0AF6450BF39B0143F37D950BF5F0C143FDC
S3150201F0F03D4D51BF2A68133FC2C051BF9AC3123F49
S3150201F100C63352BFB01E123F49A652BF6B79113F99
S3150201F110491853BFCDD3103FC78953BFD52D103FD1
S3150201F120C3FA53BF84870F3F3B6B54BFDBE00E3FED
S3150201F13031DB54BFDA390E3FA44A55BF81920D3FE6
S3150201F14093B955BFD0EA0C3FFE2756BFC9420C3FC1
S3150201F150E59556BF6B9A0B3F480357BFB7F10A3F76
S3150201F160267057BFAD480A3F7FDC57BF4E9F093F06
S3150201F170534858BF9BF5083FA1B358BF924B083F6E
S3150201F1806A1E59BF36A1073FAD8859BF86F6063FAB
S3150201F1906AF259BF824B063FA05B5ABF2CA0053FBC
S3150201F1A050C45ABF84F4043F792C5BBF8948043F9B
S3150201F1B01A945BBF3D9C033F34FB5BBF9FEF023F4B
S3150201F1C0C7615CBFB142023FD1C75CBF7395013FC4
S3150201F1D0532D5DBFE4E7003F4D925DBF063A003F06
S3150201F1E0BEF65DBFB217FF3EA65A5EBFBBBAFD3E73
S3150201F1F005BE5EBF275DFC3EDB205FBFF7FEFA3E22
S3150201F20027835FBF2DA0F93EE9E45FBFC840F83E00
S3150201F210214660BFCBE0F63ECFA660BF3580F53E04
S3150201F220F20661BF071FF43E8A6661BF43BDF23E25
S3150201F23098C561BFEA5AF13E1A2462BFFBF7EF3E57
S3150201F240108262BF7994EE3E7BDF62BF6330ED3E90
S3150201F2505A3C63BFBBCBEB3EAC9863BF8166EA3EC9
S3150201F26073F463BFB700E93EAC4F64BF5D9AE73EF4
S3150201F27059AA64BF7533E63E790465BFFECBE43E07
S3150201F2800B5E65BFFA63E33E10B765BF6AFBE13EFB
S3150201F290880F66BF4F92E03E716766BFA928DF3EBF
S3150201F2A0CCBE66BF79BEDD3E991567BFC153DC3E52
S3150201F2B0D86B67BF80E8DA3E87C167BFB97CD93EA2
S3150201F2C0A81668BF6B10D83E396B68BF99A3D63EA4
S3150201F2D03CBF68BF4136D53EAE1269BF67C8D33E51
S3150201F2E0916569BF095AD23EE4B769BF2AEBD03E9E
S3150201F2F0A7096ABFCA7BCF3ED95A6ABFEA0BCE3E7D
S3150201F3007BAB6ABF8B9BCC3E8CFB6ABFAE2ACB3EE4
S3150201F3100C4B6BBF53B9C93EFB996BBF7C47C83EC9
S3150201F32058E86BBF29D5C63E24366CBF5C62C53E22
S3150201F3305E836CBF15EFC33E07D06CBF557BC23EE1
S3150201F3401D1C6DBF1E07C13EA1676DBF6F92BF3EF9
S3150201F35093B26DBF4A1DBE3EF2FC6DBFAFA7BC3E66
S3150201F360BE466EBFA031BB3EF88F6EBF1EBBB93E15
S3150201F3709ED86EBF2A44B83EB0206FBFC3CCB63EFC
S3150201F38030686FBFEC54B53E1BAF6FBFA5DCB33E11
S3150201F39073F56FBFEF63B23E373B70BFCBEAB03E48
S3150201F3A0668070BF3A71AF3E02C570BF3CF7AD3E93
S3150201F3B0080971BFD47CAC3E7A4C71BF0102AB3EE7
S3150201F3C0578F71BFC486A93E9FD171BF1F0BA83E3D
S3150201F3D0521372BF128FA63E705472BF9F12A53E80
S3150201F3E0F89472BFC595A33EEBD472BF8718A23EAD
S3150201F3F0471473BFE59AA03E0E5373BFDF1C9F3EAF
S3150201F4003F9173BF789E9D3ED9CE73BFAF1F9C3E7F
S3150201F410DD0B74BF86A09A3E4B4874BFFE20993E0F
S3150201F420228474BF17A1973E62BF74BFD220963E53
S3150201F4300BFA74BF31A0943E1D3475BF351F933E3E
S3150201F440976D75BFDD9D913E7BA675BF2C1C903EC7
S3150201F450C6DE75BF229A8E3E7A1676BFC0178D3EDC
S3150201F460974D76BF07958B3E1B8476BFF8118A3E70
S3150201F47007BA76BF938E883E5BEF76BFDA0A873E7E
S3150201F480172477BFCE86853E3A5877BF7002843EEF
S3150201F490C58B77BFC07D823EB7BE77BFC0F8803EBF
S3150201F4A010F177BFE1E67E3ED12278BFA4DB7B3E37
S3150201F4B0F85378BFCCCF783E868478BF5AC3753E5F
S3150201F4C07BB478BF51B6723ED6E378BFB2A86F3E1F
S3150201F4D0981279BF7F9A6C3EC04079BFBA8B693E5A
S3150201F4E04E6E79BF667C663E439B79BF836C633EF3
S3150201F4F09DC779BF135C603E5EF379BF1A4B5D3ED1
S3150201F500841E7ABF97395A3E10497ABF8F27573ED2
S3150201F51002737ABF0115543E599C7ABFF101513EDD
S3150201F52016C57ABF60EE4D3E37ED7ABF4FDA4A3ED7
S3150201F530BE147BBFC2C5473EAB3B7BBFB9B0443E9F
S3150201F540FC617BBF379B413EB2877BBF3E853E3E18
S3150201F550CDAC7BBFCF6E3B3E4DD17BBFEC57383E28
S3150201F56031F57BBF9840353E7A187CBFD428323EAE
S3150201F570283B7CBFA2102F3E3A5D7CBF04F82B3E8E
S3150201F580B07E7CBFFCDE283E8A9F7CBF8CC5253EB1
S3150201F590C9BF7CBFB6AB223E6CDF7CBF7B911F3EEF
S3150201F5A073FE7CBFDE761C3EDD1C7DBFE05B193E31
S3150201F5B0AC3A7DBF8340163EDE577DBFCA24133E59
S3150201F5C074747DBFB708103E6E907DBF4AEC0C3E47
S3150201F5D0CCAB7DBF86CF093E8CC67DBF6EB2063EE1
S3150201F5E0B1E07DBF0295033E38FA7DBF4577003E05
S3150201F5F024137EBF73B2FA3D722B7EBFC075F43DF2
S3150201F60023437EBF7638EE3D385A7EBF9AFAE73DEE
S3150201F610B0707EBF2EBCE13D8B867EBF377DDB3D62
S3150201F620C99B7EBFB93DD53D69B07EBFB7FDCE3D13
S3150201F6306DC47EBF36BDC83DD4D77EBF397CC23DBF
S3150201F6409DEA7EBFC33ABC3DC9FC7EBFDAF8B53D31
S3150201F650580E7FBF80B6AF3D491F7FBFBA73A93D22
S3150201F6609D2F7FBF8C30A33D543F7FBFF9EC9C3D5C
S3150201F6706D4E7FBF05A9963DE95C7FBFB464903D9F
S3150201F680C76A7FBF0A208A3D08787FBF0ADB833DAE
S3150201F690AB847FBF742B7B3DB1907FBF38A06E3D9B
S3150201F6A0189C7FBF6814623DE3A67FBF0E88553D55
S3150201F6B00FB17FBF2FFB483D9EBA7FBFD56D3C3D43
S3150201F6C08FC37FBF07E02F3DE2CB7FBFCC51233DE6
S3150201F6D098D37FBF2CC3163DAFDA7FBF2F340A3DC5
S3150201F6E029E17FBFB949FB3C05E77FBF7B2AE23CA3
S3150201F6F043EC7FBFB00AC93CE3F07FBF69EAAF3C86
S3150201F700E6F47FBFB6C9963C4AF87FBF4B517B3CB4
S3150201F71011FB7FBF900E493C39FD7FBF59CB163C89
S3150201F720C4FE7FBF890FC93BB1FF7FBFC70F493BEC
S3150201F730000080BF00000000B1FF7FBFC70F49BBB9
S3150201F740C4FE7FBF890FC9BB39FD7FBF59CB16BC2A
S3150201F75011FB7FBF900E49BC4AF87FBF4B517BBC60
S3150201F760E6F47FBFB6C996BCE3F07FBF69EAAFBCD8
S3150201F77043EC7FBFB00AC9BC05E77FBF7B2AE2BC67
S3150201F78029E17FBFB949FBBCAFDA7FBF2F340ABD7E
S3150201F79098D37FBF2CC316BDE2CB7FBFCC5123BD0D
S3150201F7A08FC37FBF07E02FBD9EBA7FBFD56D3CBD1C
S3150201F7B00FB17FBF2FFB48BDE3A67FBF0E8855BDA4
S3150201F7C0189C7FBF681462BDB1907FBF38A06EBD21
S3150201F7D0AB847FBF742B7BBD08787FBF0ADB83BDF9
S3150201F7E0C76A7FBF0A208ABDE95C7FBFB46490BD48
S3150201F7F06D4E7FBF05A996BD543F7FBFF9EC9CBDF7
S3150201F8009D2F7FBF8C30A3BD491F7FBFBA73A9BD90
S3150201F810580E7FBF80B6AFBDC9FC7EBFDAF8B5BD53
S3150201F8209DEA7EBFC33ABCBDD4D77EBF397CC2BD79
S3150201F8306DC47EBF36BDC8BD69B07EBFB7FDCEBD44
S3150201F840C99B7EBFB93DD5BD8B867EBF377DDBBDEC
S3150201F850B0707EBF2EBCE1BD385A7EBF9AFAE7BDB3
S3150201F86023437EBF7638EEBD722B7EBFC075F4BDD3
S3150201F87024137EBF73B2FABD38FA7DBF457700BE47
S3150201F880B1E07DBF029503BE8CC67DBF6EB206BED8
S3150201F890CCAB7DBF86CF09BE6E907DBF4AEC0CBE56
S3150201F8A074747DBFB70810BEDE577DBFCA2413BE6E
S3150201F8B0AC3A7DBF834016BEDD1C7DBFE05B19BE3F
S3150201F8C073FE7CBFDE761CBE6CDF7CBF7B911FBEE6
S3150201F8D0C9BF7CBFB6AB22BE8A9F7CBF8CC525BE83
S3150201F8E0B07E7CBFFCDE28BE3A5D7CBF04F82BBE2F
S3150201F8F0283B7CBFA2102FBE7A187CBFD42832BE09
S3150201F90031F57BBF984035BE4DD17BBFEC5738BE32
S3150201F910CDAC7BBFCF6E3BBEB2877BBF3E853EBEC3
S3150201F920FC617BBF379B41BEAB3B7BBFB9B044BEDB
S3150201F930BE147BBFC2C547BE37ED7ABF4FDA4ABE98
S3150201F94016C57ABF60EE4DBE599C7ABFF10151BE12
S3150201F95002737ABF011554BE10497ABF8F2757BE6B
S3150201F960841E7ABF97395ABE5EF379BF1A4B5DBEC2
S3150201F9709DC779BF135C60BE439B79BF836C63BE2F
S3150201F9804E6E79BF667C66BEC04079BFBA8B69BED0
S3150201F990981279BF7F9A6CBED6E378BFB2A86FBEC2
S3150201F9A07BB478BF51B672BE868478BF5AC375BE20
S3150201F9B0F85378BFCCCF78BED12278BFA4DB7BBE09
S3150201F9C010F177BFE1E67EBEB7BE77BFC0F880BE53
S3150201F9D0C58B77BFC07D82BE3A5877BF700284BE9F
S3150201F9E0172477BFCE8685BE5BEF76BFDA0A87BE5E
S3150201F9F007BA76BF938E88BE1B8476BFF8118ABE7C
S3150201FA00974D76BF07958BBE7A1676BFC0178DBE08
S3150201FA10C6DE75BF229A8EBE7BA675BF2C1C90BE12
S3150201FA20976D75BFDD9D91BE1D3475BF351F93BEA2
S3150201FA300BFA74BF31A094BE62BF74BFD22096BEC8
S3150201FA40228474BF17A197BE4B4874BFFE2099BE8C
S3150201FA50DD0B74BF86A09ABED9CE73BFAF1F9CBE03
S3150201FA603F9173BF789E9DBE0E5373BFDF1C9FBE2F
S3150201FA70471473BFE59AA0BEEBD472BF8718A2BE24
S3150201FA80F89472BFC595A3BE705472BF9F12A5BEEC
S3150201FA90521372BF128FA6BE9FD171BF1F0BA8BE92
S3150201FAA0578F71BFC486A9BE7A4C71BF0102ABBE24
S3150201FAB0080971BFD47CACBE02C570BF3CF7ADBEAE
S3150201FAC0668070BF3A71AFBE373B70BFCBEAB0BE3C
S3150201FAD073F56FBFEF63B2BE1BAF6FBFA5DCB3BEDB
S3150201FAE030686FBFEC54B5BEB0206FBFC3CCB6BE93
S3150201FAF09ED86EBF2A44B8BEF88F6EBF1EBBB9BE72
S3150201FB00BE466EBFA031BBBEF2FC6DBFAFA7BCBE87
S3150201FB1093B26DBF4A1DBEBEA1676DBF6F92BFBED6
S3150201FB201D1C6DBF1E07C1BE07D06CBF557BC2BE71
S3150201FB305E836CBF15EFC3BE24366CBF5C62C5BE65
S3150201FB4058E86BBF29D5C6BEFB996BBF7C47C8BEB9
S3150201FB500C4B6BBF53B9C9BE8CFB6ABFAE2ACBBE77
S3150201FB607BAB6ABF8B9BCCBED95A6ABFEA0BCEBEB0
S3150201FB70A7096ABFCA7BCFBEE4B769BF2AEBD0BE6B
S3150201FB80916569BF095AD2BEAE1269BF67C8D3BEB3
S3150201FB903CBF68BF4136D5BE396B68BF99A3D6BE95
S3150201FBA0A81668BF6B10D8BE87C167BFB97CD9BE1C
S3150201FBB0D86B67BF80E8DABE991567BFC153DCBE51
S3150201FBC0CCBE66BF79BEDDBE716766BFA928DFBE40
S3150201FBD0880F66BF4F92E0BE10B765BF6AFBE1BEF2
S3150201FBE00B5E65BFFA63E3BE790465BFFECBE4BE75
S3150201FBF059AA64BF7533E6BEAC4F64BF5D9AE7BED0
S3150201FC0073F463BFB700E9BEAC9863BF8166EABE0F
S3150201FC105A3C63BFBBCBEBBE7BDF62BF6330EDBE3B
S3150201FC20108262BF7994EEBE1A2462BFFBF7EFBE61
S3150201FC3098C561BFEA5AF1BE8A6661BF43BDF2BE8B
S3150201FC40F20661BF071FF4BECFA660BF3580F5BEBF
S3150201FC50214660BFCBE0F6BEE9E45FBFC840F8BE0D
S3150201FC6027835FBF2DA0F9BEDB205FBFF7FEFABE79
S3150201FC7005BE5EBF275DFCBEA65A5EBFBBBAFDBE10
S3150201FC80BEF65DBFB217FFBE4D925DBF063A00BF1B
S3150201FC90532D5DBFE4E700BFD1C75CBF739501BFBA
S3150201FCA0C7615CBFB14202BF34FB5BBF9FEF02BFBC
S3150201FCB01A945BBF3D9C03BF792C5BBF894804BF85
S3150201FCC050C45ABF84F404BFA05B5ABF2CA005BF1F
S3150201FCD06AF259BF824B06BFAD8859BF86F606BF87
S3150201FCE06A1E59BF36A107BFA1B358BF924B08BFBF
S3150201FCF0534858BF9BF508BF7FDC57BF4E9F09BFCC
S3150201FD00267057BFAD480ABF480357BFB7F10ABFAE
S3150201FD10E59556BF6B9A0BBFFE2756BFC9420CBF6C
S3150201FD2093B955BFD0EA0CBFA44A55BF81920DBF04
S3150201FD3031DB54BFDA390EBF3B6B54BFDBE00EBF7A
S3150201FD40C3FA53BF84870FBFC78953BFD52D10BFCF
S3150201FD50491853BFCDD310BF49A652BF6B7911BF04
S3150201FD60C63352BFB01E12BFC2C051BF9AC312BF21
S3150201FD703D4D51BF2A6813BF37D950BF5F0C14BF1F
S3150201FD80AF6450BF39B014BFA8EF4FBFB75315BF09
S3150201FD901F7A4FBFD9F615BF17044FBF9F9916BFDA
S3150201FDA0908D4EBF073C17BF89164EBF12DE17BF95
S3150201FDB0029F4DBFC07F18BFFD264DBF0F2119BF40
S3150201FDC079AE4CBF00C219BF78354CBF93621ABFD8
S3150201FDD0F8BB4BBFC6021BBFFA414BBF99A21BBF61
S3150201FDE07FC74ABF0C421CBF874C4ABF1FE11CBFDB
S3150201FDF012D149BFD17F1DBF215549BF221E1EBF48
S3150201FE00B3D848BF12BC1EBFCA5B48BF9F591FBFAA
S3150201FE1065DE47BFCBF61FBF856047BF939320BF01
S3150201FE202AE246BFF92F21BF546346BFFBCB21BF4E
S3150201FE3003E445BF996722BF396445BFD30223BF95
S3150201FE40F5E344BFA99D23BF376344BF1A3824BFD4
S3150201FE5000E243BF25D224BF516043BFCB6B25BF0E
S3150201FE6029DE42BF0A0526BF895B42BFE39D26BF43
S3150201FE7070D841BF563627BFE15441BF61CE27BF75
S3150201FE80DAD040BF056628BF5C4C40BF41FD28BFA2
S3150201FE9067C73FBF159429BFFC413FBF802A2ABFCE
S3150201FEA01BBC3EBF82C02ABFC5353EBF1B562BBFF8
S3150201FEB0F9AE3DBF4AEB2BBFB8273DBF0F802CBF22
S3150201FEC003A03CBF69142DBFD9173CBF59A82DBF4A
S3150201FED03B8F3BBFDE3B2EBF29063BBFF7CE2EBF74
S3150201FEE0A47C3ABFA5612FBFACF239BFE6F32FBF9F
S3150201FEF0426839BFBB8530BF65DD38BF221731BFC6
S3150201FF00165238BF1DA831BF55C637BFAA3832BFF0
S3150201FF10233A37BFC9C832BF7FAD36BF7A5833BF1E
S3150201FF206C2036BFBCE733BFE79235BF8F7634BF4D
S3150201FF30F30435BFF30435BF8F7634BFE79235BF7D
S3150201FF40BCE733BF6C2036BF7A5833BF7FAD36BFAD
S3150201FF50C9C832BF233A37BFAA3832BF55C637BFDF
S3150201FF601DA831BF165238BF221731BF65DD38BF12
S3150201FF70BB8530BF426839BFE6F32FBFACF239BF4A
S3150201FF80A5612FBFA47C3ABFF7CE2EBF29063BBF80
S3150201FF90DE3B2EBF3B8F3BBF59A82DBFD9173CBFB6
S3150201FFA069142DBF03A03CBF0F802CBFB8273DBFEC
S3150201FFB04AEB2BBFF9AE3DBF1B562BBFC5353EBF24
S3150201FFC082C02ABF1BBC3EBF802A2ABFFC413FBF5B
S3150201FFD0159429BF67C73FBF41FD28BF5C4C40BF8F
S3150201FFE0056628BFDAD040BF61CE27BFE15441BFC3
S3150201FFF0563627BF70D841BFE39D26BF895B42BFF4
S315020200000A0526BF29DE42BFCB6B25BF516043BF1D
S3150202001025D224BF00E243BF1A3824BF376344BF46
S31502020020A99D23BFF5E344BFD30223BF396445BF6B
S31502020030996722BF03E445BFFBCB21BF546346BF88
S31502020040F92F21BF2AE246BF939320BF856047BF9D
S31502020050CBF61FBF65DE47BF9F591FBFCA5B48BFAC
S3150202006012BC1EBFB3D848BF221E1EBF215549BFAE
S31502020070D17F1DBF12D149BF1FE11CBF874C4ABFA8
S315020200800C421CBF7FC74ABF99A21BBFFA414BBF94
S31502020090C6021BBFF8BB4BBF93621ABF78354CBF71
S315020200A000C219BF79AE4CBF0F2119BFFD264DBF43
S315020200B0C07F18BF029F4DBF12DE17BF89164EBF01
S315020200C0073C17BF908D4EBF9F9916BF17044FBFAD
S315020200D0D9F615BF1F7A4FBFB75315BFA8EF4FBF49
S315020200E039B014BFAF6450BF5F0C14BF37D950BFCB
S315020200F02A6813BF3D4D51BF9AC312BFC2C051BF38
S31502020100B01E12BFC63352BF6B7911BF49A652BF88
S31502020110CDD310BF491853BFD52D10BFC78953BFC0
S3150202012084870FBFC3FA53BFDBE00EBF3B6B54BFDC
S31502020130DA390EBF31DB54BF81920DBFA44A55BFD5
S31502020140D0EA0CBF93B955BFC9420CBFFE2756BFB0
S315020201506B9A0BBFE59556BFB7F10ABF480357BF65
S31502020160AD480ABF267057BF4E9F09BF7FDC57BFF5
S315020201709BF508BF534858BF924B08BFA1B358BF5D
S3150202018036A107BF6A1E59BF86F606BFAD8859BF9A
S31502020190824B06BF6AF259BF2CA005BFA05B5ABFAB
S315020201A084F404BF50C45ABF894804BF792C5BBF8A
S315020201B03D9C03BF1A945BBF9FEF02BF34FB5BBF3A
S315020201C0B14202BFC7615CBF739501BFD1C75CBFB3
S315020201D0E4E700BF532D5DBF063A00BF4D925DBFF5
S315020201E0B217FFBEBEF65DBFBBBAFDBEA65A5EBF62
S315020201F0275DFCBE05BE5EBFF7FEFABEDB205FBF11
S315020202002DA0F9BE27835FBFC840F8BEE9E45FBFEF
S31502020210CBE0F6BE214660BF3580F5BECFA660BFF3
S31502020220071FF4BEF20661BF43BDF2BE8A6661BF14
S31502020230EA5AF1BE98C561BFFBF7EFBE1A2462BF46
S315020202407994EEBE108262BF6330EDBE7BDF62BF7F
S31502020250BBCBEBBE5A3C63BF8166EABEAC9863BFB8
S31502020260B700E9BE73F463BF5D9AE7BEAC4F64BFE3
S315020202707533E6BE59AA64BFFECBE4BE790465BFF6
S31502020280FA63E3BE0B5E65BF6AFBE1BE10B765BFEA
S315020202904F92E0BE880F66BFA928DFBE716766BFAE
S315020202A079BEDDBECCBE66BFC153DCBE991567BF41
S315020202B080E8DABED86B67BFB97CD9BE87C167BF91
S315020202C06B10D8BEA81668BF99A3D6BE396B68BF93
S315020202D04136D5BE3CBF68BF67C8D3BEAE1269BF40
S315020202E0095AD2BE916569BF2AEBD0BEE4B769BF8D
S315020202F0CA7BCFBEA7096ABFEA0BCEBED95A6ABF6C
S315020203008B9BCCBE7BAB6ABFAE2ACBBE8CFB6ABFD3
S3150202031053B9C9BE0C4B6BBF7C47C8BEFB996BBFB8
S3150202032029D5C6BE58E86BBF5C62C5BE24366CBF11
S3150202033015EFC3BE5E836CBF557BC2BE07D06CBFD0
S315020203401E07C1BE1D1C6DBF6F92BFBEA1676DBFE8
S315020203504A1DBEBE93B26DBFAFA7BCBEF2FC6DBF55
S31502020360A031BBBEBE466EBF1EBBB9BEF88F6EBF04
S315020203702A44B8BE9ED86EBFC3CCB6BEB0206FBFEB
S31502020380EC54B5BE30686FBFA5DCB3BE1BAF6FBF00
S31502020390EF63B2BE73F56FBFCBEAB0BE373B70BF37
S315020203A03A71AFBE668070BF3CF7ADBE02C570BF82
S315020203B0D47CACBE080971BF0102ABBE7A4C71BFD6
S315020203C0C486A9BE578F71BF1F0BA8BE9FD171BF2C
S315020203D0128FA6BE521372BF9F12A5BE705472BF6F
S315020203E0C595A3BEF89472BF8718A2BEEBD472BF9C
S315020203F0E59AA0BE471473BFDF1C9FBE0E5373BF9E
S31502020400789E9DBE3F9173BFAF1F9CBED9CE73BF6E
S3150202041086A09ABEDD0B74BFFE2099BE4B4874BFFE
S3150202042017A197BE228474BFD22096BE62BF74BF42
S3150202043031A094BE0BFA74BF351F93BE1D3475BF2D
S31502020440DD9D91BE976D75BF2C1C90BE7BA675BFB6
S31502020450229A8EBEC6DE75BFC0178DBE7A1676BFCB
S3150202046007958BBE974D76BFF8118ABE1B8476BF5F
S31502020470938E88BE07BA76BFDA0A87BE5BEF76BF6D
S31502020480CE8685BE172477BF700284BE3A5877BFDE
S31502020490C07D82BEC58B77BFC0F880BEB7BE77BFAE
S315020204A0E1E67EBE10F177BFA4DB7BBED12278BF26
S315020204B0CCCF78BEF85378BF5AC375BE868478BF4E
S315020204C051B672BE7BB478BFB2A86FBED6E378BF0E
S315020204D07F9A6CBE981279BFBA8B69BEC04079BF49
S315020204E0667C66BE4E6E79BF836C63BE439B79BFE2
S315020204F0135C60BE9DC779BF1A4B5DBE5EF379BFC0
S3150202050097395ABE841E7ABF8F2757BE10497ABFC1
S31502020510011554BE02737ABFF10151BE599C7ABFCC
S3150202052060EE4DBE16C57ABF4FDA4ABE37ED7ABFC6
S31502020530C2C547BEBE147BBFB9B044BEAB3B7BBF8E
S31502020540379B41BEFC617BBF3E853EBEB2877BBF07
S31502020550CF6E3BBECDAC7BBFEC5738BE4DD17BBF17
S31502020560984035BE31F57BBFD42832BE7A187CBF9D
S31502020570A2102FBE283B7CBF04F82BBE3A5D7CBF7D
S31502020580FCDE28BEB07E7CBF8CC525BE8A9F7CBFA0
S31502020590B6AB22BEC9BF7CBF7B911FBE6CDF7CBFDE
S315020205A0DE761CBE73FE7CBFE05B19BEDD1C7DBF20
S315020205B0834016BEAC3A7DBFCA2413BEDE577DBF48
S315020205C0B70810BE74747DBF4AEC0CBE6E907DBF36
S315020205D086CF09BECCAB7DBF6EB206BE8CC67DBFD0
S315020205E0029503BEB1E07DBF457700BE38FA7DBFF4
S315020205F073B2FABD24137EBFC075F4BD722B7EBFE1
S315020206007638EEBD23437EBF9AFAE7BD385A7EBFDD
S315020206102EBCE1BDB0707EBF377DDBBD8B867EBF51
S31502020620B93DD5BDC99B7EBFB7FDCEBD69B07EBF02
S3150202063036BDC8BD6DC47EBF397CC2BDD4D77EBFAE
S31502020640C33ABCBD9DEA7EBFDAF8B5BDC9FC7EBF20
S3150202065080B6AFBD580E7FBFBA73A9BD491F7FBF11
S315020206608C30A3BD9D2F7FBFF9EC9CBD543F7FBF4B
S3150202067005A996BD6D4E7FBFB46490BDE95C7FBF8E
S315020206800A208ABDC76A7FBF0ADB83BD08787FBF9D
S31502020690742B7BBDAB847FBF38A06EBDB1907FBF8A
S315020206A0681462BD189C7FBF0E8855BDE3A67FBF44
S315020206B02FFB48BD0FB17FBFD56D3CBD9EBA7FBF32
S315020206C007E02FBD8FC37FBFCC5123BDE2CB7FBFD5
S315020206D02CC316BD98D37FBF2F340ABDAFDA7FBFB4
S315020206E0B949FBBC29E17FBF7B2AE2BC05E77FBF92
S315020206F0B00AC9BC43EC7FBF69EAAFBCE3F07FBF75
S31502020700B6C996BCE6F47FBF4B517BBC4AF87FBFA3
S31502020710900E49BC11FB7FBF59CB16BC39FD7FBF78
S31502020720890FC9BBC4FE7FBFC70F49BBB1FF7FBFDB
S3150202073000000080000080BFC70F493BB1FF7FBFA8
S31502020740890FC93BC4FE7FBF59CB163C39FD7FBF19
S31502020750900E493C11FB7FBF4B517B3C4AF87FBF4F
S31502020760B6C9963CE6F47FBF69EAAF3CE3F07FBFC7
S31502020770B00AC93C43EC7FBF7B2AE23C05E77FBF56
S31502020780B949FB3C29E17FBF2F340A3DAFDA7FBF6D
S315020207902CC3163D98D37FBFCC51233DE2CB7FBFFC
S315020207A007E02F3D8FC37FBFD56D3C3D9EBA7FBF0B
S315020207B02FFB483D0FB17FBF0E88553DE3A67FBF93
S315020207C06814623D189C7FBF38A06E3DB1907FBF10
S315020207D0742B7B3DAB847FBF0ADB833D08787FBFE8
S315020207E00A208A3DC76A7FBFB464903DE95C7FBF37
S315020207F005A9963D6D4E7FBFF9EC9C3D543F7FBFE6
S315020208008C30A33D9D2F7FBFBA73A93D491F7FBF7F
S3150202081080B6AF3D580E7FBFDAF8B53DC9FC7EBF42
S31502020820C33ABC3D9DEA7EBF397CC23DD4D77EBF68
S3150202083036BDC83D6DC47EBFB7FDCE3D69B07EBF33
S31502020840B93DD53DC99B7EBF377DDB3D8B867EBFDB
S315020208502EBCE13DB0707EBF9AFAE73D385A7EBFA2
S315020208607638EE3D23437EBFC075F43D722B7EBFC2
S3150202087073B2FA3D24137EBF4577003E38FA7DBF36
S315020208800295033EB1E07DBF6EB2063E8CC67DBFC7
S3150202089086CF093ECCAB7DBF4AEC0C3E6E907DBF45
S315020208A0B708103E74747DBFCA24133EDE577DBF5D
S315020208B08340163EAC3A7DBFE05B193EDD1C7DBF2E
S315020208C0DE761C3E73FE7CBF7B911F3E6CDF7CBFD5
S315020208D0B6AB223EC9BF7CBF8CC5253E8A9F7CBF72
S315020208E0FCDE283EB07E7CBF04F82B3E3A5D7CBF1E
S315020208F0A2102F3E283B7CBFD428323E7A187CBFF8
S315020209009840353E31F57BBFEC57383E4DD17BBF21
S31502020910CF6E3B3ECDAC7BBF3E853E3EB2877BBFB2
S31502020920379B413EFC617BBFB9B0443EAB3B7BBFCA
S31502020930C2C5473EBE147BBF4FDA4A3E37ED7ABF87
S3150202094060EE4D3E16C57ABFF101513E599C7ABF01
S315020209500115543E02737ABF8F27573E10497ABF5A
S3150202096097395A3E841E7ABF1A4B5D3E5EF379BFB1
S31502020970135C603E9DC779BF836C633E439B79BF1E
S31502020980667C663E4E6E79BFBA8B693EC04079BFBF
S315020209907F9A6C3E981279BFB2A86F3ED6E378BFB1
S315020209A051B6723E7BB478BF5AC3753E868478BF0F
S315020209B0CCCF783EF85378BFA4DB7B3ED12278BFF8
S315020209C0E1E67E3E10F177BFC0F8803EB7BE77BF42
S315020209D0C07D823EC58B77BF7002843E3A5877BF8E
S315020209E0CE86853E172477BFDA0A873E5BEF76BF4D
S315020209F0938E883E07BA76BFF8118A3E1B8476BF6B
S31502020A0007958B3E974D76BFC0178D3E7A1676BFF7
S31502020A10229A8E3EC6DE75BF2C1C903E7BA675BF01
S31502020A20DD9D913E976D75BF351F933E1D3475BF91
S31502020A3031A0943E0BFA74BFD220963E62BF74BFB7
S31502020A4017A1973E228474BFFE20993E4B4874BF7B
S31502020A5086A09A3EDD0B74BFAF1F9C3ED9CE73BFF2
S31502020A60789E9D3E3F9173BFDF1C9F3E0E5373BF1E
S31502020A70E59AA03E471473BF8718A23EEBD472BF13
S31502020A80C595A33EF89472BF9F12A53E705472BFDB
S31502020A90128FA63E521372BF1F0BA83E9FD171BF81
S31502020AA0C486A93E578F71BF0102AB3E7A4C71BF13
S31502020AB0D47CAC3E080971BF3CF7AD3E02C570BF9D
S31502020AC03A71AF3E668070BFCBEAB03E373B70BF2B
S31502020AD0EF63B23E73F56FBFA5DCB33E1BAF6FBFCA
S31502020AE0EC54B53E30686FBFC3CCB63EB0206FBF82
S31502020AF02A44B83E9ED86EBF1EBBB93EF88F6EBF61
S31502020B00A031BB3EBE466EBFAFA7BC3EF2FC6DBF76
S31502020B104A1DBE3E93B26DBF6F92BF3EA1676DBFC5
S31502020B201E07C13E1D1C6DBF557BC23E07D06CBF60
S31502020B3015EFC33E5E836CBF5C62C53E24366CBF54
S31502020B4029D5C63E58E86BBF7C47C83EFB996BBFA8
S31502020B5053B9C93E0C4B6BBFAE2ACB3E8CFB6ABF66
S31502020B608B9BCC3E7BAB6ABFEA0BCE3ED95A6ABF9F
S31502020B70CA7BCF3EA7096ABF2AEBD03EE4B769BF5A
S31502020B80095AD23E916569BF67C8D33EAE1269BFA2
S31502020B904136D53E3CBF68BF99A3D63E396B68BF84
S31502020BA06B10D83EA81668BFB97CD93E87C167BF0B
S31502020BB080E8DA3ED86B67BFC153DC3E991567BF40
S31502020BC079BEDD3ECCBE66BFA928DF3E716766BF2F
S31502020BD04F92E03E880F66BF6AFBE13E10B765BFE1
S31502020BE0FA63E33E0B5E65BFFECBE43E790465BF64
S31502020BF07533E63E59AA64BF5D9AE73EAC4F64BFBF
S31502020C00B700E93E73F463BF8166EA3EAC9863BFFE
S31502020C10BBCBEB3E5A3C63BF6330ED3E7BDF62BF2A
S31502020C207994EE3E108262BFFBF7EF3E1A2462BF50
S31502020C30EA5AF13E98C561BF43BDF23E8A6661BF7A
S31502020C40071FF43EF20661BF3580F53ECFA660BFAE
S31502020C50CBE0F63E214660BFC840F83EE9E45FBFFC
S31502020C602DA0F93E27835FBFF7FEFA3EDB205FBF68
S31502020C70275DFC3E05BE5EBFBBBAFD3EA65A5EBFFF
S31502020C80B217FF3EBEF65DBF063A003F4D925DBF0A
S31502020C90E4E7003F532D5DBF7395013FD1C75CBFA9
S31502020CA0B142023FC7615CBF9FEF023F34FB5BBFAB
S31502020CB03D9C033F1A945BBF8948043F792C5BBF74
S31502020CC084F4043F50C45ABF2CA0053FA05B5ABF0E
S31502020CD0824B063F6AF259BF86F6063FAD8859BF76
S31502020CE036A1073F6A1E59BF924B083FA1B358BFAE
S31502020CF09BF5083F534858BF4E9F093F7FDC57BFBB
S31502020D00AD480A3F267057BFB7F10A3F480357BF9D
S31502020D106B9A0B3FE59556BFC9420C3FFE2756BF5B
S31502020D20D0EA0C3F93B955BF81920D3FA44A55BFF3
S31502020D30DA390E3F31DB54BFDBE00E3F3B6B54BF69
S31502020D4084870F3FC3FA53BFD52D103FC78953BFBE
S31502020D50CDD3103F491853BF6B79113F49A652BFF3
S31502020D60B01E123FC63352BF9AC3123FC2C051BF10
S31502020D702A68133F3D4D51BF5F0C143F37D950BF0E
S31502020D8039B0143FAF6450BFB753153FA8EF4FBFF8
S31502020D90D9F6153F1F7A4FBF9F99163F17044FBFC9
S31502020DA0073C173F908D4EBF12DE173F89164EBF84
S31502020DB0C07F183F029F4DBF0F21193FFD264DBF2F
S31502020DC000C2193F79AE4CBF93621A3F78354CBFC7
S31502020DD0C6021B3FF8BB4BBF99A21B3FFA414BBF50
S31502020DE00C421C3F7FC74ABF1FE11C3F874C4ABFCA
S31502020DF0D17F1D3F12D149BF221E1E3F215549BF37
S31502020E0012BC1E3FB3D848BF9F591F3FCA5B48BF99
S31502020E10CBF61F3F65DE47BF9393203F856047BFF0
S31502020E20F92F213F2AE246BFFBCB213F546346BF3D
S31502020E309967223F03E445BFD302233F396445BF84
S31502020E40A99D233FF5E344BF1A38243F376344BFC3
S31502020E5025D2243F00E243BFCB6B253F516043BFFD
S31502020E600A05263F29DE42BFE39D263F895B42BF32
S31502020E705636273F70D841BF61CE273FE15441BF64
S31502020E800566283FDAD040BF41FD283F5C4C40BF91
S31502020E901594293F67C73FBF802A2A3FFC413FBFBD
S31502020EA082C02A3F1BBC3EBF1B562B3FC5353EBFE7
S31502020EB04AEB2B3FF9AE3DBF0F802C3FB8273DBF11
S31502020EC069142D3F03A03CBF59A82D3FD9173CBF39
S31502020ED0DE3B2E3F3B8F3BBFF7CE2E3F29063BBF63
S31502020EE0A5612F3FA47C3ABFE6F32F3FACF239BF8E
S31502020EF0BB85303F426839BF2217313F65DD38BFB5
S31502020F001DA8313F165238BFAA38323F55C637BFDF
S31502020F10C9C8323F233A37BF7A58333F7FAD36BF0D
S31502020F20BCE7333F6C2036BF8F76343FE79235BF3C
S31502020F30F304353FF30435BFE792353F8F7634BF6C
S31502020F406C20363FBCE733BF7FAD363F7A5833BF9C
S31502020F50233A373FC9C832BF55C6373FAA3832BFCE
S31502020F601652383F1DA831BF65DD383F221731BF01
S31502020F704268393FBB8530BFACF2393FE6F32FBF39
S31502020F80A47C3A3FA5612FBF29063B3FF7CE2EBF6F
S31502020F903B8F3B3FDE3B2EBFD9173C3F59A82DBFA5
S31502020FA003A03C3F69142DBFB8273D3F0F802CBFDB
S31502020FB0F9AE3D3F4AEB2BBFC5353E3F1B562BBF13
S31502020FC01BBC3E3F82C02ABFFC413F3F802A2ABF4A
S31502020FD067C73F3F159429BF5C4C403F41FD28BF7E
S31502020FE0DAD0403F056628BFE154413F61CE27BFB2
S31502020FF070D8413F563627BF895B423FE39D26BFE3
S3150202100029DE423F0A0526BF5160433FCB6B25BF0D
S3150202101000E2433F25D224BF3763443F1A3824BF36
S31502021020F5E3443FA99D23BF3964453FD30223BF5B
S3150202103003E4453F996722BF5463463FFBCB21BF78
S315020210402AE2463FF92F21BF8560473F939320BF8D
S3150202105065DE473FCBF61FBFCA5B483F9F591FBF9C
S31502021060B3D8483F12BC1EBF2155493F221E1EBF9E
S3150202107012D1493FD17F1DBF874C4A3F1FE11CBF98
S315020210807FC74A3F0C421CBFFA414B3F99A21BBF84
S31502021090F8BB4B3FC6021BBF78354C3F93621ABF61
S315020210A079AE4C3F00C219BFFD264D3F0F2119BF33
S315020210B0029F4D3FC07F18BF89164E3F12DE17BFF1
S315020210C0908D4E3F073C17BF17044F3F9F9916BF9D
S315020210D01F7A4F3FD9F615BFA8EF4F3FB75315BF39
S315020210E0AF64503F39B014BF37D9503F5F0C14BFBB
S315020210F03D4D513F2A6813BFC2C0513F9AC312BF28
S31502021100C633523FB01E12BF49A6523F6B7911BF78
S315020211104918533FCDD310BFC789533FD52D10BFB0
S31502021120C3FA533F84870FBF3B6B543FDBE00EBFCC
S3150202113031DB543FDA390EBFA44A553F81920DBFC5
S3150202114093B9553FD0EA0CBFFE27563FC9420CBFA0
S31502021150E595563F6B9A0BBF4803573FB7F10ABF55
S315020211602670573FAD480ABF7FDC573F4E9F09BFE5
S315020211705348583F9BF508BFA1B3583F924B08BF4D
S315020211806A1E593F36A107BFAD88593F86F606BF8A
S315020211906AF2593F824B06BFA05B5A3F2CA005BF9B
S315020211A050C45A3F84F404BF792C5B3F894804BF7A
S315020211B01A945B3F3D9C03BF34FB5B3F9FEF02BF2A
S315020211C0C7615C3FB14202BFD1C75C3F739501BFA3
S315020211D0532D5D3FE4E700BF4D925D3F063A00BFE5
S315020211E0BEF65D3FB217FFBEA65A5E3FBBBAFDBE52
S315020211F005BE5E3F275DFCBEDB205F3FF7FEFABE01
S3150202120027835F3F2DA0F9BEE9E45F3FC840F8BEDF
S315020212102146603FCBE0F6BECFA6603F3580F5BEE3
S31502021220F206613F071FF4BE8A66613F43BDF2BE04
S3150202123098C5613FEA5AF1BE1A24623FFBF7EFBE36
S315020212401082623F7994EEBE7BDF623F6330EDBE6F
S315020212505A3C633FBBCBEBBEAC98633F8166EABEA8
S3150202126073F4633FB700E9BEAC4F643F5D9AE7BED3
S3150202127059AA643F7533E6BE7904653FFECBE4BEE6
S315020212800B5E653FFA63E3BE10B7653F6AFBE1BEDA
S31502021290880F663F4F92E0BE7167663FA928DFBE9E
S315020212A0CCBE663F79BEDDBE9915673FC153DCBE31
S315020212B0D86B673F80E8DABE87C1673FB97CD9BE81
S315020212C0A816683F6B10D8BE396B683F99A3D6BE83
S315020212D03CBF683F4136D5BEAE12693F67C8D3BE30
S315020212E09165693F095AD2BEE4B7693F2AEBD0BE7D
S315020212F0A7096A3FCA7BCFBED95A6A3FEA0BCEBE5C
S315020213007BAB6A3F8B9BCCBE8CFB6A3FAE2ACBBEC3
S315020213100C4B6B3F53B9C9BEFB996B3F7C47C8BEA8
S3150202132058E86B3F29D5C6BE24366C3F5C62C5BE01
S315020213305E836C3F15EFC3BE07D06C3F557BC2BEC0
S315020213401D1C6D3F1E07C1BEA1676D3F6F92BFBED8
S3150202135093B26D3F4A1DBEBEF2FC6D3FAFA7BCBE45
S31502021360BE466E3FA031BBBEF88F6E3F1EBBB9BEF4
S315020213709ED86E3F2A44B8BEB0206F3FC3CCB6BEDB
S3150202138030686F3FEC54B5BE1BAF6F3FA5DCB3BEF0
S3150202139073F56F3FEF63B2BE373B703FCBEAB0BE27
S315020213A06680703F3A71AFBE02C5703F3CF7ADBE72
S315020213B00809713FD47CACBE7A4C713F0102ABBEC6
S315020213C0578F713FC486A9BE9FD1713F1F0BA8BE1C
S315020213D05213723F128FA6BE7054723F9F12A5BE5F
S315020213E0F894723FC595A3BEEBD4723F8718A2BE8C
S315020213F04714733FE59AA0BE0E53733FDF1C9FBE8E
S315020214003F91733F789E9DBED9CE733FAF1F9CBE5E
S31502021410DD0B743F86A09ABE4B48743FFE2099BEEE
S315020214202284743F17A197BE62BF743FD22096BE32
S315020214300BFA743F31A094BE1D34753F351F93BE1D
S31502021440976D753FDD9D91BE7BA6753F2C1C90BEA6
S31502021450C6DE753F229A8EBE7A16763FC0178DBEBB
S31502021460974D763F07958BBE1B84763FF8118ABE4F
S3150202147007BA763F938E88BE5BEF763FDA0A87BE5D
S315020214801724773FCE8685BE3A58773F700284BECE
S31502021490C58B773FC07D82BEB7BE773FC0F880BE9E
S315020214A010F1773FE1E67EBED122783FA4DB7BBE16
S315020214B0F853783FCCCF78BE8684783F5AC375BE3E
S315020214C07BB4783F51B672BED6E3783FB2A86FBEFE
S315020214D09812793F7F9A6CBEC040793FBA8B69BE39
S315020214E04E6E793F667C66BE439B793F836C63BED2
S315020214F09DC7793F135C60BE5EF3793F1A4B5DBEB0
S31502021500841E7A3F97395ABE10497A3F8F2757BEB1
S3150202151002737A3F011554BE599C7A3FF10151BEBC
S3150202152016C57A3F60EE4DBE37ED7A3F4FDA4ABEB6
S31502021530BE147B3FC2C547BEAB3B7B3FB9B044BE7E
S31502021540FC617B3F379B41BEB2877B3F3E853EBEF7
S31502021550CDAC7B3FCF6E3BBE4DD17B3FEC5738BE07
S3150202156031F57B3F984035BE7A187C3FD42832BE8D
S31502021570283B7C3FA2102FBE3A5D7C3F04F82BBE6D
S31502021580B07E7C3FFCDE28BE8A9F7C3F8CC525BE90
S31502021590C9BF7C3FB6AB22BE6CDF7C3F7B911FBECE
S315020215A073FE7C3FDE761CBEDD1C7D3FE05B19BE10
S315020215B0AC3A7D3F834016BEDE577D3FCA2413BE38
S315020215C074747D3FB70810BE6E907D3F4AEC0CBE26
S315020215D0CCAB7D3F86CF09BE8CC67D3F6EB206BEC0
S315020215E0B1E07D3F029503BE38FA7D3F457700BEE4
S315020215F024137E3F73B2FABD722B7E3FC075F4BDD1
S3150202160023437E3F7638EEBD385A7E3F9AFAE7BDCD
S31502021610B0707E3F2EBCE1BD8B867E3F377DDBBD41
S31502021620C99B7E3FB93DD5BD69B07E3FB7FDCEBDF2
S315020216306DC47E3F36BDC8BDD4D77E3F397CC2BD9E
S315020216409DEA7E3FC33ABCBDC9FC7E3FDAF8B5BD10
S31502021650580E7F3F80B6AFBD491F7F3FBA73A9BD01
S315020216609D2F7F3F8C30A3BD543F7F3FF9EC9CBD3B
S315020216706D4E7F3F05A996BDE95C7F3FB46490BD7E
S31502021680C76A7F3F0A208ABD08787F3F0ADB83BD8D
S31502021690AB847F3F742B7BBDB1907F3F38A06EBD7A
S315020216A0189C7F3F681462BDE3A67F3F0E8855BD34
S315020216B00FB17F3F2FFB48BD9EBA7F3FD56D3CBD22
S315020216C08FC37F3F07E02FBDE2CB7F3FCC5123BDC5
S315020216D098D37F3F2CC316BDAFDA7F3F2F340ABDA4
S315020216E029E17F3FB949FBBC05E77F3F7B2AE2BC82
S315020216F043EC7F3FB00AC9BCE3F07F3F69EAAFBC65
S31502021700E6F47F3FB6C996BC4AF87F3F4B517BBC93
S3150202171011FB7F3F900E49BC39FD7F3F59CB16BC68
S31502021720C4FE7F3F890FC9BBB1FF7F3FC70F49BBCB
S315020217300000803F00000000C4FE7F3F890FC93BC4
S3150202174011FB7F3F900E493CE6F47F3FB6C9963CB9
S3150202175043EC7F3FB00AC93C29E17F3FB949FB3CD2
S3150202176098D37F3F2CC3163D8FC37F3F07E02F3DA1
S315020217700FB17F3F2FFB483D189C7F3F6814623DA5
S31502021780AB847F3F742B7B3DC76A7F3F0A208A3D2B
S315020217906D4E7F3F05A9963D9D2F7F3F8C30A33D1F
S315020217A0580E7F3F80B6AF3D9DEA7E3FC33ABC3DAF
S315020217B06DC47E3F36BDC83DC99B7E3FB93DD53D10
S315020217C0B0707E3F2EBCE13D23437E3F7638EE3D2E
S315020217D024137E3F73B2FA3DB1E07D3F0295033E8A
S315020217E0CCAB7D3F86CF093E74747D3FB708103E6F
S315020217F0AC3A7D3F8340163E73FE7C3FDE761C3E4C
S31502021800C9BF7C3FB6AB223EB07E7C3FFCDE283EA1
S31502021810283B7C3FA2102F3E31F57B3F9840353E56
S31502021820CDAC7B3FCF6E3B3EFC617B3F379B413E5D
S31502021830BE147B3FC2C5473E16C57A3F60EE4D3E99
S3150202184002737A3F0115543E841E7A3F97395A3EF5
S315020218509DC7793F135C603E4E6E793F667C663E5B
S315020218609812793F7F9A6C3E7BB4783F51B6723EAC
S31502021870F853783FCCCF783E10F1773FE1E67E3ED1
S31502021880C58B773FC07D823E1724773FCE86853E43
S3150202189007BA763F938E883E974D763F07958B3EE3
S315020218A0C6DE753F229A8E3E976D753FDD9D913E4D
S315020218B00BFA743F31A0943E2284743F17A1973EDD
S315020218C0DD0B743F86A09A3E3F91733F789E9D3E02
S315020218D04714733FE59AA03EF894723FC595A33E1C
S315020218E05213723F128FA63E578F713FC486A93E8C
S315020218F00809713FD47CAC3E6680703F3A71AF3EB6
S3150202190073F56F3FEF63B23E30686F3FEC54B53EFC
S315020219109ED86E3F2A44B83EBE466E3FA031BB3EBB
S3150202192093B26D3F4A1DBE3E1D1C6D3F1E07C13E50
S315020219305E836C3F15EFC33E58E86B3F29D5C63E20
S315020219400C4B6B3F53B9C93E7BAB6A3F8B9BCC3E7A
S31502021950A7096A3FCA7BCF3E9165693F095AD23EC1
S315020219603CBF683F4136D53EA816683F6B10D83E4B
S31502021970D86B673F80E8DA3ECCBE663F79BEDD3E73
S31502021980880F663F4F92E03E0B5E653FFA63E33E87
S3150202199059AA643F7533E63E73F4633FB700E93EE4
S315020219A05A3C633FBBCBEB3E1082623F7994EE3EDA
S315020219B098C5613FEA5AF13EF206613F071FF43EBD
S315020219C02146603FCBE0F63E27835F3F2DA0F93EDC
S315020219D005BE5E3F275DFC3EBEF65D3FB217FF3E89
S315020219E0532D5D3FE4E7003FC7615C3FB142023FD0
S315020219F01A945B3F3D9C033F50C45A3F84F4043F12
S31502021A006AF2593F824B063F6A1E593F36A1073F89
S31502021A105348583F9BF5083F2670573FAD480A3F49
S31502021A20E595563F6B9A0B3F93B9553FD0EA0C3F69
S31502021A3031DB543FDA390E3FC3FA533F84870F3FF5
S31502021A404918533FCDD3103FC633523FB01E123F01
S31502021A503D4D513F2A68133FAF64503F39B0143FA0
S31502021A601F7A4F3FD9F6153F908D4E3F073C173FDF
S31502021A70029F4D3FC07F183F79AE4C3F00C2193FCD
S31502021A80F8BB4B3FC6021B3F7FC74A3F0C421C3F75
S31502021A9012D1493FD17F1D3FB3D8483F12BC1E3FE8
S31502021AA065DE473FCBF61F3F2AE2463FF92F213F2B
S31502021AB003E4453F9967223FF5E3443FA99D233F4D
S31502021AC000E2433F25D2243F29DE423F0A05263F52
S31502021AD070D8413F5636273FDAD0403F0566283F47
S31502021AE067C73F3F1594293F1BBC3E3F82C02A3F30
S31502021AF0F9AE3D3F4AEB2B3F03A03C3F69142D3F13
S31502021B003B8F3B3FDE3B2E3FA47C3A3FA5612F3FF4
S31502021B104268393FBB85303F1652383F1DA8313FD6
S31502021B20233A373FC9C8323F6C20363FBCE7333FC0
S31502021B30F304353FF304353FBCE7333F6C20363FAF
S31502021B40C9C8323F233A373F1DA8313F1652383FA2
S31502021B50BB85303F4268393FA5612F3FA47C3A3F9D
S31502021B60DE3B2E3F3B8F3B3F69142D3F03A03C3F9A
S31502021B704AEB2B3FF9AE3D3F82C02A3F1BBC3E3F9A
S31502021B801594293F67C73F3F0566283FDAD0403F93
S31502021B905636273F70D8413F0A05263F29DE423F85
S31502021BA025D2243F00E2433FA99D233FF5E3443F6A
S31502021BB09967223F03E4453FF92F213F2AE2463F36
S31502021BC0CBF61F3F65DE473F12BC1E3FB3D8483FE6
S31502021BD0D17F1D3F12D1493F0C421C3F7FC74A3F6C
S31502021BE0C6021B3FF8BB4B3F00C2193F79AE4C3FC0
S31502021BF0C07F183F029F4D3F073C173F908D4E3FD5
S31502021C00D9F6153F1F7A4F3F39B0143FAF64503FA2
S31502021C102A68133F3D4D513FB01E123FC633523F13
S31502021C20CDD3103F4918533F84870F3FC3FA533F20
S31502021C30DA390E3F31DB543FD0EA0C3F93B9553FB6
S31502021C406B9A0B3FE595563FAD480A3F2670573FC2
S31502021C509BF5083F5348583F36A1073F6A1E593F34
S31502021C60824B063F6AF2593F84F4043F50C45A3FFC
S31502021C703D9C033F1A945B3FB142023FC7615C3F00
S31502021C80E4E7003F532D5D3FB217FF3EBEF65D3FCE
S31502021C90275DFC3E05BE5E3F2DA0F93E27835F3FD0
S31502021CA0CBE0F63E2146603F071FF43EF206613F55
S31502021CB0EA5AF13E98C5613F7994EE3E1082623F3E
S31502021CC0BBCBEB3E5A3C633FB700E93E73F4633F3C
S31502021CD07533E63E59AA643FFA63E33E0B5E653FFD
S31502021CE04F92E03E880F663F79BEDD3ECCBE663F2E
S31502021CF080E8DA3ED86B673F6B10D83EA816683F7B
S31502021D004136D53E3CBF683F095AD23E9165693F8C
S31502021D10CA7BCF3EA7096A3F8B9BCC3E7BAB6A3F0F
S31502021D2053B9C93E0C4B6B3F29D5C63E58E86B3FA9
S31502021D3015EFC33E5E836C3F1E07C13E1D1C6D3FFF
S31502021D404A1DBE3E93B26D3FA031BB3EBE466E3FBA
S31502021D502A44B83E9ED86E3FEC54B53E30686F3F79
S31502021D60EF63B23E73F56F3F3A71AF3E6680703FE4
S31502021D70D47CAC3E0809713FC486A93E578F713F97
S31502021D80128FA63E5213723FC595A33EF894723F36
S31502021D90E59AA03E4714733F789E9D3E3F91733F5C
S31502021DA086A09A3EDD0B743F17A1973E2284743FAA
S31502021DB031A0943E0BFA743FDD9D913E976D753FBD
S31502021DC0229A8E3EC6DE753F07958B3E974D763F2B
S31502021DD0938E883E07BA763FCE86853E1724773F94
S31502021DE0C07D823EC58B773FE1E67E3E10F1773FAC
S31502021DF0CCCF783EF853783F51B6723E7BB4783FE9
S31502021E007F9A6C3E9812793F667C663E4E6E793FA9
S31502021E10135C603E9DC7793F97395A3E841E7A3FCC
S31502021E200115543E02737A3F60EE4D3E16C57A3F65
S31502021E30C2C5473EBE147B3F379B413EFC617B3F98
S31502021E40CF6E3B3ECDAC7B3F9840353E31F57B3F74
S31502021E50A2102F3E283B7C3FFCDE283EB07E7C3F12
S31502021E60B6AB223EC9BF7C3FDE761C3E73FE7C3F8A
S31502021E708340163EAC3A7D3FB708103E74747D3FEE
S31502021E8086CF093ECCAB7D3F0295033EB1E07D3F54
S31502021E9073B2FA3D24137E3F7638EE3D23437E3FEC
S31502021EA02EBCE13DB0707E3FB93DD53DC99B7E3F1A
S31502021EB036BDC83D6DC47E3FC33ABC3D9DEA7E3FF8
S31502021EC080B6AF3D580E7F3F8C30A33D9D2F7F3F9C
S31502021ED005A9963D6D4E7F3F0A208A3DC76A7F3F1E
S31502021EE0742B7B3DAB847F3F6814623D189C7F3F17
S31502021EF02FFB483D0FB17F3F07E02F3D8FC37F3F48
S31502021F002CC3163D98D37F3FB949FB3C29E17F3F5B
S31502021F10B00AC93C43EC7F3FB6C9963CE6F47F3F22
S31502021F20900E493C11FB7F3F890FC93BC4FE7F3F9E
S31502021F30000000000000803F890FC9BBC4FE7F3F3C
S31502021F40900E49BC11FB7F3FB6C996BCE6F47F3FB1
S31502021F50B00AC9BC43EC7F3FB949FBBC29E17F3FCA
S31502021F602CC316BD98D37F3F07E02FBD8FC37F3F99
S31502021F702FFB48BD0FB17F3F681462BD189C7F3F9D
S31502021F80742B7BBDAB847F3F0A208ABDC76A7F3F23
S31502021F9005A996BD6D4E7F3F8C30A3BD9D2F7F3F17
S31502021FA080B6AFBD580E7F3FC33ABCBD9DEA7E3FA7
S31502021FB036BDC8BD6DC47E3FB93DD5BDC99B7E3F08
S31502021FC02EBCE1BDB0707E3F7638EEBD23437E3F26
S31502021FD073B2FABD24137E3F029503BEB1E07D3F82
S31502021FE086CF09BECCAB7D3FB70810BE74747D3F67
S31502021FF0834016BEAC3A7D3FDE761CBE73FE7C3F44
S31502022000B6AB22BEC9BF7C3FFCDE28BEB07E7C3F99
S31502022010A2102FBE283B7C3F984035BE31F57B3F4E
S31502022020CF6E3BBECDAC7B3F379B41BEFC617B3F55
S31502022030C2C547BEBE147B3F60EE4DBE16C57A3F91
S31502022040011554BE02737A3F97395ABE841E7A3FED
S31502022050135C60BE9DC7793F667C66BE4E6E793F53
S315020220607F9A6CBE9812793F51B672BE7BB4783FA4
S31502022070CCCF78BEF853783FE1E67EBE10F1773FC9
S31502022080C07D82BEC58B773FCE8685BE1724773F3B
S31502022090938E88BE07BA763F07958BBE974D763FDB
S315020220A0229A8EBEC6DE753FDD9D91BE976D753F45
S315020220B031A094BE0BFA743F17A197BE2284743FD5
S315020220C086A09ABEDD0B743F789E9DBE3F91733FFA
S315020220D0E59AA0BE4714733FC595A3BEF894723F14
S315020220E0128FA6BE5213723FC486A9BE578F713F84
S315020220F0D47CACBE0809713F3A71AFBE6680703FAE
S31502022100EF63B2BE73F56F3FEC54B5BE30686F3FF4
S315020221102A44B8BE9ED86E3FA031BBBEBE466E3FB3
S315020221204A1DBEBE93B26D3F1E07C1BE1D1C6D3F48
S3150202213015EFC3BE5E836C3F29D5C6BE58E86B3F18
S3150202214053B9C9BE0C4B6B3F8B9BCCBE7BAB6A3F72
S31502022150CA7BCFBEA7096A3F095AD2BE9165693FB9
S315020221604136D5BE3CBF683F6B10D8BEA816683F43
S3150202217080E8DABED86B673F79BEDDBECCBE663F6B
S315020221804F92E0BE880F663FFA63E3BE0B5E653F7F
S315020221907533E6BE59AA643FB700E9BE73F4633FDC
S315020221A0BBCBEBBE5A3C633F7994EEBE1082623FD2
S315020221B0EA5AF1BE98C5613F071FF4BEF206613FB5
S315020221C0CBE0F6BE2146603F2DA0F9BE27835F3FD4
S315020221D0275DFCBE05BE5E3FB217FFBEBEF65D3F81
S315020221E0E4E700BF532D5D3FB14202BFC7615C3FC8
S315020221F03D9C03BF1A945B3F84F404BF50C45A3F0A
S31502022200824B06BF6AF2593F36A107BF6A1E593F81
S315020222109BF508BF5348583FAD480ABF2670573F41
S315020222206B9A0BBFE595563FD0EA0CBF93B9553F61
S31502022230DA390EBF31DB543F84870FBFC3FA533FED
S31502022240CDD310BF4918533FB01E12BFC633523FF9
S315020222502A6813BF3D4D513F39B014BFAF64503F98
S31502022260D9F615BF1F7A4F3F073C17BF908D4E3FD7
S31502022270C07F18BF029F4D3F00C219BF79AE4C3FC5
S31502022280C6021BBFF8BB4B3F0C421CBF7FC74A3F6D
S31502022290D17F1DBF12D1493F12BC1EBFB3D8483FE0
S315020222A0CBF61FBF65DE473FF92F21BF2AE2463F23
S315020222B0996722BF03E4453FA99D23BFF5E3443F45
S315020222C025D224BF00E2433F0A0526BF29DE423F4A
S315020222D0563627BF70D8413F056628BFDAD0403F3F
S315020222E0159429BF67C73F3F82C02ABF1BBC3E3F28
S315020222F04AEB2BBFF9AE3D3F69142DBF03A03C3F0B
S31502022300DE3B2EBF3B8F3B3FA5612FBFA47C3A3FEC
S31502022310BB8530BF4268393F1DA831BF1652383FCE
S31502022320C9C832BF233A373FBCE733BF6C20363FB8
S31502022330F30435BFF304353F6C2036BFBCE7333FA7
S31502022340233A37BFC9C8323F165238BF1DA8313F9A
S31502022350426839BFBB85303FA47C3ABFA5612F3F95
S315020223603B8F3BBFDE3B2E3F03A03CBF69142D3F92
S31502022370F9AE3DBF4AEB2B3F1BBC3EBF82C02A3F92
S3150202238067C73FBF1594293FDAD040BF0566283F8B
S3150202239070D841BF5636273F29DE42BF0A05263F7D
S315020223A000E243BF25D2243FF5E344BFA99D233F62
S315020223B003E445BF9967223F2AE246BFF92F213F2E
S315020223C065DE47BFCBF61F3FB3D848BF12BC1E3FDE
S315020223D012D149BFD17F1D3F7FC74ABF0C421C3F64
S315020223E0F8BB4BBFC6021B3F79AE4CBF00C2193FB8
S315020223F0029F4DBFC07F183F908D4EBF073C173FCD
S315020224001F7A4FBFD9F6153FAF6450BF39B0143F9A
S315020224103D4D51BF2A68133FC63352BFB01E123F0B
S31502022420491853BFCDD3103FC3FA53BF84870F3F18
S3150202243031DB54BFDA390E3F93B955BFD0EA0C3FAE
S31502022440E59556BF6B9A0B3F267057BFAD480A3FBA
S31502022450534858BF9BF5083F6A1E59BF36A1073F2C
S315020224606AF259BF824B063F50C45ABF84F4043FF4
S315020224701A945BBF3D9C033FC7615CBFB142023FF8
S31502022480532D5DBFE4E7003FBEF65DBFB217FF3EC6
S3150202249005BE5EBF275DFC3E27835FBF2DA0F93EC8
S315020224A0214660BFCBE0F63EF20661BF071FF43E4D
S315020224B098C561BFEA5AF13E108262BF7994EE3E36
S315020224C05A3C63BFBBCBEB3E73F463BFB700E93E34
S315020224D059AA64BF7533E63E0B5E65BFFA63E33EF5
S315020224E0880F66BF4F92E03ECCBE66BF79BEDD3E26
S315020224F0D86B67BF80E8DA3EA81668BF6B10D83E73
S315020225003CBF68BF4136D53E916569BF095AD23E84
S31502022510A7096ABFCA7BCF3E7BAB6ABF8B9BCC3E07
S315020225200C4B6BBF53B9C93E58E86BBF29D5C63EA1
S315020225305E836CBF15EFC33E1D1C6DBF1E07C13EF7
S3150202254093B26DBF4A1DBE3EBE466EBFA031BB3EB2
S315020225509ED86EBF2A44B83E30686FBFEC54B53E71
S3150202256073F56FBFEF63B23E668070BF3A71AF3EDC
S31502022570080971BFD47CAC3E578F71BFC486A93E8F
S31502022580521372BF128FA63EF89472BFC595A33E2E
S31502022590471473BFE59AA03E3F9173BF789E9D3E54
S315020225A0DD0B74BF86A09A3E228474BF17A1973EA2
S315020225B00BFA74BF31A0943E976D75BFDD9D913EB5
S315020225C0C6DE75BF229A8E3E974D76BF07958B3E23
S315020225D007BA76BF938E883E172477BFCE86853E8C
S315020225E0C58B77BFC07D823E10F177BFE1E67E3EA4
S315020225F0F85378BFCCCF783E7BB478BF51B6723EE1
S31502022600981279BF7F9A6C3E4E6E79BF667C663EA1
S315020226109DC779BF135C603E841E7ABF97395A3EC4
S3150202262002737ABF0115543E16C57ABF60EE4D3E5D
S31502022630BE147BBFC2C5473EFC617BBF379B413E90
S31502022640CDAC7BBFCF6E3B3E31F57BBF9840353E6C
S31502022650283B7CBFA2102F3EB07E7CBFFCDE283E0A
S31502022660C9BF7CBFB6AB223E73FE7CBFDE761C3E82
S31502022670AC3A7DBF8340163E74747DBFB708103EE6
S31502022680CCAB7DBF86CF093EB1E07DBF0295033E4C
S3150202269024137EBF73B2FA3D23437EBF7638EE3DE4
S315020226A0B0707EBF2EBCE13DC99B7EBFB93DD53D12
S315020226B06DC47EBF36BDC83D9DEA7EBFC33ABC3DF0
S315020226C0580E7FBF80B6AF3D9D2F7FBF8C30A33D94
S315020226D06D4E7FBF05A9963DC76A7FBF0A208A3D16
S315020226E0AB847FBF742B7B3D189C7FBF6814623D0F
S315020226F00FB17FBF2FFB483D8FC37FBF07E02F3D40
S3150202270098D37FBF2CC3163D29E17FBFB949FB3C53
S3150202271043EC7FBFB00AC93CE6F47FBFB6C9963C1A
S3150202272011FB7FBF900E493CC4FE7FBF890FC93B96
S31502022730000080BF00000000C4FE7FBF890FC9BB34
S3150202274011FB7FBF900E49BCE6F47FBFB6C996BCA9
S3150202275043EC7FBFB00AC9BC29E17FBFB949FBBCC2
S3150202276098D37FBF2CC316BD8FC37FBF07E02FBD91
S315020227700FB17FBF2FFB48BD189C7FBF681462BD95
S31502022780AB847FBF742B7BBDC76A7FBF0A208ABD1B
S315020227906D4E7FBF05A996BD9D2F7FBF8C30A3BD0F
S315020227A0580E7FBF80B6AFBD9DEA7EBFC33ABCBD9F
S315020227B06DC47EBF36BDC8BDC99B7EBFB93DD5BD00
S315020227C0B0707EBF2EBCE1BD23437EBF7638EEBD1E
S315020227D024137EBF73B2FABDB1E07DBF029503BE7A
S315020227E0CCAB7DBF86CF09BE74747DBFB70810BE5F
S315020227F0AC3A7DBF834016BE73FE7CBFDE761CBE3C
S31502022800C9BF7CBFB6AB22BEB07E7CBFFCDE28BE91
S31502022810283B7CBFA2102FBE31F57BBF984035BE46
S31502022820CDAC7BBFCF6E3BBEFC617BBF379B41BE4D
S31502022830BE147BBFC2C547BE16C57ABF60EE4DBE89
S3150202284002737ABF011554BE841E7ABF97395ABEE5
S315020228509DC779BF135C60BE4E6E79BF667C66BE4B
S31502022860981279BF7F9A6CBE7BB478BF51B672BE9C
S31502022870F85378BFCCCF78BE10F177BFE1E67EBEC1
S31502022880C58B77BFC07D82BE172477BFCE8685BE33
S3150202289007BA76BF938E88BE974D76BF07958BBED3
S315020228A0C6DE75BF229A8EBE976D75BFDD9D91BE3D
S315020228B00BFA74BF31A094BE228474BF17A197BECD
S315020228C0DD0B74BF86A09ABE3F9173BF789E9DBEF2
S315020228D0471473BFE59AA0BEF89472BFC595A3BE0C
S315020228E0521372BF128FA6BE578F71BFC486A9BE7C
S315020228F0080971BFD47CACBE668070BF3A71AFBEA6
S3150202290073F56FBFEF63B2BE30686FBFEC54B5BEEC
S315020229109ED86EBF2A44B8BEBE466EBFA031BBBEAB
S3150202292093B26DBF4A1DBEBE1D1C6DBF1E07C1BE40
S315020229305E836CBF15EFC3BE58E86BBF29D5C6BE10
S315020229400C4B6BBF53B9C9BE7BAB6ABF8B9BCCBE6A
S31502022950A7096ABFCA7BCFBE916569BF095AD2BEB1
S315020229603CBF68BF4136D5BEA81668BF6B10D8BE3B
S31502022970D86B67BF80E8DABECCBE66BF79BEDDBE63
S31502022980880F66BF4F92E0BE0B5E65BFFA63E3BE77
S3150202299059AA64BF7533E6BE73F463BFB700E9BED4
S315020229A05A3C63BFBBCBEBBE108262BF7994EEBECA
S315020229B098C561BFEA5AF1BEF20661BF071FF4BEAD
S315020229C0214660BFCBE0F6BE27835FBF2DA0F9BECC
S315020229D005BE5EBF275DFCBEBEF65DBFB217FFBE79
S315020229E0532D5DBFE4E700BFC7615CBFB14202BFC0
S315020229F01A945BBF3D9C03BF50C45ABF84F404BF02
S31502022A006AF259BF824B06BF6A1E59BF36A107BF79
S31502022A10534858BF9BF508BF267057BFAD480ABF39
S31502022A20E59556BF6B9A0BBF93B955BFD0EA0CBF59
S31502022A3031DB54BFDA390EBFC3FA53BF84870FBFE5
S31502022A40491853BFCDD310BFC63352BFB01E12BFF1
S31502022A503D4D51BF2A6813BFAF6450BF39B014BF90
S31502022A601F7A4FBFD9F615BF908D4EBF073C17BFCF
S31502022A70029F4DBFC07F18BF79AE4CBF00C219BFBD
S31502022A80F8BB4BBFC6021BBF7FC74ABF0C421CBF65
S31502022A9012D149BFD17F1DBFB3D848BF12BC1EBFD8
S31502022AA065DE47BFCBF61FBF2AE246BFF92F21BF1B
S31502022AB003E445BF996722BFF5E344BFA99D23BF3D
S31502022AC000E243BF25D224BF29DE42BF0A0526BF42
S31502022AD070D841BF563627BFDAD040BF056628BF37
S31502022AE067C73FBF159429BF1BBC3EBF82C02ABF20
S31502022AF0F9AE3DBF4AEB2BBF03A03CBF69142DBF03
S31502022B003B8F3BBFDE3B2EBFA47C3ABFA5612FBFE4
S31502022B10426839BFBB8530BF165238BF1DA831BFC6
S31502022B20233A37BFC9C832BF6C2036BFBCE733BFB0
S31502022B30F30435BFF30435BFBCE733BF6C2036BF9F
S31502022B40C9C832BF233A37BF1DA831BF165238BF92
S31502022B50BB8530BF426839BFA5612FBFA47C3ABF8D
S31502022B60DE3B2EBF3B8F3BBF69142DBF03A03CBF8A
S31502022B704AEB2BBFF9AE3DBF82C02ABF1BBC3EBF8A
S31502022B80159429BF67C73FBF056628BFDAD040BF83
S31502022B90563627BF70D841BF0A0526BF29DE42BF75
S31502022BA025D224BF00E243BFA99D23BFF5E344BF5A
S31502022BB0996722BF03E445BFF92F21BF2AE246BF26
S31502022BC0CBF61FBF65DE47BF12BC1EBFB3D848BFD6
S31502022BD0D17F1DBF12D149BF0C421CBF7FC74ABF5C
S31502022BE0C6021BBFF8BB4BBF00C219BF79AE4CBFB0
S31502022BF0C07F18BF029F4DBF073C17BF908D4EBFC5
S31502022C00D9F615BF1F7A4FBF39B014BFAF6450BF92
S31502022C102A6813BF3D4D51BFB01E12BFC63352BF03
S31502022C20CDD310BF491853BF84870FBFC3FA53BF10
S31502022C30DA390EBF31DB54BFD0EA0CBF93B955BFA6
S31502022C406B9A0BBFE59556BFAD480ABF267057BFB2
S31502022C509BF508BF534858BF36A107BF6A1E59BF24
S31502022C60824B06BF6AF259BF84F404BF50C45ABFEC
S31502022C703D9C03BF1A945BBFB14202BFC7615CBFF0
S31502022C80E4E700BF532D5DBFB217FFBEBEF65DBFBE
S31502022C90275DFCBE05BE5EBF2DA0F9BE27835FBFC0
S31502022CA0CBE0F6BE214660BF071FF4BEF20661BF45
S31502022CB0EA5AF1BE98C561BF7994EEBE108262BF2E
S31502022CC0BBCBEBBE5A3C63BFB700E9BE73F463BF2C
S31502022CD07533E6BE59AA64BFFA63E3BE0B5E65BFED
S31502022CE04F92E0BE880F66BF79BEDDBECCBE66BF1E
S31502022CF080E8DABED86B67BF6B10D8BEA81668BF6B
S31502022D004136D5BE3CBF68BF095AD2BE916569BF7C
S31502022D10CA7BCFBEA7096ABF8B9BCCBE7BAB6ABFFF
S31502022D2053B9C9BE0C4B6BBF29D5C6BE58E86BBF99
S31502022D3015EFC3BE5E836CBF1E07C1BE1D1C6DBFEF
S31502022D404A1DBEBE93B26DBFA031BBBEBE466EBFAA
S31502022D502A44B8BE9ED86EBFEC54B5BE30686FBF69
S31502022D60EF63B2BE73F56FBF3A71AFBE668070BFD4
S31502022D70D47CACBE080971BFC486A9BE578F71BF87
S31502022D80128FA6BE521372BFC595A3BEF89472BF26
S31502022D90E59AA0BE471473BF789E9DBE3F9173BF4C
S31502022DA086A09ABEDD0B74BF17A197BE228474BF9A
S31502022DB031A094BE0BFA74BFDD9D91BE976D75BFAD
S31502022DC0229A8EBEC6DE75BF07958BBE974D76BF1B
S31502022DD0938E88BE07BA76BFCE8685BE172477BF84
S31502022DE0C07D82BEC58B77BFE1E67EBE10F177BF9C
S31502022DF0CCCF78BEF85378BF51B672BE7BB478BFD9
S31502022E007F9A6CBE981279BF667C66BE4E6E79BF99
S31502022E10135C60BE9DC779BF97395ABE841E7ABFBC
S31502022E20011554BE02737ABF60EE4DBE16C57ABF55
S31502022E30C2C547BEBE147BBF379B41BEFC617BBF88
S31502022E40CF6E3BBECDAC7BBF984035BE31F57BBF64
S31502022E50A2102FBE283B7CBFFCDE28BEB07E7CBF02
S31502022E60B6AB22BEC9BF7CBFDE761CBE73FE7CBF7A
S31502022E70834016BEAC3A7DBFB70810BE74747DBFDE
S31502022E8086CF09BECCAB7DBF029503BEB1E07DBF44
S31502022E9073B2FABD24137EBF7638EEBD23437EBFDC
S31502022EA02EBCE1BDB0707EBFB93DD5BDC99B7EBF0A
S31502022EB036BDC8BD6DC47EBFC33ABCBD9DEA7EBFE8
S31502022EC080B6AFBD580E7FBF8C30A3BD9D2F7FBF8C
S31502022ED005A996BD6D4E7FBF0A208ABDC76A7FBF0E
S31502022EE0742B7BBDAB847FBF681462BD189C7FBF07
S31502022EF02FFB48BD0FB17FBF07E02FBD8FC37FBF38
S31502022F002CC316BD98D37FBFB949FBBC29E17FBF4B
S31502022F10B00AC9BC43EC7FBFB6C996BCE6F47FBF12
S31502022F20900E49BC11FB7FBF890FC9BBC4FE7FBF8E
S31502022F3000000080000080BF890FC93BC4FE7FBF2C
S31502022F40900E493C11FB7FBFB6C9963CE6F47FBFA1
S31502022F50B00AC93C43EC7FBFB949FB3C29E17FBFBA
S31502022F602CC3163D98D37FBF07E02F3D8FC37FBF89
S31502022F702FFB483D0FB17FBF6814623D189C7FBF8D
S31502022F80742B7B3DAB847FBF0A208A3DC76A7FBF13
S31502022F9005A9963D6D4E7FBF8C30A33D9D2F7FBF07
S31502022FA080B6AF3D580E7FBFC33ABC3D9DEA7EBF97
S31502022FB036BDC83D6DC47EBFB93DD53DC99B7EBFF8
S31502022FC02EBCE13DB0707EBF7638EE3D23437EBF16
S31502022FD073B2FA3D24137EBF0295033EB1E07DBF72
S31502022FE086CF093ECCAB7DBFB708103E74747DBF57
S31502022FF08340163EAC3A7DBFDE761C3E73FE7CBF34
S31502023000B6AB223EC9BF7CBFFCDE283EB07E7CBF89
S31502023010A2102F3E283B7CBF9840353E31F57BBF3E
S31502023020CF6E3B3ECDAC7BBF379B413EFC617BBF45
S31502023030C2C5473EBE147BBF60EE4D3E16C57ABF81
S315020230400115543E02737ABF97395A3E841E7ABFDD
S31502023050135C603E9DC779BF667C663E4E6E79BF43
S315020230607F9A6C3E981279BF51B6723E7BB478BF94
S31502023070CCCF783EF85378BFE1E67E3E10F177BFB9
S31502023080C07D823EC58B77BFCE86853E172477BF2B
S31502023090938E883E07BA76BF07958B3E974D76BFCB
S315020230A0229A8E3EC6DE75BFDD9D913E976D75BF35
S315020230B031A0943E0BFA74BF17A1973E228474BFC5
S315020230C086A09A3EDD0B74BF789E9D3E3F9173BFEA
S315020230D0E59AA03E471473BFC595A33EF89472BF04
S315020230E0128FA63E521372BFC486A93E578F71BF74
S315020230F0D47CAC3E080971BF3A71AF3E668070BF9E
S31502023100EF63B23E73F56FBFEC54B53E30686FBFE4
S315020231102A44B83E9ED86EBFA031BB3EBE466EBFA3
S315020231204A1DBE3E93B26DBF1E07C13E1D1C6DBF38
S3150202313015EFC33E5E836CBF29D5C63E58E86BBF08
S3150202314053B9C93E0C4B6BBF8B9BCC3E7BAB6ABF62
S31502023150CA7BCF3EA7096ABF095AD23E916569BFA9
S315020231604136D53E3CBF68BF6B10D83EA81668BF33
S3150202317080E8DA3ED86B67BF79BEDD3ECCBE66BF5B
S315020231804F92E03E880F66BFFA63E33E0B5E65BF6F
S315020231907533E63E59AA64BFB700E93E73F463BFCC
S315020231A0BBCBEB3E5A3C63BF7994EE3E108262BFC2
S315020231B0EA5AF13E98C561BF071FF43EF20661BFA5
S315020231C0CBE0F63E214660BF2DA0F93E27835FBFC4
S315020231D0275DFC3E05BE5EBFB217FF3EBEF65DBF71
S315020231E0E4E7003F532D5DBFB142023FC7615CBFB8
S315020231F03D9C033F1A945BBF84F4043F50C45ABFFA
S31502023200824B063F6AF259BF36A1073F6A1E59BF71
S315020232109BF5083F534858BFAD480A3F267057BF31
S315020232206B9A0B3FE59556BFD0EA0C3F93B955BF51
S31502023230DA390E3F31DB54BF84870F3FC3FA53BFDD
S31502023240CDD3103F491853BFB01E123FC63352BFE9
S315020232502A68133F3D4D51BF39B0143FAF6450BF88
S31502023260D9F6153F1F7A4FBF073C173F908D4EBFC7
S31502023270C07F183F029F4DBF00C2193F79AE4CBFB5
S31502023280C6021B3FF8BB4BBF0C421C3F7FC74ABF5D
S31502023290D17F1D3F12D149BF12BC1E3FB3D848BFD0
S315020232A0CBF61F3F65DE47BFF92F213F2AE246BF13
S315020232B09967223F03E445BFA99D233FF5E344BF35
S315020232C025D2243F00E243BF0A05263F29DE42BF3A
S315020232D05636273F70D841BF0566283FDAD040BF2F
S315020232E01594293F67C73FBF82C02A3F1BBC3EBF18
S315020232F04AEB2B3FF9AE3DBF69142D3F03A03CBFFB
S31502023300DE3B2E3F3B8F3BBFA5612F3FA47C3ABFDC
S31502023310BB85303F426839BF1DA8313F165238BFBE
S31502023320C9C8323F233A37BFBCE7333F6C2036BFA8
S31502023330F304353FF30435BF6C20363FBCE733BF97
S31502023340233A373FC9C832BF1652383F1DA831BF8A
S315020233504268393FBB8530BFA47C3A3FA5612FBF85
S315020233603B8F3B3FDE3B2EBF03A03C3F69142DBF82
S31502023370F9AE3D3F4AEB2BBF1BBC3E3F82C02ABF82
S3150202338067C73F3F159429BFDAD0403F056628BF7B
S3150202339070D8413F563627BF29DE423F0A0526BF6D
S315020233A000E2433F25D224BFF5E3443FA99D23BF52
S315020233B003E4453F996722BF2AE2463FF92F21BF1E
S315020233C065DE473FCBF61FBFB3D8483F12BC1EBFCE
S315020233D012D1493FD17F1DBF7FC74A3F0C421CBF54
S315020233E0F8BB4B3FC6021BBF79AE4C3F00C219BFA8
S315020233F0029F4D3FC07F18BF908D4E3F073C17BFBD
S315020234001F7A4F3FD9F615BFAF64503F39B014BF8A
S315020234103D4D513F2A6813BFC633523FB01E12BFFB
S315020234204918533FCDD310BFC3FA533F84870FBF08
S3150202343031DB543FDA390EBF93B9553FD0EA0CBF9E
S31502023440E595563F6B9A0BBF2670573FAD480ABFAA
S315020234505348583F9BF508BF6A1E593F36A107BF1C
S315020234606AF2593F824B06BF50C45A3F84F404BFE4
S315020234701A945B3F3D9C03BFC7615C3FB14202BFE8
S31502023480532D5D3FE4E700BFBEF65D3FB217FFBEB6
S3150202349005BE5E3F275DFCBE27835F3F2DA0F9BEB8
S315020234A02146603FCBE0F6BEF206613F071FF4BE3D
S315020234B098C5613FEA5AF1BE1082623F7994EEBE26
S315020234C05A3C633FBBCBEBBE73F4633FB700E9BE24
S315020234D059AA643F7533E6BE0B5E653FFA63E3BEE5
S315020234E0880F663F4F92E0BECCBE663F79BEDDBE16
S315020234F0D86B673F80E8DABEA816683F6B10D8BE63
S315020235003CBF683F4136D5BE9165693F095AD2BE74
S31502023510A7096A3FCA7BCFBE7BAB6A3F8B9BCCBEF7
S315020235200C4B6B3F53B9C9BE58E86B3F29D5C6BE91
S315020235305E836C3F15EFC3BE1D1C6D3F1E07C1BEE7
S3150202354093B26D3F4A1DBEBEBE466E3FA031BBBEA2
S315020235509ED86E3F2A44B8BE30686F3FEC54B5BE61
S3150202356073F56F3FEF63B2BE6680703F3A71AFBECC
S315020235700809713FD47CACBE578F713FC486A9BE7F
S315020235805213723F128FA6BEF894723FC595A3BE1E
S315020235904714733FE59AA0BE3F91733F789E9DBE44
S315020235A0DD0B743F86A09ABE2284743F17A197BE92
S315020235B00BFA743F31A094BE976D753FDD9D91BEA5
S315020235C0C6DE753F229A8EBE974D763F07958BBE13
S315020235D007BA763F938E88BE1724773FCE8685BE7C
S315020235E0C58B773FC07D82BE10F1773FE1E67EBE94
S315020235F0F853783FCCCF78BE7BB4783F51B672BED1
S315020236009812793F7F9A6CBE4E6E793F667C66BE91
S315020236109DC7793F135C60BE841E7A3F97395ABEB4
S3150202362002737A3F011554BE16C57A3F60EE4DBE4D
S31502023630BE147B3FC2C547BEFC617B3F379B41BE80
S31502023640CDAC7B3FCF6E3BBE31F57B3F984035BE5C
S31502023650283B7C3FA2102FBEB07E7C3FFCDE28BEFA
S31502023660C9BF7C3FB6AB22BE73FE7C3FDE761CBE72
S31502023670AC3A7D3F834016BE74747D3FB70810BED6
S31502023680CCAB7D3F86CF09BEB1E07D3F029503BE3C
S3150202369024137E3F73B2FABD23437E3F7638EEBDD4
S315020236A0B0707E3F2EBCE1BDC99B7E3FB93DD5BD02
S315020236B06DC47E3F36BDC8BD9DEA7E3FC33ABCBDE0
S315020236C0580E7F3F80B6AFBD9D2F7F3F8C30A3BD84
S315020236D06D4E7F3F05A996BDC76A7F3F0A208ABD06
S315020236E0AB847F3F742B7BBD189C7F3F681462BDFF
S315020236F00FB17F3F2FFB48BD8FC37F3F07E02FBD30
S3150202370098D37F3F2CC316BD29E17F3FB949FBBC43
S3150202371043EC7F3FB00AC9BCE6F47F3FB6C996BC0A
S3150202372011FB7F3F900E49BCC4FE7F3F890FC9BB86
S315020237300000803F0000000011FB7F3F900E493CD3
S3150202374043EC7F3FB00AC93C98D37F3F2CC3163D58
S315020237500FB17F3F2FFB483DAB847F3F742B7B3DEE
S315020237606D4E7F3F05A9963D580E7F3F80B6AF3D0F
S315020237706DC47E3F36BDC83DB0707E3F2EBCE13D74
S3150202378024137E3F73B2FA3DCCAB7D3F86CF093E10
S31502023790AC3A7D3F8340163EC9BF7C3FB6AB223E62
S315020237A0283B7C3FA2102F3ECDAC7B3FCF6E3B3EE9
S315020237B0BE147B3FC2C5473E02737A3F0115543E91
S315020237C09DC7793F135C603E9812793F7F9A6C3EA1
S315020237D0F853783FCCCF783EC58B773FC07D823E89
S315020237E007BA763F938E883EC6DE753F229A8E3E92
S315020237F00BFA743F31A0943EDD0B743F86A09A3ECB
S315020238004714733FE59AA03E5213723F128FA63EA9
S315020238100809713FD47CAC3E73F56F3FEF63B23E4B
S315020238209ED86E3F2A44B83E93B26D3F4A1DBE3EB3
S315020238305E836C3F15EFC33E0C4B6B3F53B9C93ED9
S31502023840A7096A3FCA7BCF3E3CBF683F4136D53E97
S31502023850D86B673F80E8DA3E880F663F4F92E03EBA
S3150202386059AA643F7533E63E5A3C633FBBCBEB3EF5
S3150202387098C5613FEA5AF13E2146603FCBE0F63EE9
S3150202388005BE5E3F275DFC3E532D5D3FE4E7003FEA
S315020238901A945B3F3D9C033F6AF2593F824B063FB5
S315020238A05348583F9BF5083FE595563F6B9A0B3FA7
S315020238B031DB543FDA390E3F4918533FCDD3103F1D
S315020238C03D4D513F2A68133F1F7A4F3FD9F6153FA6
S315020238D0029F4D3FC07F183FF8BB4B3FC6021B3FBC
S315020238E012D1493FD17F1D3F65DE473FCBF61F3FCF
S315020238F003E4453F9967223F00E2433F25D2243F34
S3150202390070D8413F5636273F67C73F3F1594293F36
S31502023910F9AE3D3F4AEB2B3F3B8F3B3FDE3B2E3F11
S315020239204268393FBB85303F233A373FC9C8323FE7
S31502023930F304353FF304353FC9C8323F233A373FD2
S31502023940BB85303F4268393FDE3B2E3F3B8F3B3FD2
S315020239504AEB2B3FF9AE3D3F1594293F67C73F3FDE
S315020239605636273F70D8413F25D2243F00E2433FD5
S315020239709967223F03E4453FCBF61F3F65DE473F89
S31502023980D17F1D3F12D1493FC6021B3FF8BB4B3FB7
S31502023990C07F183F029F4D3FD9F6153F1F7A4F3F10
S315020239A02A68133F3D4D513FCDD3103F4918533F2D
S315020239B0DA390E3F31DB543F6B9A0B3FE595563FA0
S315020239C09BF5083F5348583F824B063F6AF2593FDE
S315020239D03D9C033F1A945B3FE4E7003F532D5D3F54
S315020239E0275DFC3E05BE5E3FCBE0F63E2146603FCA
S315020239F0EA5AF13E98C5613FBBCBEB3E5A3C633F66
S31502023A007533E63E59AA643F4F92E03E880F663FFF
S31502023A1080E8DA3ED86B673F4136D53E3CBF683F07
S31502023A20CA7BCF3EA7096A3F53B9C93E0C4B6B3FCD
S31502023A3015EFC33E5E836C3F4A1DBE3E93B26D3F97
S31502023A402A44B83E9ED86E3FEF63B23E73F56F3F8D
S31502023A50D47CAC3E0809713F128FA63E5213723FC6
S31502023A60E59AA03E4714733F86A09A3EDD0B743F49
S31502023A7031A0943E0BFA743F229A8E3EC6DE753F01
S31502023A80938E883E07BA763FC07D823EC58B773FCC
S31502023A90CCCF783EF853783F7F9A6C3E9812793FA4
S31502023AA0135C603E9DC7793F0115543E02737A3F0D
S31502023AB0C2C5473EBE147B3FCF6E3B3ECDAC7B3F7B
S31502023AC0A2102F3E283B7C3FB6AB223EC9BF7C3FAB
S31502023AD08340163EAC3A7D3F86CF093ECCAB7D3F54
S31502023AE073B2FA3D24137E3F2EBCE13DB0707E3F97
S31502023AF036BDC83D6DC47E3F80B6AF3D580E7F3F90
S31502023B0005A9963D6D4E7F3F742B7B3DAB847F3F6D
S31502023B102FFB483D0FB17F3F2CC3163D98D37F3F03
S31502023B20B00AC93C43EC7F3F900E493C11FB7F3FF2
S31502023B30000000000000803F900E49BC11FB7F3F4F
S31502023B40B00AC9BC43EC7F3F2CC316BD98D37F3F54
S31502023B502FFB48BD0FB17F3F742B7BBDAB847F3FEA
S31502023B6005A996BD6D4E7F3F80B6AFBD580E7F3F0B
S31502023B7036BDC8BD6DC47E3F2EBCE1BDB0707E3F70
S31502023B8073B2FABD24137E3F86CF09BECCAB7D3F0C
S31502023B90834016BEAC3A7D3FB6AB22BEC9BF7C3F5E
S31502023BA0A2102FBE283B7C3FCF6E3BBECDAC7B3FE5
S31502023BB0C2C547BEBE147B3F011554BE02737A3F8D
S31502023BC0135C60BE9DC7793F7F9A6CBE9812793F9D
S31502023BD0CCCF78BEF853783FC07D82BEC58B773F85
S31502023BE0938E88BE07BA763F229A8EBEC6DE753F8E
S31502023BF031A094BE0BFA743F86A09ABEDD0B743FC7
S31502023C00E59AA0BE4714733F128FA6BE5213723FA5
S31502023C10D47CACBE0809713FEF63B2BE73F56F3F47
S31502023C202A44B8BE9ED86E3F4A1DBEBE93B26D3FAF
S31502023C3015EFC3BE5E836C3F53B9C9BE0C4B6B3FD5
S31502023C40CA7BCFBEA7096A3F4136D5BE3CBF683F93
S31502023C5080E8DABED86B673F4F92E0BE880F663FB6
S31502023C607533E6BE59AA643FBBCBEBBE5A3C633FF1
S31502023C70EA5AF1BE98C5613FCBE0F6BE2146603FE5
S31502023C80275DFCBE05BE5E3FE4E700BF532D5D3FE6
S31502023C903D9C03BF1A945B3F824B06BF6AF2593FB1
S31502023CA09BF508BF5348583F6B9A0BBFE595563FA3
S31502023CB0DA390EBF31DB543FCDD310BF4918533F19
S31502023CC02A6813BF3D4D513FD9F615BF1F7A4F3FA2
S31502023CD0C07F18BF029F4D3FC6021BBFF8BB4B3FB8
S31502023CE0D17F1DBF12D1493FCBF61FBF65DE473FCB
S31502023CF0996722BF03E4453F25D224BF00E2433F30
S31502023D00563627BF70D8413F159429BF67C73F3F32
S31502023D104AEB2BBFF9AE3D3FDE3B2EBF3B8F3B3F0D
S31502023D20BB8530BF4268393FC9C832BF233A373FE3
S31502023D30F30435BFF304353F233A37BFC9C8323FCE
S31502023D40426839BFBB85303F3B8F3BBFDE3B2E3FCE
S31502023D50F9AE3DBF4AEB2B3F67C73FBF1594293FDA
S31502023D6070D841BF5636273F00E243BF25D2243FD1
S31502023D7003E445BF9967223F65DE47BFCBF61F3F85
S31502023D8012D149BFD17F1D3FF8BB4BBFC6021B3FB3
S31502023D90029F4DBFC07F183F1F7A4FBFD9F6153F0C
S31502023DA03D4D51BF2A68133F491853BFCDD3103F29
S31502023DB031DB54BFDA390E3FE59556BF6B9A0B3F9C
S31502023DC0534858BF9BF5083F6AF259BF824B063FDA
S31502023DD01A945BBF3D9C033F532D5DBFE4E7003F50
S31502023DE005BE5EBF275DFC3E214660BFCBE0F63EC6
S31502023DF098C561BFEA5AF13E5A3C63BFBBCBEB3E62
S31502023E0059AA64BF7533E63E880F66BF4F92E03EFB
S31502023E10D86B67BF80E8DA3E3CBF68BF4136D53E03
S31502023E20A7096ABFCA7BCF3E0C4B6BBF53B9C93EC9
S31502023E305E836CBF15EFC33E93B26DBF4A1DBE3E93
S31502023E409ED86EBF2A44B83E73F56FBFEF63B23E89
S31502023E50080971BFD47CAC3E521372BF128FA63EC2
S31502023E60471473BFE59AA03EDD0B74BF86A09A3E45
S31502023E700BFA74BF31A0943EC6DE75BF229A8E3EFD
S31502023E8007BA76BF938E883EC58B77BFC07D823EC8
S31502023E90F85378BFCCCF783E981279BF7F9A6C3EA0
S31502023EA09DC779BF135C603E02737ABF0115543E09
S31502023EB0BE147BBFC2C5473ECDAC7BBFCF6E3B3E77
S31502023EC0283B7CBFA2102F3EC9BF7CBFB6AB223EA7
S31502023ED0AC3A7DBF8340163ECCAB7DBF86CF093E50
S31502023EE024137EBF73B2FA3DB0707EBF2EBCE13D93
S31502023EF06DC47EBF36BDC83D580E7FBF80B6AF3D8C
S31502023F006D4E7FBF05A9963DAB847FBF742B7B3D69
S31502023F100FB17FBF2FFB483D98D37FBF2CC3163DFF
S31502023F2043EC7FBFB00AC93C11FB7FBF900E493CEE
S31502023F30000080BF0000000011FB7FBF900E49BC4B
S31502023F4043EC7FBFB00AC9BC98D37FBF2CC316BD50
S31502023F500FB17FBF2FFB48BDAB847FBF742B7BBDE6
S31502023F606D4E7FBF05A996BD580E7FBF80B6AFBD07
S31502023F706DC47EBF36BDC8BDB0707EBF2EBCE1BD6C
S31502023F8024137EBF73B2FABDCCAB7DBF86CF09BE08
S31502023F90AC3A7DBF834016BEC9BF7CBFB6AB22BE5A
S31502023FA0283B7CBFA2102FBECDAC7BBFCF6E3BBEE1
S31502023FB0BE147BBFC2C547BE02737ABF011554BE89
S31502023FC09DC779BF135C60BE981279BF7F9A6CBE99
S31502023FD0F85378BFCCCF78BEC58B77BFC07D82BE81
S31502023FE007BA76BF938E88BEC6DE75BF229A8EBE8A
S31502023FF00BFA74BF31A094BEDD0B74BF86A09ABEC3
S31502024000471473BFE59AA0BE521372BF128FA6BEA1
S31502024010080971BFD47CACBE73F56FBFEF63B2BE43
S315020240209ED86EBF2A44B8BE93B26DBF4A1DBEBEAB
S315020240305E836CBF15EFC3BE0C4B6BBF53B9C9BED1
S31502024040A7096ABFCA7BCFBE3CBF68BF4136D5BE8F
S31502024050D86B67BF80E8DABE880F66BF4F92E0BEB2
S3150202406059AA64BF7533E6BE5A3C63BFBBCBEBBEED
S3150202407098C561BFEA5AF1BE214660BFCBE0F6BEE1
S3150202408005BE5EBF275DFCBE532D5DBFE4E700BFE2
S315020240901A945BBF3D9C03BF6AF259BF824B06BFAD
S315020240A0534858BF9BF508BFE59556BF6B9A0BBF9F
S315020240B031DB54BFDA390EBF491853BFCDD310BF15
S315020240C03D4D51BF2A6813BF1F7A4FBFD9F615BF9E
S315020240D0029F4DBFC07F18BFF8BB4BBFC6021BBFB4
S315020240E012D149BFD17F1DBF65DE47BFCBF61FBFC7
S315020240F003E445BF996722BF00E243BF25D224BF2C
S3150202410070D841BF563627BF67C73FBF159429BF2E
S31502024110F9AE3DBF4AEB2BBF3B8F3BBFDE3B2EBF09
S31502024120426839BFBB8530BF233A37BFC9C832BFDF
S31502024130F30435BFF30435BFC9C832BF233A37BFCA
S31502024140BB8530BF426839BFDE3B2EBF3B8F3BBFCA
S315020241504AEB2BBFF9AE3DBF159429BF67C73FBFD6
S31502024160563627BF70D841BF25D224BF00E243BFCD
S31502024170996722BF03E445BFCBF61FBF65DE47BF81
S31502024180D17F1DBF12D149BFC6021BBFF8BB4BBFAF
S31502024190C07F18BF029F4DBFD9F615BF1F7A4FBF08
S315020241A02A6813BF3D4D51BFCDD310BF491853BF25
S315020241B0DA390EBF31DB54BF6B9A0BBFE59556BF98
S315020241C09BF508BF534858BF824B06BF6AF259BFD6
S315020241D03D9C03BF1A945BBFE4E700BF532D5DBF4C
S315020241E0275DFCBE05BE5EBFCBE0F6BE214660BFC2
S315020241F0EA5AF1BE98C561BFBBCBEBBE5A3C63BF5E
S315020242007533E6BE59AA64BF4F92E0BE880F66BFF7
S3150202421080E8DABED86B67BF4136D5BE3CBF68BFFF
S31502024220CA7BCFBEA7096ABF53B9C9BE0C4B6BBFC5
S3150202423015EFC3BE5E836CBF4A1DBEBE93B26DBF8F
S315020242402A44B8BE9ED86EBFEF63B2BE73F56FBF85
S31502024250D47CACBE080971BF128FA6BE521372BFBE
S31502024260E59AA0BE471473BF86A09ABEDD0B74BF41
S3150202427031A094BE0BFA74BF229A8EBEC6DE75BFF9
S31502024280938E88BE07BA76BFC07D82BEC58B77BFC4
S31502024290CCCF78BEF85378BF7F9A6CBE981279BF9C
S315020242A0135C60BE9DC779BF011554BE02737ABF05
S315020242B0C2C547BEBE147BBFCF6E3BBECDAC7BBF73
S315020242C0A2102FBE283B7CBFB6AB22BEC9BF7CBFA3
S315020242D0834016BEAC3A7DBF86CF09BECCAB7DBF4C
S315020242E073B2FABD24137EBF2EBCE1BDB0707EBF8F
S315020242F036BDC8BD6DC47EBF80B6AFBD580E7FBF88
S3150202430005A996BD6D4E7FBF742B7BBDAB847FBF65
S315020243102FFB48BD0FB17FBF2CC316BD98D37FBFFB
S31502024320B00AC9BC43EC7FBF900E49BC11FB7FBFEA
S3150202433000000080000080BF900E493C11FB7FBF47
S31502024340B00AC93C43EC7FBF2CC3163D98D37FBF4C
S315020243502FFB483D0FB17FBF742B7B3DAB847FBFE2
S3150202436005A9963D6D4E7FBF80B6AF3D580E7FBF03
S3150202437036BDC83D6DC47EBF2EBCE13DB0707EBF68
S3150202438073B2FA3D24137EBF86CF093ECCAB7DBF04
S315020243908340163EAC3A7DBFB6AB223EC9BF7CBF56
S315020243A0A2102F3E283B7CBFCF6E3B3ECDAC7BBFDD
S315020243B0C2C5473EBE147BBF0115543E02737ABF85
S315020243C0135C603E9DC779BF7F9A6C3E981279BF95
S315020243D0CCCF783EF85378BFC07D823EC58B77BF7D
S315020243E0938E883E07BA76BF229A8E3EC6DE75BF86
S315020243F031A0943E0BFA74BF86A09A3EDD0B74BFBF
S31502024400E59AA03E471473BF128FA63E521372BF9D
S31502024410D47CAC3E080971BFEF63B23E73F56FBF3F
S315020244202A44B83E9ED86EBF4A1DBE3E93B26DBFA7
S3150202443015EFC33E5E836CBF53B9C93E0C4B6BBFCD
S31502024440CA7BCF3EA7096ABF4136D53E3CBF68BF8B
S3150202445080E8DA3ED86B67BF4F92E03E880F66BFAE
S315020244607533E63E59AA64BFBBCBEB3E5A3C63BFE9
S31502024470EA5AF13E98C561BFCBE0F63E214660BFDD
S31502024480275DFC3E05BE5EBFE4E7003F532D5DBFDE
S315020244903D9C033F1A945BBF824B063F6AF259BFA9
S315020244A09BF5083F534858BF6B9A0B3FE59556BF9B
S315020244B0DA390E3F31DB54BFCDD3103F491853BF11
S315020244C02A68133F3D4D51BFD9F6153F1F7A4FBF9A
S315020244D0C07F183F029F4DBFC6021B3FF8BB4BBFB0
S315020244E0D17F1D3F12D149BFCBF61F3F65DE47BFC3
S315020244F09967223F03E445BF25D2243F00E243BF28
S315020245005636273F70D841BF1594293F67C73FBF2A
S315020245104AEB2B3FF9AE3DBFDE3B2E3F3B8F3BBF05
S31502024520BB85303F426839BFC9C8323F233A37BFDB
S31502024530F304353FF30435BF233A373FC9C832BFC6
S315020245404268393FBB8530BF3B8F3B3FDE3B2EBFC6
S31502024550F9AE3D3F4AEB2BBF67C73F3F159429BFD2
S3150202456070D8413F563627BF00E2433F25D224BFC9
S3150202457003E4453F996722BF65DE473FCBF61FBF7D
S3150202458012D1493FD17F1DBFF8BB4B3FC6021BBFAB
S31502024590029F4D3FC07F18BF1F7A4F3FD9F615BF04
S315020245A03D4D513F2A6813BF4918533FCDD310BF21
S315020245B031DB543FDA390EBFE595563F6B9A0BBF94
S315020245C05348583F9BF508BF6AF2593F824B06BFD2
S315020245D01A945B3F3D9C03BF532D5D3FE4E700BF48
S315020245E005BE5E3F275DFCBE2146603FCBE0F6BEBE
S315020245F098C5613FEA5AF1BE5A3C633FBBCBEBBE5A
S3150202460059AA643F7533E6BE880F663F4F92E0BEF3
S31502024610D86B673F80E8DABE3CBF683F4136D5BEFB
S31502024620A7096A3FCA7BCFBE0C4B6B3F53B9C9BEC1
S315020246305E836C3F15EFC3BE93B26D3F4A1DBEBE8B
S315020246409ED86E3F2A44B8BE73F56F3FEF63B2BE81
S315020246500809713FD47CACBE5213723F128FA6BEBA
S315020246604714733FE59AA0BEDD0B743F86A09ABE3D
S315020246700BFA743F31A094BEC6DE753F229A8EBEF5
S3150202468007BA763F938E88BEC58B773FC07D82BEC0
S31502024690F853783FCCCF78BE9812793F7F9A6CBE98
S315020246A09DC7793F135C60BE02737A3F011554BE01
S315020246B0BE147B3FC2C547BECDAC7B3FCF6E3BBE6F
S315020246C0283B7C3FA2102FBEC9BF7C3FB6AB22BE9F
S315020246D0AC3A7D3F834016BECCAB7D3F86CF09BE48
S315020246E024137E3F73B2FABDB0707E3F2EBCE1BD8B
S315020246F06DC47E3F36BDC8BD580E7F3F80B6AFBD84
S315020247006D4E7F3F05A996BDAB847F3F742B7BBD61
S315020247100FB17F3F2FFB48BD98D37F3F2CC316BDF7
S3150202472043EC7F3FB00AC9BC11FB7F3F900E49BCE6
S315020247300000803F0000000043EC7F3FB00AC93C04
S315020247400FB17F3F2FFB483D6D4E7F3F05A9963D38
S315020247506DC47E3F36BDC83D24137E3F73B2FA3D19
S31502024760AC3A7D3F8340163E283B7C3FA2102F3E49
S31502024770BE147B3FC2C5473E9DC7793F135C603E6E
S31502024780F853783FCCCF783E07BA763F938E883E6F
S315020247900BFA743F31A0943E4714733FE59AA03E4A
S315020247A00809713FD47CAC3E9ED86E3F2A44B83E7D
S315020247B05E836C3F15EFC33EA7096A3FCA7BCF3EB3
S315020247C0D86B673F80E8DA3E59AA643F7533E63E04
S315020247D098C5613FEA5AF13E05BE5E3F275DFC3E41
S315020247E01A945B3F3D9C033F5348583F9BF5083F53
S315020247F031DB543FDA390E3F3D4D513F2A68133FB2
S31502024800029F4D3FC07F183F12D1493FD17F1D3FC4
S3150202481003E4453F9967223F70D8413F5636273F08
S31502024820F9AE3D3F4AEB2B3F4268393FBB85303FEB
S31502024830F304353FF304353FBB85303F4268393FC7
S315020248404AEB2B3FF9AE3D3F5636273F70D8413FE2
S315020248509967223F03E4453FD17F1D3F12D1493F6B
S31502024860C07F183F029F4D3F2A68133F3D4D513F7D
S31502024870DA390E3F31DB543F9BF5083F5348583F26
S315020248803D9C033F1A945B3F275DFC3E05BE5E3F9D
S31502024890EA5AF13E98C5613F7533E63E59AA643F2C
S315020248A080E8DA3ED86B673FCA7BCF3EA7096A3FEA
S315020248B015EFC33E5E836C3F2A44B83E9ED86E3FD6
S315020248C0D47CAC3E0809713FE59AA03E4714733F79
S315020248D031A0943E0BFA743F938E883E07BA763F16
S315020248E0CCCF783EF853783F135C603E9DC7793F42
S315020248F0C2C5473EBE147B3FA2102F3E283B7C3FD9
S315020249008340163EAC3A7D3F73B2FA3D24137E3F94
S3150202491036BDC83D6DC47E3F05A9963D6D4E7F3FAD
S315020249202FFB483D0FB17F3FB00AC93C43EC7F3FA4
S31502024930000000000000803FB00AC9BC43EC7F3F82
S315020249402FFB48BD0FB17F3F05A996BD6D4E7F3F36
S3150202495036BDC8BD6DC47E3F73B2FABD24137E3F17
S31502024960834016BEAC3A7D3FA2102FBE283B7C3F47
S31502024970C2C547BEBE147B3F135C60BE9DC7793F6C
S31502024980CCCF78BEF853783F938E88BE07BA763F6D
S3150202499031A094BE0BFA743FE59AA0BE4714733F48
S315020249A0D47CACBE0809713F2A44B8BE9ED86E3F7B
S315020249B015EFC3BE5E836C3FCA7BCFBEA7096A3FB1
S315020249C080E8DABED86B673F7533E6BE59AA643F02
S315020249D0EA5AF1BE98C5613F275DFCBE05BE5E3F3F
S315020249E03D9C03BF1A945B3F9BF508BF5348583F51
S315020249F0DA390EBF31DB543F2A6813BF3D4D513FB0
S31502024A00C07F18BF029F4D3FD17F1DBF12D1493FC2
S31502024A10996722BF03E4453F563627BF70D8413F06
S31502024A204AEB2BBFF9AE3D3FBB8530BF4268393FE9
S31502024A30F30435BFF304353F426839BFBB85303FC5
S31502024A40F9AE3DBF4AEB2B3F70D841BF5636273FE0
S31502024A5003E445BF9967223F12D149BFD17F1D3F69
S31502024A60029F4DBFC07F183F3D4D51BF2A68133F7B
S31502024A7031DB54BFDA390E3F534858BF9BF5083F24
S31502024A801A945BBF3D9C033F05BE5EBF275DFC3E9B
S31502024A9098C561BFEA5AF13E59AA64BF7533E63E2A
S31502024AA0D86B67BF80E8DA3EA7096ABFCA7BCF3EE8
S31502024AB05E836CBF15EFC33E9ED86EBF2A44B83ED4
S31502024AC0080971BFD47CAC3E471473BFE59AA03E77
S31502024AD00BFA74BF31A0943E07BA76BF938E883E14
S31502024AE0F85378BFCCCF783E9DC779BF135C603E40
S31502024AF0BE147BBFC2C5473E283B7CBFA2102F3ED7
S31502024B00AC3A7DBF8340163E24137EBF73B2FA3D92
S31502024B106DC47EBF36BDC83D6D4E7FBF05A9963DAB
S31502024B200FB17FBF2FFB483D43EC7FBFB00AC93CA2
S31502024B30000080BF0000000043EC7FBFB00AC9BC80
S31502024B400FB17FBF2FFB48BD6D4E7FBF05A996BD34
S31502024B506DC47EBF36BDC8BD24137EBF73B2FABD15
S31502024B60AC3A7DBF834016BE283B7CBFA2102FBE45
S31502024B70BE147BBFC2C547BE9DC779BF135C60BE6A
S31502024B80F85378BFCCCF78BE07BA76BF938E88BE6B
S31502024B900BFA74BF31A094BE471473BFE59AA0BE46
S31502024BA0080971BFD47CACBE9ED86EBF2A44B8BE79
S31502024BB05E836CBF15EFC3BEA7096ABFCA7BCFBEAF
S31502024BC0D86B67BF80E8DABE59AA64BF7533E6BE00
S31502024BD098C561BFEA5AF1BE05BE5EBF275DFCBE3D
S31502024BE01A945BBF3D9C03BF534858BF9BF508BF4F
S31502024BF031DB54BFDA390EBF3D4D51BF2A6813BFAE
S31502024C00029F4DBFC07F18BF12D149BFD17F1DBFC0
S31502024C1003E445BF996722BF70D841BF563627BF04
S31502024C20F9AE3DBF4AEB2BBF426839BFBB8530BFE7
S31502024C30F30435BFF30435BFBB8530BF426839BFC3
S31502024C404AEB2BBFF9AE3DBF563627BF70D841BFDE
S31502024C50996722BF03E445BFD17F1DBF12D149BF67
S31502024C60C07F18BF029F4DBF2A6813BF3D4D51BF79
S31502024C70DA390EBF31DB54BF9BF508BF534858BF22
S31502024C803D9C03BF1A945BBF275DFCBE05BE5EBF99
S31502024C90EA5AF1BE98C561BF7533E6BE59AA64BF28
S31502024CA080E8DABED86B67BFCA7BCFBEA7096ABFE6
S31502024CB015EFC3BE5E836CBF2A44B8BE9ED86EBFD2
S31502024CC0D47CACBE080971BFE59AA0BE471473BF75
S31502024CD031A094BE0BFA74BF938E88BE07BA76BF12
S31502024CE0CCCF78BEF85378BF135C60BE9DC779BF3E
S31502024CF0C2C547BEBE147BBFA2102FBE283B7CBFD5
S31502024D00834016BEAC3A7DBF73B2FABD24137EBF90
S31502024D1036BDC8BD6DC47EBF05A996BD6D4E7FBFA9
S31502024D202FFB48BD0FB17FBFB00AC9BC43EC7FBFA0
S31502024D3000000080000080BFB00AC93C43EC7FBF7E
S31502024D402FFB483D0FB17FBF05A9963D6D4E7FBF32
S31502024D5036BDC83D6DC47EBF73B2FA3D24137EBF13
S31502024D608340163EAC3A7DBFA2102F3E283B7CBF43
S31502024D70C2C5473EBE147BBF135C603E9DC779BF68
S31502024D80CCCF783EF85378BF938E883E07BA76BF69
S31502024D9031A0943E0BFA74BFE59AA03E471473BF44
S31502024DA0D47CAC3E080971BF2A44B83E9ED86EBF77
S31502024DB015EFC33E5E836CBFCA7BCF3EA7096ABFAD
S31502024DC080E8DA3ED86B67BF7533E63E59AA64BFFE
S31502024DD0EA5AF13E98C561BF275DFC3E05BE5EBF3B
S31502024DE03D9C033F1A945BBF9BF5083F534858BF4D
S31502024DF0DA390E3F31DB54BF2A68133F3D4D51BFAC
S31502024E00C07F183F029F4DBFD17F1D3F12D149BFBE
S31502024E109967223F03E445BF5636273F70D841BF02
S31502024E204AEB2B3FF9AE3DBFBB85303F426839BFE5
S31502024E30F304353FF30435BF4268393FBB8530BFC1
S31502024E40F9AE3D3F4AEB2BBF70D8413F563627BFDC
S31502024E5003E4453F996722BF12D1493FD17F1DBF65
S31502024E60029F4D3FC07F18BF3D4D513F2A6813BF77
S31502024E7031DB543FDA390EBF5348583F9BF508BF20
S31502024E801A945B3F3D9C03BF05BE5E3F275DFCBE97
S31502024E9098C5613FEA5AF1BE59AA643F7533E6BE26
S31502024EA0D86B673F80E8DABEA7096A3FCA7BCFBEE4
S31502024EB05E836C3F15EFC3BE9ED86E3F2A44B8BED0
S31502024EC00809713FD47CACBE4714733FE59AA0BE73
S31502024ED00BFA743F31A094BE07BA763F938E88BE10
S31502024EE0F853783FCCCF78BE9DC7793F135C60BE3C
S31502024EF0BE147B3FC2C547BE283B7C3FA2102FBED3
S31502024F00AC3A7D3F834016BE24137E3F73B2FABD8E
S31502024F106DC47E3F36BDC8BD6D4E7F3F05A996BDA7
S31502024F200FB17F3F2FFB48BD43EC7F3FB00AC9BC9E
S31502024F300000803F000000000FB17F3F2FFB483D7B
S31502024F406DC47E3F36BDC83DAC3A7D3F8340163EB8
S31502024F50BE147B3FC2C5473EF853783FCCCF783E5C
S31502024F600BFA743F31A0943E0809713FD47CAC3EE1
S31502024F705E836C3F15EFC33ED86B673F80E8DA3E2D
S31502024F8098C5613FEA5AF13E1A945B3F3D9C033F44
S31502024F9031DB543FDA390E3F029F4D3FC07F183F45
S31502024FA003E4453F9967223FF9AE3D3F4AEB2B3F69
S31502024FB0F304353FF304353F4AEB2B3FF9AE3D3F4F
S31502024FC09967223F03E4453FC07F183F029F4D3F48
S31502024FD0DA390E3F31DB543F3D9C033F1A945B3F65
S31502024FE0EA5AF13E98C5613F80E8DA3ED86B673FDE
S31502024FF015EFC33E5E836C3FD47CAC3E0809713F1B
S3150202500031A0943E0BFA743FCCCF783EF853783FE8
S31502025010C2C5473EBE147B3F8340163EAC3A7D3F35
S3150202502036BDC83D6DC47E3F2FFB483D0FB17F3F63
S31502025030000000000000803F2FFB48BD0FB17F3FFA
S3150202504036BDC8BD6DC47E3F834016BEAC3A7D3FB7
S31502025050C2C547BEBE147B3FCCCF78BEF853783F5B
S3150202506031A094BE0BFA743FD47CACBE0809713FE0
S3150202507015EFC3BE5E836C3F80E8DABED86B673F2C
S31502025080EA5AF1BE98C5613F3D9C03BF1A945B3F43
S31502025090DA390EBF31DB543FC07F18BF029F4D3F44
S315020250A0996722BF03E4453F4AEB2BBFF9AE3D3F68
S315020250B0F30435BFF304353FF9AE3DBF4AEB2B3F4E
S315020250C003E445BF9967223F029F4DBFC07F183F47
S315020250D031DB54BFDA390E3F1A945BBF3D9C033F64
S315020250E098C561BFEA5AF13ED86B67BF80E8DA3EDD
S315020250F05E836CBF15EFC33E080971BFD47CAC3E1A
S315020251000BFA74BF31A0943EF85378BFCCCF783EE7
S31502025110BE147BBFC2C5473EAC3A7DBF8340163E34
S315020251206DC47EBF36BDC83D0FB17FBF2FFB483D62
S31502025130000080BF000000000FB17FBF2FFB48BDF9
S315020251406DC47EBF36BDC8BDAC3A7DBF834016BEB6
S31502025150BE147BBFC2C547BEF85378BFCCCF78BE5A
S315020251600BFA74BF31A094BE080971BFD47CACBEDF
S315020251705E836CBF15EFC3BED86B67BF80E8DABE2B
S3150202518098C561BFEA5AF1BE1A945BBF3D9C03BF42
S3150202519031DB54BFDA390EBF029F4DBFC07F18BF43
S315020251A003E445BF996722BFF9AE3DBF4AEB2BBF67
S315020251B0F30435BFF30435BF4AEB2BBFF9AE3DBF4D
S315020251C0996722BF03E445BFC07F18BF029F4DBF46
S315020251D0DA390EBF31DB54BF3D9C03BF1A945BBF63
S315020251E0EA5AF1BE98C561BF80E8DABED86B67BFDC
S315020251F015EFC3BE5E836CBFD47CACBE080971BF19
S3150202520031A094BE0BFA74BFCCCF78BEF85378BFE6
S31502025210C2C547BEBE147BBF834016BEAC3A7DBF33
S3150202522036BDC8BD6DC47EBF2FFB48BD0FB17FBF61
S3150202523000000080000080BF2FFB483D0FB17FBFF8
S3150202524036BDC83D6DC47EBF8340163EAC3A7DBFB5
S31502025250C2C5473EBE147BBFCCCF783EF85378BF59
S3150202526031A0943E0BFA74BFD47CAC3E080971BFDE
S3150202527015EFC33E5E836CBF80E8DA3ED86B67BF2A
S31502025280EA5AF13E98C561BF3D9C033F1A945BBF41
S31502025290DA390E3F31DB54BFC07F183F029F4DBF42
S315020252A09967223F03E445BF4AEB2B3FF9AE3DBF66
S315020252B0F304353FF30435BFF9AE3D3F4AEB2BBF4C
S315020252C003E4453F996722BF029F4D3FC07F18BF45
S315020252D031DB543FDA390EBF1A945B3F3D9C03BF62
S315020252E098C5613FEA5AF1BED86B673F80E8DABEDB
S315020252F05E836C3F15EFC3BE0809713FD47CACBE18
S315020253000BFA743F31A094BEF853783FCCCF78BEE5
S31502025310BE147B3FC2C547BEAC3A7D3F834016BE32
S315020253206DC47E3F36BDC8BD0FB17F3F2FFB48BD60
S315020253300000803F000000006DC47E3F36BDC83DBE
S31502025340BE147B3FC2C5473E0BFA743F31A0943E60
S315020253505E836C3F15EFC33E98C5613FEA5AF13E42
S3150202536031DB543FDA390E3F03E4453F9967223F68
S31502025370F304353FF304353F9967223F03E4453F81
S31502025380DA390E3F31DB543FEA5AF13E98C5613FA4
S3150202539015EFC33E5E836C3F31A0943E0BFA743F17
S315020253A0C2C5473EBE147B3F36BDC83D6DC47E3F75
S315020253B0000000000000803F36BDC8BD6DC47E3FBE
S315020253C0C2C547BEBE147B3F31A094BE0BFA743FE0
S315020253D015EFC3BE5E836C3FEA5AF1BE98C5613FC2
S315020253E0DA390EBF31DB543F996722BF03E4453FE8
S315020253F0F30435BFF304353F03E445BF9967223F01
S3150202540031DB54BFDA390E3F98C561BFEA5AF13E23
S315020254105E836CBF15EFC33E0BFA74BF31A0943E96
S31502025420BE147BBFC2C5473E6DC47EBF36BDC83DF4
S31502025430000080BF000000006DC47EBF36BDC8BD3D
S31502025440BE147BBFC2C547BE0BFA74BF31A094BE5F
S315020254505E836CBF15EFC3BE98C561BFEA5AF1BE41
S3150202546031DB54BFDA390EBF03E445BF996722BF67
S31502025470F30435BFF30435BF996722BF03E445BF80
S31502025480DA390EBF31DB54BFEA5AF1BE98C561BFA3
S3150202549015EFC3BE5E836CBF31A094BE0BFA74BF16
S315020254A0C2C547BEBE147BBF36BDC8BD6DC47EBF74
S315020254B000000080000080BF36BDC83D6DC47EBFBD
S315020254C0C2C5473EBE147BBF31A0943E0BFA74BFDF
S315020254D015EFC33E5E836CBFEA5AF13E98C561BFC1
S315020254E0DA390E3F31DB54BF9967223F03E445BFE7
S315020254F0F304353FF30435BF03E4453F996722BF00
S3150202550031DB543FDA390EBF98C5613FEA5AF1BE22
S315020255105E836C3F15EFC3BE0BFA743F31A094BE95
S31502025520BE147B3FC2C547BE6DC47E3F36BDC8BDF3
S315020255300000803F00000000BE147B3FC2C5473E0A
S315020255405E836C3F15EFC33E31DB543FDA390E3FC1
S31502025550F304353FF304353FDA390E3F31DB543F6C
S3150202556015EFC33E5E836C3FC2C5473EBE147B3F08
S31502025570000000000000803FC2C547BEBE147B3F4A
S3150202558015EFC3BE5E836C3FDA390EBF31DB543F81
S31502025590F30435BFF304353F31DB54BFDA390E3F2C
S315020255A05E836CBF15EFC33EBE147BBFC2C5473EC8
S315020255B0000080BF00000000BE147BBFC2C547BE0A
S315020255C05E836CBF15EFC3BE31DB54BFDA390EBF41
S315020255D0F30435BFF30435BFDA390EBF31DB54BFEC
S315020255E015EFC3BE5E836CBFC2C547BEBE147BBF88
S315020255F000000080000080BFC2C5473EBE147BBFCA
S3150202560015EFC33E5E836CBFDA390E3F31DB54BF00
S31502025610F304353FF30435BF31DB543FDA390EBFAB
S315020256205E836C3F15EFC3BEBE147B3FC2C547BE47
S315020256300000803F000000005E836C3F15EFC33E10
S31502025640F304353FF304353F15EFC33E5E836C3FE9
S31502025650000000000000803F15EFC3BE5E836C3F70
S31502025660F30435BFF304353F5E836CBF15EFC33EC9
S31502025670000080BF000000005E836CBF15EFC3BE50
S31502025680F30435BFF30435BF15EFC3BE5E836CBFA9
S3150202569000000080000080BF15EFC33E5E836CBF30
S315020256A0F304353FF30435BF5E836C3F15EFC3BE89
S315020256B00000803F00000000E6F47F3FB6C9963C38
S315020256C097D37F3F2CC3163D189C7F3F6914623DD8
S315020256D06D4E7F3F05A9963D9DEA7E3FC33ABC3D8C
S315020256E0B0707E3F2EBCE13DB1E07D3F0295033EA6
S315020256F0AC3A7D3F8340163EB07E7C3FFCDE283EBE
S31502025700CDAC7B3FCF6E3B3E16C57A3F60EE4D3E39
S315020257109DC7793F135C603E7BB4783F51B6723EB9
S31502025720C58B773FC07D823E974D763F07958B3E6E
S315020257300BFA743F31A0943E3F91733F789E9D3E91
S315020257405213723F128FA63E6680703F3A71AF3E87
S315020257509ED86E3F2A44B83E1D1C6D3F1E07C13EAF
S315020257600C4B6B3F53B9C93E9165693F095AD23E0A
S31502025770D86B673F80E8DA3E0B5E653FFA63E33E2B
S315020257805A3C633FBBCBEB3EF206613F071FF43E38
S3150202579005BE5E3F275DFC3EC7615C3FB142023FEA
S315020257A06AF2593F824B063F2670573FAD480A3F7F
S315020257B031DB543FDA390E3FC633523FB01E123F37
S315020257C01F7A4F3FD9F6153F79AE4C3F00C2193FB9
S315020257D012D1493FD17F1D3F2AE2463FF92F213F8F
S315020257E000E2433F25D2243FDAD0403F0566283FF6
S315020257F0F9AE3D3F4AEB2B3FA47C3A3FA5612F3FD0
S31502025800233A373FC9C8323FBCE7333F6C20363FA3
S31502025810BB85303F4268393F69142D3F03A03C3FA6
S315020258201594293F67C73F3F0A05263F29DE423FB5
S315020258309967223F03E4453F12BC1E3FB3D8483F55
S31502025840C6021B3FF8BB4B3F073C173F908D4E3FAC
S315020258502A68133F3D4D513F84870F3FC3FA533F98
S315020258606B9A0B3FE595563F36A1073F6A1E593F93
S315020258703D9C033F1A945B3FB217FF3EBEF65D3F65
S31502025880CBE0F63E2146603F7994EE3E1082623FBD
S315020258907533E63E59AA643F79BEDD3ECCBE663F0B
S315020258A04136D53E3CBF683F8B9BCC3E7BAB6A3FC3
S315020258B015EFC33E5E836C3FA031BB3EBE466E3FD2
S315020258C0EF63B23E73F56F3FC486A93E578F713FAF
S315020258D0E59AA03E4714733F17A1973E2284743F6E
S315020258E0229A8E3EC6DE753FCE86853E1724773FC6
S315020258F0CCCF783EF853783F667C663E4E6E793F51
S315020259000115543E02737A3F379B413EFC617B3F4F
S31502025910A2102F3E283B7C3FDE761C3E73FE7C3F66
S3150202592086CF093ECCAB7D3F7638EE3D23437E3FA2
S3150202593036BDC83D6DC47E3F8C30A33D9D2F7F3F51
S31502025940742B7B3DAB847F3F07E02F3D8FC37F3FA6
S31502025950B00AC93C43EC7F3F880FC93BC4FE7F3F76
S31502025960900E49BC11FB7F3FBA49FBBC29E17F3F3E
S3150202597030FB48BD0FB17F3F0A208ABDC76A7F3F0F
S3150202598080B6AFBD580E7F3FB93DD5BDC99B7E3F9E
S3150202599073B2FABD24137E3FB70810BE74747D3FFC
S315020259A0B6AB22BEC9BF7C3F984035BE31F57B3FBE
S315020259B0C2C547BEBE147B3F97395ABE841E7A3F82
S315020259C07F9A6CBE9812793FE1E67EBE10F1773F6E
S315020259D0938E88BE07BA763FDD9D91BE976D753F5F
S315020259E086A09ABEDD0B743FC595A3BEF894723F9C
S315020259F0D47CACBE0809713FEC54B5BE30686F3F29
S31502025A004A1DBEBE93B26D3F29D5C6BE58E86B3F4C
S31502025A10CA7BCFBEA7096A3F6B10D8BEA816683FDB
S31502025A204F92E0BE880F663FB700E9BE73F4633F4A
S31502025A30EA5AF1BE98C5613F2DA0F9BE27835F3FA0
S31502025A40E4E700BF532D5D3F84F404BF50C45A3FBE
S31502025A509BF508BF5348583FD0EA0CBF93B9553F4E
S31502025A60CDD310BF4918533F39B014BFAF64503F6C
S31502025A70C07F18BF029F4D3F0C421CBF7FC74A3FE1
S31502025A80CBF61FBF65DE473FA99D23BFF5E3443F21
S31502025A90563627BF70D8413F82C02ABF1BBC3E3F43
S31502025AA0DE3B2EBF3B8F3B3F1DA831BF1652383F0E
S31502025AB0F30435BFF304353F165238BF1DA8313FF2
S31502025AC03B8F3BBFDE3B2E3F1BBC3EBF82C02A3F03
S31502025AD070D841BF5636273FF5E344BFA99D233FFF
S31502025AE065DE47BFCBF61F3F7FC74ABF0C421C3F4C
S31502025AF0029F4DBFC07F183FAF6450BF39B0143FFB
S31502025B00491853BFCDD3103F93B955BFD0EA0C3FC4
S31502025B10534858BF9BF5083F50C45ABF84F4043F0A
S31502025B20532D5DBFE4E7003F27835FBF2DA0F93EF9
S31502025B3098C561BFEA5AF13E73F463BFB700E93E04
S31502025B40880F66BF4F92E03EA81668BF6B10D83E1A
S31502025B50A7096ABFCA7BCF3E58E86BBF29D5C63EA4
S31502025B6093B26DBF4A1DBE3E30686FBFEC54B53E5E
S31502025B70080971BFD47CAC3EF89472BFC595A33EA8
S31502025B80DD0B74BF86A09A3E976D75BFDD9D913E71
S31502025B9007BA76BF938E883E10F177BFE1E67E3E64
S31502025BA0981279BF7F9A6C3E841E7ABF97395A3E03
S31502025BB0BE147BBFC2C5473E31F57BBF9840353E18
S31502025BC0C9BF7CBFB6AB223E74747DBFB708103E16
S31502025BD024137EBF73B2FA3DC99B7EBFB93DD53D42
S31502025BE0580E7FBF80B6AF3DC76A7FBF0A208A3D85
S31502025BF00FB17FBF30FB483D29E17FBFBA49FB3C6B
S31502025C0011FB7FBF900E493CC4FE7FBF880FC9BB02
S31502025C1043EC7FBFB00AC9BC8FC37FBF07E02FBD6B
S31502025C20AB847FBF742B7BBD9D2F7FBF8C30A3BD00
S31502025C306DC47EBF36BDC8BD23437EBF7638EEBD78
S31502025C40CCAB7DBF86CF09BE73FE7CBFDE761CBEA1
S31502025C50283B7CBFA2102FBEFC617BBF379B41BE95
S31502025C6002737ABF011554BE4E6E79BF667C66BE5A
S31502025C70F85378BFCCCF78BE172477BFCE8685BEBF
S31502025C80C6DE75BF229A8EBE228474BF17A197BE44
S31502025C90471473BFE59AA0BE578F71BFC486A9BEC9
S31502025CA073F56FBFEF63B2BEBE466EBFA031BBBE17
S31502025CB05E836CBF15EFC3BE7BAB6ABF8B9BCCBE4A
S31502025CC03CBF68BF4136D5BECCBE66BF79BEDDBE1D
S31502025CD059AA64BF7533E6BE108262BF7994EEBEDC
S31502025CE0214660BFCBE0F6BEBEF65DBFB217FFBE6F
S31502025CF01A945BBF3D9C03BF6A1E59BF36A107BFFA
S31502025D00E59556BF6B9A0BBFC3FA53BF84870FBF83
S31502025D103D4D51BF2A6813BF908D4EBF073C17BF38
S31502025D20F8BB4BBFC6021BBFB3D848BF12BC1EBFCD
S31502025D3003E445BF996722BF29DE42BF0A0526BF91
S31502025D4067C73FBF159429BF03A03CBF69142DBF85
S31502025D50426839BFBB8530BF6C2036BFBCE733BF52
S31502025D60C9C832BF233A37BFA5612FBFA47C3ABF47
S31502025D704AEB2BBFF9AE3DBF056628BFDAD040BF5C
S31502025D8025D224BF00E243BFF92F21BF2AE246BF32
S31502025D90D17F1DBF12D149BF00C219BF79AE4CBF16
S31502025DA0D9F615BF1F7A4FBFB01E12BFC63352BFF6
S31502025DB0DA390EBF31DB54BFAD480ABF267057BF70
S31502025DC0824B06BF6AF259BFB14202BFC7615CBFCC
S31502025DD0275DFCBE05BE5EBF071FF4BEF20661BFAB
S31502025DE0BBCBEBBE5A3C63BFFA63E3BE0B5E65BF37
S31502025DF080E8DABED86B67BF095AD2BE916569BF1F
S31502025E0053B9C9BE0C4B6BBF1E07C1BE1D1C6DBF6B
S31502025E102A44B8BE9ED86EBF3A71AFBE668070BFC4
S31502025E20128FA6BE521372BF789E9DBE3F9173BF5A
S31502025E3031A094BE0BFA74BF07958BBE974D76BFFF
S31502025E40C07D82BEC58B77BF51B672BE7BB478BFA8
S31502025E50135C60BE9DC779BF60EE4DBE16C57ABFA2
S31502025E60CF6E3BBECDAC7BBFFCDE28BEB07E7CBF16
S31502025E70834016BEAC3A7DBF029503BEB1E07DBF3A
S31502025E802EBCE1BDB0707EBFC33ABCBD9DEA7EBFE9
S31502025E9005A996BD6D4E7FBF691462BD189C7FBF70
S31502025EA02CC316BD97D37FBFB6C996BCE6F47FBF95
S31502025EB00000803F000000006D4E7F3F05A9963D1F
S31502025EC0AC3A7D3F8340163E9DC7793F135C603EE6
S31502025ED00BFA743F31A0943E9ED86E3F2A44B83ED6
S31502025EE0D86B673F80E8DA3E05BE5E3F275DFC3E21
S31502025EF031DB543FDA390E3F12D1493FD17F1D3F82
S31502025F00F9AE3D3F4AEB2B3FBB85303F4268393FF4
S31502025F109967223F03E4453F2A68133F3D4D513FAD
S31502025F203D9C033F1A945B3F7533E63E59AA643F92
S31502025F3015EFC33E5E836C3FE59AA03E4714733F5C
S31502025F40CCCF783EF853783FA2102F3E283B7C3FB7
S31502025F5036BDC83D6DC47E3FB00AC93C43EC7F3FA5
S31502025F6030FB48BD0FB17F3F73B2FABD24137E3FA9
S31502025F70C2C547BEBE147B3F938E88BE07BA763F22
S31502025F80D47CACBE0809713FCA7BCFBEA7096A3F61
S31502025F90EA5AF1BE98C5613F9BF508BF5348583F7E
S31502025FA0C07F18BF029F4D3F563627BF70D8413F6A
S31502025FB0F30435BFF304353F70D841BF5636273F47
S31502025FC0029F4DBFC07F183F534858BF9BF5083FFB
S31502025FD098C561BFEA5AF13EA7096ABFCA7BCF3E9C
S31502025FE0080971BFD47CAC3E07BA76BF938E883E4F
S31502025FF0BE147BBFC2C5473E24137EBF73B2FA3DAF
S315020260000FB17FBF30FB483D43EC7FBFB00AC9BC2C
S315020260106DC47EBF36BDC8BD283B7CBFA2102FBE53
S31502026020F85378BFCCCF78BE471473BFE59AA0BEA9
S315020260305E836CBF15EFC3BE59AA64BF7533E6BE53
S315020260401A945BBF3D9C03BF3D4D51BF2A6813BFE5
S3150202605003E445BF996722BF426839BFBB8530BF99
S315020260604AEB2BBFF9AE3DBFD17F1DBF12D149BF4D
S31502026070DA390EBF31DB54BF275DFCBE05BE5EBFF9
S3150202608080E8DABED86B67BF2A44B8BE9ED86EBF16
S3150202609031A094BE0BFA74BF135C60BE9DC779BF72
S315020260A0834016BEAC3A7DBF05A996BD6D4E7FBF33
S315020260B00000803F000000000BFA743F31A0943EBC
S315020260C031DB543FDA390E3F9967223F03E4453FFB
S315020260D015EFC33E5E836C3F36BDC83D6DC47E3F3F
S315020260E0C2C547BEBE147B3FEA5AF1BE98C5613F9E
S315020260F0F30435BFF304353F98C561BFEA5AF13E50
S31502026100BE147BBFC2C5473E6DC47EBF36BDC8BD87
S315020261105E836CBF15EFC3BE03E445BF996722BF18
S31502026120DA390EBF31DB54BF31A094BE0BFA74BF0B
S315020261300000803F0000000015EFC33E5E836C3F05
S31502026140F30435BFF304353F5E836CBF15EFC3BE5E
S315020261500000803F0000000011FB7F3F900E493C89
S3150202616043EC7F3FB00AC93C97D37F3F2CC3163D0F
S315020261700FB17F3F30FB483DAB847F3F742B7B3DA3
S315020261806D4E7F3F05A9963D580E7F3F80B6AF3DC5
S315020261906DC47E3F36BDC83DB0707E3F2EBCE13D2A
S315020261A024137E3F73B2FA3DCCAB7D3F86CF093EC6
S315020261B0AC3A7D3F8340163EC9BF7C3FB6AB223E18
S315020261C0283B7C3FA2102F3ECDAC7B3FCF6E3B3E9F
S315020261D0BE147B3FC2C5473E02737A3F0115543E47
S315020261E09DC7793F135C603E9812793F7F9A6C3E57
S315020261F0F853783FCCCF783EC58B773FC07D823E3F
S3150202620007BA763F938E883EC6DE753F229A8E3E47
S315020262100BFA743F31A0943EDD0B743F86A09A3E80
S315020262204714733FE59AA03E5213723F128FA63E5F
S315020262300809713FD47CAC3E73F56F3FEF63B23E01
S315020262409ED86E3F2A44B83E93B26D3F4A1DBE3E69
S315020262505E836C3F15EFC33E0C4B6B3F53B9C93E8F
S31502026260A7096A3FCA7BCF3E3CBF683F4136D53E4D
S31502026270D86B673F80E8DA3E880F663F4F92E03E70
S3150202628059AA643F7533E63E5A3C633FBBCBEB3EAB
S3150202629098C5613FEA5AF13E2146603FCBE0F63E9F
S315020262A005BE5E3F275DFC3E532D5D3FE4E7003FA0
S315020262B01A945B3F3D9C033F6AF2593F824B063F6B
S315020262C05348583F9BF5083FE595563F6B9A0B3F5D
S315020262D031DB543FDA390E3F4918533FCDD3103FD3
S315020262E03D4D513F2A68133F1F7A4F3FD9F6153F5C
S315020262F0029F4D3FC07F183FF8BB4B3FC6021B3F72
S3150202630012D1493FD17F1D3F65DE473FCBF61F3F84
S3150202631003E4453F9967223F00E2433F25D2243FE9
S3150202632070D8413F5636273F67C73F3F1594293FEC
S31502026330F9AE3D3F4AEB2B3F3B8F3B3FDE3B2E3FC7
S315020263404268393FBB85303F233A373FC9C8323F9D
S31502026350F304353FF304353FC9C8323F233A373F88
S31502026360BB85303F4268393FDE3B2E3F3B8F3B3F88
S315020263704AEB2B3FF9AE3D3F1594293F67C73F3F94
S315020263805636273F70D8413F25D2243F00E2433F8B
S315020263909967223F03E4453FCBF61F3F65DE473F3F
S315020263A0D17F1D3F12D1493FC6021B3FF8BB4B3F6D
S315020263B0C07F183F029F4D3FD9F6153F1F7A4F3FC6
S315020263C02A68133F3D4D513FCDD3103F4918533FE3
S315020263D0DA390E3F31DB543F6B9A0B3FE595563F56
S315020263E09BF5083F5348583F824B063F6AF2593F94
S315020263F03D9C033F1A945B3FE4E7003F532D5D3F0A
S31502026400275DFC3E05BE5E3FCBE0F63E2146603F7F
S31502026410EA5AF13E98C5613FBBCBEB3E5A3C633F1B
S315020264207533E63E59AA643F4F92E03E880F663FB5
S3150202643080E8DA3ED86B673F4136D53E3CBF683FBD
S31502026440CA7BCF3EA7096A3F53B9C93E0C4B6B3F83
S3150202645015EFC33E5E836C3F4A1DBE3E93B26D3F4D
S315020264602A44B83E9ED86E3FEF63B23E73F56F3F43
S31502026470D47CAC3E0809713F128FA63E5213723F7C
S31502026480E59AA03E4714733F86A09A3EDD0B743FFF
S3150202649031A0943E0BFA743F229A8E3EC6DE753FB7
S315020264A0938E883E07BA763FC07D823EC58B773F82
S315020264B0CCCF783EF853783F7F9A6C3E9812793F5A
S315020264C0135C603E9DC7793F0115543E02737A3FC3
S315020264D0C2C5473EBE147B3FCF6E3B3ECDAC7B3F31
S315020264E0A2102F3E283B7C3FB6AB223EC9BF7C3F61
S315020264F08340163EAC3A7D3F86CF093ECCAB7D3F0A
S3150202650073B2FA3D24137E3F2EBCE13DB0707E3F4C
S3150202651036BDC83D6DC47E3F80B6AF3D580E7F3F45
S3150202652005A9963D6D4E7F3F742B7B3DAB847F3F23
S3150202653030FB483D0FB17F3F2CC3163D97D37F3FB9
S31502026540B00AC93C43EC7F3F900E493C11FB7F3FA8
S31502026550D02F8D240000803F900E49BC11FB7F3F55
S31502026560B00AC9BC43EC7F3F2CC316BD97D37F3F0B
S3150202657030FB48BD0FB17F3F742B7BBDAB847F3F9F
S3150202658005A996BD6D4E7F3F80B6AFBD580E7F3FC1
S3150202659036BDC8BD6DC47E3F2EBCE1BDB0707E3F26
S315020265A073B2FABD24137E3F86CF09BECCAB7D3FC2
S315020265B0834016BEAC3A7D3FB6AB22BEC9BF7C3F14
S315020265C0A2102FBE283B7C3FCF6E3BBECDAC7B3F9B
S315020265D0C2C547BEBE147B3F011554BE02737A3F43
S315020265E0135C60BE9DC7793F7F9A6CBE9812793F53
S315020265F0CCCF78BEF853783FC07D82BEC58B773F3B
S31502026600938E88BE07BA763F229A8EBEC6DE753F43
S3150202661031A094BE0BFA743F86A09ABEDD0B743F7C
S31502026620E59AA0BE4714733F128FA6BE5213723F5B
S31502026630D47CACBE0809713FEF63B2BE73F56F3FFD
S315020266402A44B8BE9ED86E3F4A1DBEBE93B26D3F65
S3150202665015EFC3BE5E836C3F53B9C9BE0C4B6B3F8B
S31502026660CA7BCFBEA7096A3F4136D5BE3CBF683F49
S3150202667080E8DABED86B673F4F92E0BE880F663F6C
S315020266807533E6BE59AA643FBBCBEBBE5A3C633FA7
S31502026690EA5AF1BE98C5613FCBE0F6BE2146603F9B
S315020266A0275DFCBE05BE5E3FE4E700BF532D5D3F9C
S315020266B03D9C03BF1A945B3F824B06BF6AF2593F67
S315020266C09BF508BF5348583F6B9A0BBFE595563F59
S315020266D0DA390EBF31DB543FCDD310BF4918533FCF
S315020266E02A6813BF3D4D513FD9F615BF1F7A4F3F58
S315020266F0C07F18BF029F4D3FC6021BBFF8BB4B3F6E
S31502026700D17F1DBF12D1493FCBF61FBF65DE473F80
S31502026710996722BF03E4453F25D224BF00E2433FE5
S31502026720563627BF70D8413F159429BF67C73F3FE8
S315020267304AEB2BBFF9AE3D3FDE3B2EBF3B8F3B3FC3
S31502026740BB8530BF4268393FC9C832BF233A373F99
S31502026750F30435BFF304353F233A37BFC9C8323F84
S31502026760426839BFBB85303F3B8F3BBFDE3B2E3F84
S31502026770F9AE3DBF4AEB2B3F67C73FBF1594293F90
S3150202678070D841BF5636273F00E243BF25D2243F87
S3150202679003E445BF9967223F65DE47BFCBF61F3F3B
S315020267A012D149BFD17F1D3FF8BB4BBFC6021B3F69
S315020267B0029F4DBFC07F183F1F7A4FBFD9F6153FC2
S315020267C03D4D51BF2A68133F491853BFCDD3103FDF
S315020267D031DB54BFDA390E3FE59556BF6B9A0B3F52
S315020267E0534858BF9BF5083F6AF259BF824B063F90
S315020267F01A945BBF3D9C033F532D5DBFE4E7003F06
S3150202680005BE5EBF275DFC3E214660BFCBE0F63E7B
S3150202681098C561BFEA5AF13E5A3C63BFBBCBEB3E17
S3150202682059AA64BF7533E63E880F66BF4F92E03EB1
S31502026830D86B67BF80E8DA3E3CBF68BF4136D53EB9
S31502026840A7096ABFCA7BCF3E0C4B6BBF53B9C93E7F
S315020268505E836CBF15EFC33E93B26DBF4A1DBE3E49
S315020268609ED86EBF2A44B83E73F56FBFEF63B23E3F
S31502026870080971BFD47CAC3E521372BF128FA63E78
S31502026880471473BFE59AA03EDD0B74BF86A09A3EFB
S315020268900BFA74BF31A0943EC6DE75BF229A8E3EB3
S315020268A007BA76BF938E883EC58B77BFC07D823E7E
S315020268B0F85378BFCCCF783E981279BF7F9A6C3E56
S315020268C09DC779BF135C603E02737ABF0115543EBF
S315020268D0BE147BBFC2C5473ECDAC7BBFCF6E3B3E2D
S315020268E0283B7CBFA2102F3EC9BF7CBFB6AB223E5D
S315020268F0AC3A7DBF8340163ECCAB7DBF86CF093E06
S3150202690024137EBF73B2FA3DB0707EBF2EBCE13D48
S315020269106DC47EBF36BDC83D580E7FBF80B6AF3D41
S315020269206D4E7FBF05A9963DAB847FBF742B7B3D1F
S315020269300FB17FBF30FB483D97D37FBF2CC3163DB5
S3150202694043EC7FBFB00AC93C11FB7FBF900E493CA4
S315020269500000803F000000000FB17F3F30FB483D40
S315020269606DC47E3F36BDC83DAC3A7D3F8340163E7E
S31502026970BE147B3FC2C5473EF853783FCCCF783E22
S315020269800BFA743F31A0943E0809713FD47CAC3EA7
S315020269905E836C3F15EFC33ED86B673F80E8DA3EF3
S315020269A098C5613FEA5AF13E1A945B3F3D9C033F0A
S315020269B031DB543FDA390E3F029F4D3FC07F183F0B
S315020269C003E4453F9967223FF9AE3D3F4AEB2B3F2F
S315020269D0F304353FF304353F4AEB2B3FF9AE3D3F15
S315020269E09967223F03E4453FC07F183F029F4D3F0E
S315020269F0DA390E3F31DB543F3D9C033F1A945B3F2B
S31502026A00EA5AF13E98C5613F80E8DA3ED86B673FA3
S31502026A1015EFC33E5E836C3FD47CAC3E0809713FE0
S31502026A2031A0943E0BFA743FCCCF783EF853783FAE
S31502026A30C2C5473EBE147B3F8340163EAC3A7D3FFB
S31502026A4036BDC83D6DC47E3F30FB483D0FB17F3F28
S31502026A50D02F8D240000803F30FB48BD0FB17F3F0F
S31502026A6036BDC8BD6DC47E3F834016BEAC3A7D3F7D
S31502026A70C2C547BEBE147B3FCCCF78BEF853783F21
S31502026A8031A094BE0BFA743FD47CACBE0809713FA6
S31502026A9015EFC3BE5E836C3F80E8DABED86B673FF2
S31502026AA0EA5AF1BE98C5613F3D9C03BF1A945B3F09
S31502026AB0DA390EBF31DB543FC07F18BF029F4D3F0A
S31502026AC0996722BF03E4453F4AEB2BBFF9AE3D3F2E
S31502026AD0F30435BFF304353FF9AE3DBF4AEB2B3F14
S31502026AE003E445BF9967223F029F4DBFC07F183F0D
S31502026AF031DB54BFDA390E3F1A945BBF3D9C033F2A
S31502026B0098C561BFEA5AF13ED86B67BF80E8DA3EA2
S31502026B105E836CBF15EFC33E080971BFD47CAC3EDF
S31502026B200BFA74BF31A0943EF85378BFCCCF783EAD
S31502026B30BE147BBFC2C5473EAC3A7DBF8340163EFA
S31502026B406DC47EBF36BDC83D0FB17FBF30FB483D27
S31502026B500000803F00000000BE147B3FC2C5473ED4
S31502026B605E836C3F15EFC33E31DB543FDA390E3F8B
S31502026B70F304353FF304353FDA390E3F31DB543F36
S31502026B8015EFC33E5E836C3FC2C5473EBE147B3FD2
S31502026B90D02F8D240000803FC2C547BEBE147B3F64
S31502026BA015EFC3BE5E836C3FDA390EBF31DB543F4B
S31502026BB0F30435BFF304353F31DB54BFDA390E3FF6
S31502026BC05E836CBF15EFC33EBE147BBFC2C5473E92
S31502026BD00000803F00000000F304353FF304353F16
S31502026BE0D02F8D240000803FF30435BFF304353FD6
S31502026BF00000803F00000000C4FE7F3F880FC93BB1
S31502026C0011FB7F3F900E493CE6F47F3FB6C9963CA4
S31502026C1043EC7F3FB00AC93C29E17F3FBA49FB3CBC
S31502026C2097D37F3F2CC3163D8FC37F3F07E02F3D8D
S31502026C300FB17F3F30FB483D189C7F3F6914623D8E
S31502026C40AB847F3F742B7B3DC76A7F3F0A208A3D16
S31502026C506D4E7F3F05A9963D9D2F7F3F8C30A33D0A
S31502026C60580E7F3F80B6AF3D9DEA7E3FC33ABC3D9A
S31502026C706DC47E3F36BDC83DC99B7E3FB93DD53DFB
S31502026C80B0707E3F2EBCE13D23437E3F7638EE3D19
S31502026C9024137E3F73B2FA3DB1E07D3F0295033E75
S31502026CA0CCAB7D3F86CF093E74747D3FB708103E5A
S31502026CB0AC3A7D3F8340163E73FE7C3FDE761C3E37
S31502026CC0C9BF7C3FB6AB223EB07E7C3FFCDE283E8D
S31502026CD0283B7C3FA2102F3E31F57B3F9840353E42
S31502026CE0CDAC7B3FCF6E3B3EFC617B3F379B413E49
S31502026CF0BE147B3FC2C5473E16C57A3F60EE4D3E85
S31502026D0002737A3F0115543E841E7A3F97395A3EE0
S31502026D109DC7793F135C603E4E6E793F667C663E46
S31502026D209812793F7F9A6C3E7BB4783F51B6723E97
S31502026D30F853783FCCCF783E10F1773FE1E67E3EBC
S31502026D40C58B773FC07D823E1724773FCE86853E2E
S31502026D5007BA763F938E883E974D763F07958B3ECE
S31502026D60C6DE753F229A8E3E976D753FDD9D913E38
S31502026D700BFA743F31A0943E2284743F17A1973EC8
S31502026D80DD0B743F86A09A3E3F91733F789E9D3EED
S31502026D904714733FE59AA03EF894723FC595A33E07
S31502026DA05213723F128FA63E578F713FC486A93E77
S31502026DB00809713FD47CAC3E6680703F3A71AF3EA1
S31502026DC073F56F3FEF63B23E30686F3FEC54B53EE8
S31502026DD09ED86E3F2A44B83EBE466E3FA031BB3EA7
S31502026DE093B26D3F4A1DBE3E1D1C6D3F1E07C13E3C
S31502026DF05E836C3F15EFC33E58E86B3F29D5C63E0C
S31502026E000C4B6B3F53B9C93E7BAB6A3F8B9BCC3E65
S31502026E10A7096A3FCA7BCF3E9165693F095AD23EAC
S31502026E203CBF683F4136D53EA816683F6B10D83E36
S31502026E30D86B673F80E8DA3ECCBE663F79BEDD3E5E
S31502026E40880F663F4F92E03E0B5E653FFA63E33E72
S31502026E5059AA643F7533E63E73F4633FB700E93ECF
S31502026E605A3C633FBBCBEB3E1082623F7994EE3EC5
S31502026E7098C5613FEA5AF13EF206613F071FF43EA8
S31502026E802146603FCBE0F63E27835F3F2DA0F93EC7
S31502026E9005BE5E3F275DFC3EBEF65D3FB217FF3E74
S31502026EA0532D5D3FE4E7003FC7615C3FB142023FBB
S31502026EB01A945B3F3D9C033F50C45A3F84F4043FFD
S31502026EC06AF2593F824B063F6A1E593F36A1073F75
S31502026ED05348583F9BF5083F2670573FAD480A3F35
S31502026EE0E595563F6B9A0B3F93B9553FD0EA0C3F55
S31502026EF031DB543FDA390E3FC3FA533F84870F3FE1
S31502026F004918533FCDD3103FC633523FB01E123FEC
S31502026F103D4D513F2A68133FAF64503F39B0143F8B
S31502026F201F7A4F3FD9F6153F908D4E3F073C173FCA
S31502026F30029F4D3FC07F183F79AE4C3F00C2193FB8
S31502026F40F8BB4B3FC6021B3F7FC74A3F0C421C3F60
S31502026F5012D1493FD17F1D3FB3D8483F12BC1E3FD3
S31502026F6065DE473FCBF61F3F2AE2463FF92F213F16
S31502026F7003E4453F9967223FF5E3443FA99D233F38
S31502026F8000E2433F25D2243F29DE423F0A05263F3D
S31502026F9070D8413F5636273FDAD0403F0566283F32
S31502026FA067C73F3F1594293F1BBC3E3F82C02A3F1B
S31502026FB0F9AE3D3F4AEB2B3F03A03C3F69142D3FFE
S31502026FC03B8F3B3FDE3B2E3FA47C3A3FA5612F3FE0
S31502026FD04268393FBB85303F1652383F1DA8313FC2
S31502026FE0233A373FC9C8323F6C20363FBCE7333FAC
S31502026FF0F304353FF304353FBCE7333F6C20363F9B
S31502027000C9C8323F233A373F1DA8313F1652383F8D
S31502027010BB85303F4268393FA5612F3FA47C3A3F88
S31502027020DE3B2E3F3B8F3B3F69142D3F03A03C3F85
S315020270304AEB2B3FF9AE3D3F82C02A3F1BBC3E3F85
S315020270401594293F67C73F3F0566283FDAD0403F7E
S315020270505636273F70D8413F0A05263F29DE423F70
S3150202706025D2243F00E2433FA99D233FF5E3443F55
S315020270709967223F03E4453FF92F213F2AE2463F21
S31502027080CBF61F3F65DE473F12BC1E3FB3D8483FD1
S31502027090D17F1D3F12D1493F0C421C3F7FC74A3F57
S315020270A0C6021B3FF8BB4B3F00C2193F79AE4C3FAB
S315020270B0C07F183F029F4D3F073C173F908D4E3FC0
S315020270C0D9F6153F1F7A4F3F39B0143FAF64503F8E
S315020270D02A68133F3D4D513FB01E123FC633523FFF
S315020270E0CDD3103F4918533F84870F3FC3FA533F0C
S315020270F0DA390E3F31DB543FD0EA0C3F93B9553FA2
S315020271006B9A0B3FE595563FAD480A3F2670573FAD
S315020271109BF5083F5348583F36A1073F6A1E593F1F
S31502027120824B063F6AF2593F84F4043F50C45A3FE7
S315020271303D9C033F1A945B3FB142023FC7615C3FEB
S31502027140E4E7003F532D5D3FB217FF3EBEF65D3FB9
S31502027150275DFC3E05BE5E3F2DA0F93E27835F3FBB
S31502027160CBE0F63E2146603F071FF43EF206613F40
S31502027170EA5AF13E98C5613F7994EE3E1082623F29
S31502027180BBCBEB3E5A3C633FB700E93E73F4633F27
S315020271907533E63E59AA643FFA63E33E0B5E653FE8
S315020271A04F92E03E880F663F79BEDD3ECCBE663F19
S315020271B080E8DA3ED86B673F6B10D83EA816683F66
S315020271C04136D53E3CBF683F095AD23E9165693F78
S315020271D0CA7BCF3EA7096A3F8B9BCC3E7BAB6A3FFB
S315020271E053B9C93E0C4B6B3F29D5C63E58E86B3F95
S315020271F015EFC33E5E836C3F1E07C13E1D1C6D3FEB
S315020272004A1DBE3E93B26D3FA031BB3EBE466E3FA5
S315020272102A44B83E9ED86E3FEC54B53E30686F3F64
S31502027220EF63B23E73F56F3F3A71AF3E6680703FCF
S31502027230D47CAC3E0809713FC486A93E578F713F82
S31502027240128FA63E5213723FC595A33EF894723F21
S31502027250E59AA03E4714733F789E9D3E3F91733F47
S3150202726086A09A3EDD0B743F17A1973E2284743F95
S3150202727031A0943E0BFA743FDD9D913E976D753FA8
S31502027280229A8E3EC6DE753F07958B3E974D763F16
S31502027290938E883E07BA763FCE86853E1724773F7F
S315020272A0C07D823EC58B773FE1E67E3E10F1773F97
S315020272B0CCCF783EF853783F51B6723E7BB4783FD4
S315020272C07F9A6C3E9812793F667C663E4E6E793F95
S315020272D0135C603E9DC7793F97395A3E841E7A3FB8
S315020272E00115543E02737A3F60EE4D3E16C57A3F51
S315020272F0C2C5473EBE147B3F379B413EFC617B3F84
S31502027300CF6E3B3ECDAC7B3F9840353E31F57B3F5F
S31502027310A2102F3E283B7C3FFCDE283EB07E7C3FFD
S31502027320B6AB223EC9BF7C3FDE761C3E73FE7C3F75
S315020273308340163EAC3A7D3FB708103E74747D3FD9
S3150202734086CF093ECCAB7D3F0295033EB1E07D3F3F
S3150202735073B2FA3D24137E3F7638EE3D23437E3FD7
S315020273602EBCE13DB0707E3FB93DD53DC99B7E3F05
S3150202737036BDC83D6DC47E3FC33ABC3D9DEA7E3FE3
S3150202738080B6AF3D580E7F3F8C30A33D9D2F7F3F87
S3150202739005A9963D6D4E7F3F0A208A3DC76A7F3F09
S315020273A0742B7B3DAB847F3F6914623D189C7F3F01
S315020273B030FB483D0FB17F3F07E02F3D8FC37F3F32
S315020273C02CC3163D97D37F3FBA49FB3C29E17F3F47
S315020273D0B00AC93C43EC7F3FB6C9963CE6F47F3F0E
S315020273E0900E493C11FB7F3F880FC93BC4FE7F3F8B
S315020273F00000803F0000000043EC7F3FB00AC93C18
S315020274000FB17F3F30FB483D6D4E7F3F05A9963D4A
S315020274106DC47E3F36BDC83D24137E3F73B2FA3D2C
S31502027420AC3A7D3F8340163E283B7C3FA2102F3E5C
S31502027430BE147B3FC2C5473E9DC7793F135C603E81
S31502027440F853783FCCCF783E07BA763F938E883E82
S315020274500BFA743F31A0943E4714733FE59AA03E5D
S315020274600809713FD47CAC3E9ED86E3F2A44B83E90
S315020274705E836C3F15EFC33EA7096A3FCA7BCF3EC6
S31502027480D86B673F80E8DA3E59AA643F7533E63E17
S3150202749098C5613FEA5AF13E05BE5E3F275DFC3E54
S315020274A01A945B3F3D9C033F5348583F9BF5083F66
S315020274B031DB543FDA390E3F3D4D513F2A68133FC5
S315020274C0029F4D3FC07F183F12D1493FD17F1D3FD8
S315020274D003E4453F9967223F70D8413F5636273F1C
S315020274E0F9AE3D3F4AEB2B3F4268393FBB85303FFF
S315020274F0F304353FF304353FBB85303F4268393FDB
S315020275004AEB2B3FF9AE3D3F5636273F70D8413FF5
S315020275109967223F03E4453FD17F1D3F12D1493F7E
S31502027520C07F183F029F4D3F2A68133F3D4D513F90
S31502027530DA390E3F31DB543F9BF5083F5348583F39
S315020275403D9C033F1A945B3F275DFC3E05BE5E3FB0
S31502027550EA5AF13E98C5613F7533E63E59AA643F3F
S3150202756080E8DA3ED86B673FCA7BCF3EA7096A3FFD
S3150202757015EFC33E5E836C3F2A44B83E9ED86E3FE9
S31502027580D47CAC3E0809713FE59AA03E4714733F8C
S3150202759031A0943E0BFA743F938E883E07BA763F29
S315020275A0CCCF783EF853783F135C603E9DC7793F55
S315020275B0C2C5473EBE147B3FA2102F3E283B7C3FEC
S315020275C08340163EAC3A7D3F73B2FA3D24137E3FA8
S315020275D036BDC83D6DC47E3F05A9963D6D4E7F3FC1
S315020275E030FB483D0FB17F3FB00AC93C43EC7F3FB7
S315020275F00000803F000000006DC47E3F36BDC83DDC
S31502027600BE147B3FC2C5473E0BFA743F31A0943E7D
S315020276105E836C3F15EFC33E98C5613FEA5AF13E5F
S3150202762031DB543FDA390E3F03E4453F9967223F85
S31502027630F304353FF304353F9967223F03E4453F9E
S31502027640DA390E3F31DB543FEA5AF13E98C5613FC1
S3150202765015EFC33E5E836C3F31A0943E0BFA743F34
S31502027660C2C5473EBE147B3F36BDC83D6DC47E3F92
S315020276700000803F000000005E836C3F15EFC33EB0
S31502027680F304353FF304353F15EFC33E5E836C3F89
S31502027690000000000002000080020000A0020000BA
S315020276A0000000000000000000020000800200004C
S315020276B0A00200000000000000000000000200001C
S315020276C080020000A0020000000000000000803FCD
S315020276D0000000006D4E7F3F05A9963DAC3A7D3F04
S315020276E08340163E9DC7793F135C603E0BFA743F98
S315020276F031A0943E9ED86E3F2A44B83ED86B673F6D
S3150202770080E8DA3E05BE5E3F275DFC3E31DB543F32
S31502027710DA390E3F12D1493FD17F1D3FF9AE3D3FC5
S315020277204AEB2B3FBB85303F4268393F9967223F7E
S3150202773003E4453F2A68133F3D4D513F3D9C033FBB
S315020277401A945B3F7533E63E59AA643F15EFC33E70
S315020277505E836C3FE59AA03E4714733FCCCF783ED8
S31502027760F853783FA2102F3E283B7C3F36BDC83DD8
S315020277706DC47E3FB00AC93C43EC7F3F30FB48BD35
S315020277800FB17F3F73B2FABD24137E3FC2C547BE15
S31502027790BE147B3F938E88BE07BA763FD47CACBEBC
S315020277A00809713FCA7BCFBEA7096A3FEA5AF1BEF0
S315020277B098C5613F9BF508BF5348583FC07F18BF23
S315020277C0029F4D3F563627BF70D8413FF30435BF5D
S315020277D0F304353F70D841BF5636273F029F4DBF4D
S315020277E0C07F183F534858BF9BF5083F98C561BFF3
S315020277F0EA5AF13EA7096ABFCA7BCF3E080971BFA0
S31502027800D47CAC3E07BA76BF938E883EBE147BBF4B
S31502027810C2C5473E24137EBF73B2FA3D0FB17FBF84
S3150202782030FB483D43EC7FBFB00AC9BC6DC47EBF84
S3150202783036BDC8BD283B7CBFA2102FBEF85378BF07
S31502027840CCCF78BE471473BFE59AA0BE5E836CBFE7
S3150202785015EFC3BE59AA64BF7533E6BE1A945BBF5F
S315020278603D9C03BF3D4D51BF2A6813BF03E445BF8A
S31502027870996722BF426839BFBB8530BF4AEB2BBF2D
S31502027880F9AE3DBFD17F1DBF12D149BFDA390EBF54
S3150202789031DB54BF275DFCBE05BE5EBF80E8DABEA1
S315020278A0D86B67BF2A44B8BE9ED86EBF31A094BEBB
S315020278B00BFA74BF135C60BE9DC779BF834016BEC6
S315020278C0AC3A7DBF05A996BD6D4E7FBF0000803FD3
S315020278D0000000000BFA743F31A0943E31DB543FA4
S315020278E0DA390E3F9967223F03E4453F15EFC33E5D
S315020278F05E836C3F36BDC83D6DC47E3FC2C547BE80
S31502027900BE147B3FEA5AF1BE98C5613FF30435BF06
S31502027910F304353F98C561BFEA5AF13EBE147BBFF6
S31502027920C2C5473E6DC47EBF36BDC8BD5E836CBF4F
S3150202793015EFC3BE03E445BF996722BFDA390EBF0C
S3150202794031DB54BF31A094BE0BFA74BF0000803FF4
S315020279500000000015EFC33E5E836C3FF30435BFA1
S31502027960F304353F5E836CBF15EFC3BE0000803F52
S31502027970000000000FB17F3F30FB483D6DC47E3FE1
S3150202798036BDC83DAC3A7D3F8340163EBE147B3FB0
S31502027990C2C5473EF853783FCCCF783E0BFA743FC6
S315020279A031A0943E0809713FD47CAC3E5E836C3FA3
S315020279B015EFC33ED86B673F80E8DA3E98C5613F52
S315020279C0EA5AF13E1A945B3F3D9C033F31DB543F38
S315020279D0DA390E3F029F4D3FC07F183F03E4453F0F
S315020279E09967223FF9AE3D3F4AEB2B3FF304353FFF
S315020279F0F304353F4AEB2B3FF9AE3D3F9967223FEF
S31502027A0003E4453FC07F183F029F4D3FDA390E3FDE
S31502027A1031DB543F3D9C033F1A945B3FEA5AF13EE7
S31502027A2098C5613F80E8DA3ED86B673F15EFC33EE1
S31502027A305E836C3FD47CAC3E0809713F31A0943E12
S31502027A400BFA743FCCCF783EF853783FC2C5473E15
S31502027A50BE147B3F8340163EAC3A7D3F36BDC83DDF
S31502027A606DC47E3F30FB483D0FB17F3FD02F8D2440
S31502027A700000803F30FB48BD0FB17F3F36BDC8BD17
S31502027A806DC47E3F834016BEAC3A7D3FC2C547BE39
S31502027A90BE147B3FCCCF78BEF853783F31A094BE5A
S31502027AA00BFA743FD47CACBE0809713F15EFC3BE14
S31502027AB05E836C3F80E8DABED86B673FEA5AF1BE54
S31502027AC098C5613F3D9C03BF1A945B3FDA390EBFEC
S31502027AD031DB543FC07F18BF029F4D3F996722BFD9
S31502027AE003E4453F4AEB2BBFF9AE3D3FF30435BFF4
S31502027AF0F304353FF9AE3DBF4AEB2B3F03E445BFE4
S31502027B009967223F029F4DBFC07F183F31DB54BFA8
S31502027B10DA390E3F1A945BBF3D9C033F98C561BF9B
S31502027B20EA5AF13ED86B67BF80E8DA3E5E836CBFE3
S31502027B3015EFC33E080971BFD47CAC3E0BFA74BF83
S31502027B4031A0943EF85378BFCCCF783EBE147BBFA9
S31502027B50C2C5473EAC3A7DBF8340163E6DC47EBF68
S31502027B6036BDC83D0FB17FBF30FB483D0000803FA6
S31502027B7000000000BE147B3FC2C5473E5E836C3FD7
S31502027B8015EFC33E31DB543FDA390E3FF304353F7C
S31502027B90F304353FDA390E3F31DB543F15EFC33E6C
S31502027BA05E836C3FC2C5473EBE147B3FD02F8D24F7
S31502027BB00000803FC2C547BEBE147B3F15EFC3BE5F
S31502027BC05E836C3FDA390EBF31DB543FF30435BFB5
S31502027BD0F304353F31DB54BFDA390E3F5E836CBFA5
S31502027BE015EFC33EBE147BBFC2C5473E0000803FAF
S31502027BF000000000F304353FF304353FD02F8D24F5
S31502027C000000803FF30435BFF304353F0000803F96
S31502027C100000000043EC7F3FB00AC93C0FB17F3F30
S31502027C2030FB483D6D4E7F3F05A9963D6DC47E3FB2
S31502027C3036BDC83D24137E3F73B2FA3DAC3A7D3F50
S31502027C408340163E283B7C3FA2102F3EBE147B3F4A
S31502027C50C2C5473E9DC7793F135C603EF853783FE3
S31502027C60CCCF783E07BA763F938E883E0BFA743FA4
S31502027C7031A0943E4714733FE59AA03E0809713F2C
S31502027C80D47CAC3E9ED86E3F2A44B83E5E836C3F9D
S31502027C9015EFC33EA7096A3FCA7BCF3ED86B673F41
S31502027CA080E8DA3E59AA643F7533E63E98C5613FDB
S31502027CB0EA5AF13E05BE5E3F275DFC3E1A945B3FE1
S31502027CC03D9C033F5348583F9BF5083F31DB543FE7
S31502027CD0DA390E3F3D4D513F2A68133F029F4D3F0F
S31502027CE0C07F183F12D1493FD17F1D3F03E4453F72
S31502027CF09967223F70D8413F5636273FF9AE3D3F3C
S31502027D004AEB2B3F4268393FBB85303FF304353F8E
S31502027D10F304353FBB85303F4268393F4AEB2B3F7E
S31502027D20F9AE3D3F5636273F70D8413F9967223F0B
S31502027D3003E4453FD17F1D3F12D1493FC07F183F21
S31502027D40029F4D3F2A68133F3D4D513FDA390E3F9E
S31502027D5031DB543F9BF5083F5348583F3D9C033F56
S31502027D601A945B3F275DFC3E05BE5E3FEA5AF13E30
S31502027D7098C5613F7533E63E59AA643F80E8DA3E0A
S31502027D80D86B673FCA7BCF3EA7096A3F15EFC33E50
S31502027D905E836C3F2A44B83E9ED86E3FD47CAC3E8C
S31502027DA00809713FE59AA03E4714733F31A0943EFB
S31502027DB00BFA743F938E883E07BA763FCCCF783E53
S31502027DC0F853783F135C603E9DC7793FC2C5473E72
S31502027DD0BE147B3FA2102F3E283B7C3F8340163EB9
S31502027DE0AC3A7D3F73B2FA3D24137E3F36BDC83D9F
S31502027DF06DC47E3F05A9963D6D4E7F3F30FB483DE1
S31502027E000FB17F3FB00AC93C43EC7F3F0000803F7F
S31502027E10000000006DC47E3F36BDC83DBE147B3FE6
S31502027E20C2C5473E0BFA743F31A0943E5E836C3F55
S31502027E3015EFC33E98C5613FEA5AF13E31DB543F24
S31502027E40DA390E3F03E4453F9967223FF304353F91
S31502027E50F304353F9967223F03E4453FDA390E3F81
S31502027E6031DB543FEA5AF13E98C5613F15EFC33EF4
S31502027E705E836C3F31A0943E0BFA743FC2C5473E05
S31502027E80BE147B3F36BDC83D6DC47E3F0000803FB7
S31502027E90000000005E836C3F15EFC33EF304353FDC
S31502027EA0F304353F15EFC33E5E836C3F00000000CC
S31502027EB080000000A0000000000000000000000098
S31502027EC080000000A0000000000000000000000088
S31502027ED080000000A0000000000000000000803FB9
S31502027EE0000000000BFA743F31A0943E31DB543F8E
S31502027EF0DA390E3F9967223F03E4453F15EFC33E47
S31502027F005E836C3F36BDC83D6DC47E3FC2C547BE69
S31502027F10BE147B3FEA5AF1BE98C5613FF30435BFF0
S31502027F20F304353F98C561BFEA5AF13EBE147BBFE0
S31502027F30C2C5473E6DC47EBF36BDC8BD5E836CBF39
S31502027F4015EFC3BE03E445BF996722BFDA390EBFF6
S31502027F5031DB54BF31A094BE0BFA74BF0000803FDE
S31502027F600000000015EFC33E5E836C3FF30435BF8B
S31502027F70F304353F5E836CBF15EFC3BE0000803F3C
S31502027F8000000000BE147B3FC2C5473E5E836C3FC3
S31502027F9015EFC33E31DB543FDA390E3FF304353F68
S31502027FA0F304353FDA390E3F31DB543F15EFC33E58
S31502027FB05E836C3FC2C5473EBE147B3FD02F8D24E3
S31502027FC00000803FC2C547BEBE147B3F15EFC3BE4B
S31502027FD05E836C3FDA390EBF31DB543FF30435BFA1
S31502027FE0F304353F31DB54BFDA390E3F5E836CBF91
S31502027FF015EFC33EBE147BBFC2C5473E0000803F9B
S3150202800000000000F304353FF304353FD02F8D24E0
S315020280100000803FF30435BFF304353F0000803F82
S31502028020000000006DC47E3F36BDC83DBE147B3FD4
S31502028030C2C5473E0BFA743F31A0943E5E836C3F43
S3150202804015EFC33E98C5613FEA5AF13E31DB543F12
S31502028050DA390E3F03E4453F9967223FF304353F7F
S31502028060F304353F9967223F03E4453FDA390E3F6F
S3150202807031DB543FEA5AF13E98C5613F15EFC33EE2
S315020280805E836C3F31A0943E0BFA743FC2C5473EF3
S31502028090BE147B3F36BDC83D6DC47E3F0000803FA5
S315020280A0000000005E836C3F15EFC33EF304353FCA
S315020280B0F304353F15EFC33E5E836C3F00000000BA
S315020280C02000000000000000000000002000000066
S315020280D00000000000000000200000000000000076
S315020280E00000803F0000000015EFC33E5E836C3F36
S315020280F0F30435BFF304353F5E836CBF15EFC3BE8F
S315020281000000803F00000000F304353FF304353FD0
S31502028110D02F8D240000803FF30435BFF304353F90
S315020281200000803F000000005E836C3F15EFC33EF5
S31502028130F304353FF304353F15EFC33E5E836C3FCE
S315020281400000000000000000000000000000000025
S3150202815000000000000000000D30313233343536A3
S3150202816037383961626364656630313233343536A3
S3150202817037383941424344454600000008000000B0
S31502028180DD4F0002000000000800000000000000AF
S315020281900000000040000000095300020000000037
S315020281A04000000000000000000000000040000045
S315020281B099580002C1580002004000000000000067
S315020281C0C1580002040000008D5B0002DD5B000262
S315020281D00400000000000000DD5B00020200000055
S315020281E00000000000000000010000000000000084
S315020281F0000000000000000001000000A567000266
S315020282000100000000040000000000006466706CB9
S31502028210617965725F7461736B0072617370695F13
S315020282207461736B00000000000000000000F03F62
S31502028230748515D3B0D9EF3F0F89F96C58B5EF3F64
S31502028240515B12D00193EF3F7B517D3CB872EF3FF7
S31502028250AAB968318754EF3F3862756E7A38EF3FB2
S31502028260E1DE1FF59D1EEF3F15B7310AFE06EF3F0F
S31502028270CBA93A37A7F1EE3F2234124CA6DEEE3FE5
S315020282802D89616008CEEE3F272A36D5DABFEE3F48
S31502028290824F9D562BB4EE3F295448DD07ABEE3F83
S315020282A085553AB07EA4EE3FCD3B7F669EA0EE3F59
S315020282B0745FECE8759FEE3F8701EB7314A1EE3F04
S315020282C013CE4C9989A5EE3FDBA02A42E5ACEE3FDE
S315020282D0E5C5CDB037B7EE3F90F0A38291C4EE3F2B
S315020282E05D253EB203D5EE3FADD35A999FE8EE3FE6
S315020282F0475EFBF276FFEE3F9C5285DD9B19EF3F0E
S315020283006990EFDC2037EF3F87A4FBDC1858EF3F7A
S315020283105F9B7B33977CEF3FDA90A4A2AFA4EF3F39
S3150202832040456E5B76D0EF3F000000000000E84257
S315020283309423914BF86AAC3FF3C4FA50CEBFCE3FB8
S31502028340D6520CFF422EE63F0000000000003843E0
S31502028350FE822B65471547409423914BF86ABC3E31
S31502028360F3C4FA50CEBF2E3FD6520CFF422E963F90
S31502028370BEF3F879EC61F63FDEAA8C80F77BD5BFB5
S315020283803D88AF4AED71F53FDB6DC0A7F0BED2BFA5
S31502028390B010F0F03995F43F673A517FAE1ED0BF66
S315020283A08503B8B095C9F33FE92482A6D831CBBF7B
S315020283B0A564880C190DF33F5877C00A4F57C6BFFA
S315020283C0A08E0B7B225EF23F00819CC72BAAC1BF05
S315020283D03F341A4A4ABBF13F5E0E8CCE764EBABF84
S315020283E0BAE58AF05823F13FCC1C615A3C97B1BFD9
S315020283F0A70099413F95F03F1E0CE138F452A2BF05
S31502028400000000000000F03F000000000000000033
S31502028410AC479AFD8C60EE3F8459F25DAAA5AA3F4B
S31502028420A06A021FB3A4EC3FB42E36AA535EBC3F27
S31502028430E6FC6A573620EB3F08DB2077E526C53F86
S315020284402DAAA163D1C2E93F7047220D86C2CB3F54
S31502028450ED417803E686E83FE17EA0C88B05D13F6F
S31502028460624853F5DC67E73F09EEB6573004D43F5C
S31502028470EF39FAFE422EE63F3483B848A30ED0BF46
S315020284806A0BE00B5B57D53F23410AF2FEFFDFBFC1
S31502028490A2000000F9A2000083F9A2006E83F9A2EB
S315020284A04E6E83F9444E6E8315444E6E2915444E22
S315020284B0FC29154427FC29155727FC29D15727FCE5
S315020284C0F5D1572734F5D157DD34F5D1C0DD34F570
S315020284D0DBC0DD3462DBC0DD9562DBC0999562DB0F
S315020284E03C999562433C999590433C994190433C11
S315020284F0000000000000F03F000000000000F0BF94
S31502028500000000000000F0BF000000000000F03F83
S3150202851083C8C96D305F6441182D4454FB21F93F6B
S31502028520000000000000F03F1C620CFDFFFFDFBFEF
S31502028530198F06E15355A53F9D359AE887C056BF66
S31502028540C3F87B024393F93E03A695595455C5BF18
S31502028550C40B23057610813F24CF7437EB9429BFCF
S31502028560000000000000F03F000000000000F0BF23
S31502028570000000000000F0BF000000000000F03F13
S3150202858083C8C96D305F6441182D4454FB21F93FFB
S31502028590000000000000F0BF1C620CFDFFFFDF3F7F
S315020285A0198F06E15355A5BF9D359AE887C0563FF6
S315020285B0C3F87B024393F9BE03A695595455C5BF28
S315020285C0C40B23057610813F24CF7437EB9429BF5F
S315020285D0BEF3F879EC61F63F1930965BC6FEDEBF52
S315020285E03D88AF4AED71F53FA4FCD432680BDBBF7E
S315020285F0B010F0F03995F43F7BB71F0A8B41D7BF13
S315020286008503B8B095C9F33F7BCF6D1AE99DD3BFF7
S31502028610A564880C190DF33F31B6F2F39B1DD0BF48
S31502028620A08E0B7B225EF23FF07A3B1B1D7CC9BFFA
S315020286303F341A4A4ABBF13F9F3CAF93E3F9C2BFAA
S31502028640BAE58AF05823F13F5C8D78BFCB60B9BF99
S31502028650A70099413F95F03FCE5F47B69D6FAABFED
S31502028660000000000000F03F0000000000000000D1
S31502028670AC479AFD8C60EE3F3DF5249FCA38B33F64
S31502028680A06A021FB3A4EC3FBA913854A976C43F3A
S31502028690E6FC6A573620EB3FD2E4C44A0B84CE3F4D
S315020286A02DAAA163D1C2E93F1C65C6F04506D43F95
S315020286B0ED417803E686E83FF89F1B2C9C8ED83F55
S315020286C0624853F5DC67E73FCC7BB14EA4E0DC3F60
S315020286D00B6E49C91676D23F7AC675A06919D7BFFB
S315020286E0DDBAA76C0AC7DE3FC8F6BE484715E7BF22
S315020286F02BB82A654715F73F4275696C742077696C
S3150202870074682052656E6573617320416476616E88
S3150202871063656420466C657869626C6520536F6690
S315020287207477617265205061636B61676520766555
S315020287307273696F6E20362E342E3000362E342E28
S30D020287403000000000000406ED
S30902028748F8B500BFB7
S3090202874CF8B500BFB3
S30902028750FD0100021B
S30902028754D50100023F
S30D02028758C6E8FD7F01000000E4
S30902C9F040FFFFFFFFFF
S30902C9F044EFFFFFFF0B
S30902C9F0C0FFFFFFFD81
S30902C9F0C4FFFFFFFF7B
S30902C9F120000000001A
S30902C9F1240000000016
S7050200324581
